{"time":"2026-08-22T14:00:11.4100933+08:00","level":"WARN","msg":"默认主人账号已就绪","username":"admin","role":"master","id":0,"提示":"主人密码仅可通过 config.toml 的 [auth] 段修改"}
{"time":"2026-08-22T14:00:11.4110986+08:00","level":"INFO","msg":"定时任务调度器已启动","count":0}
{"time":"2026-08-22T14:00:11.4110986+08:00","level":"INFO","msg":"异步任务 Worker 已启动","size":4}
{"time":"2026-08-22T14:00:11.4126017+08:00","level":"WARN","msg":"MQTT 连接失败（降级运行，仅支持本地设备）","broker":"tcp://localhost:1883","error":"连接 MQTT broker 失败: dial tcp :1883: connectex: No connection could be made because the target machine actively refused it."}
{"time":"2026-08-22T14:00:11.4126017+08:00","level":"INFO","msg":"定时任务调度器已启动","count":0}
{"time":"2026-08-22T14:00:11.4126017+08:00","level":"INFO","msg":"IoT 服务已启动"}
{"time":"2026-08-22T14:00:11.4126017+08:00","level":"INFO","msg":"WebDAV 已挂载","prefix":"/dav"}
{"time":"2026-08-22T14:00:11.4126017+08:00","level":"INFO","msg":"HTTP 服务启动","addr":":8080"}
{"time":"2026-08-22T14:00:15.1240203+08:00","level":"INFO","msg":"HTTP 访问","method":"GET","path":"/api/system/status","status":200,"latency":"205.6361ms","ip":"::1","trace_id":"fe175812a824521c2085ae5e"}
{"time":"2026-08-22T14:00:19.3003064+08:00","level":"INFO","msg":"HTTP 访问","method":"GET","path":"/","status":304,"latency":"0s","ip":"::1","trace_id":"977153323824d9d3876e69a9"}
{"time":"2026-08-22T14:00:19.3252676+08:00","level":"INFO","msg":"HTTP 访问","method":"GET","path":"/api/auth/me","status":200,"latency":"0s","ip":"::1","trace_id":"c1af7bab6d95877b214f9a24"}
{"time":"2026-08-22T14:00:19.3390128+08:00","level":"INFO","msg":"HTTP 访问","method":"GET","path":"/api/admin/settings","status":200,"latency":"495.9µs","ip":"::1","trace_id":"3e4c5d935501c07f6c505c99"}
{"time":"2026-08-22T14:00:19.3395156+08:00","level":"INFO","msg":"HTTP 访问","method":"GET","path":"/favicon.ico","status":304,"latency":"0s","ip":"::1","trace_id":"9e46b8c7a5802181e81555b7"}
{"time":"2026-08-22T14:00:19.5463545+08:00","level":"INFO","msg":"HTTP 访问","method":"GET","path":"/api/system/status","status":200,"latency":"203.6397ms","ip":"::1","trace_id":"c05248df308ffd76c2cd546a"}
{"time":"2026-08-22T14:00:19.7509686+08:00","level":"INFO","msg":"HTTP 访问","method":"GET","path":"/api/system/status","status":200,"latency":"203.5085ms","ip":"::1","trace_id":"b553a37c9de411bd8d9bb378"}
{"time":"2026-08-22T14:00:20.6942208+08:00","level":"INFO","msg":"HTTP 访问","method":"GET","path":"/api/files","status":200,"latency":"0s","ip":"::1","trace_id":"9150e32f0aa7c6008ed8a512"}
{"time":"2026-08-22T14:00:20.6972389+08:00","level":"INFO","msg":"HTTP 访问","method":"GET","path":"/api/storage/stats","status":200,"latency":"0s","ip":"::1","trace_id":"a4633abeb003e54a1e8228e2"}
{"time":"2026-08-22T14:00:21.4638378+08:00","level":"INFO","msg":"HTTP 访问","method":"GET","path":"/api/system/status","status":200,"latency":"204.5751ms","ip":"::1","trace_id":"9a4bb75156590e8095136b4b"}
{"time":"2026-08-22T14:00:21.6687967+08:00","level":"INFO","msg":"HTTP 访问","method":"GET","path":"/api/system/status","status":200,"latency":"204.4029ms","ip":"::1","trace_id":"b338b8bda2db1fd3750ede0b"}
{"time":"2026-08-22T14:00:26.4642853+08:00","level":"INFO","msg":"HTTP 访问","method":"GET","path":"/api/system/status","status":200,"latency":"203.4886ms","ip":"::1","trace_id":"ac88c893101ae3e3e873b535"}
{"time":"2026-08-22T14:00:31.4769598+08:00","level":"INFO","msg":"HTTP 访问","method":"GET","path":"/api/system/status","status":200,"latency":"203.0394ms","ip":"::1","trace_id":"6a3a7a3aa09f50a0006f47f2"}
{"time":"2026-08-22T14:00:36.4672073+08:00","level":"INFO","msg":"HTTP 访问","method":"GET","path":"/api/system/status","status":200,"latency":"202.9586ms","ip":"::1","trace_id":"e287a9633081a3dc618bf35e"}
{"time":"2026-08-22T14:00:42.4272142+08:00","level":"INFO","msg":"HTTP 访问","method":"GET","path":"/api/system/status","status":200,"latency":"204.9354ms","ip":"::1","trace_id":"7820a9e1783278c3cc10d66c"}
{"time":"2026-08-22T14:00:47.4218754+08:00","level":"INFO","msg":"HTTP 访问","method":"GET","path":"/api/system/status","status":200,"latency":"206.0918ms","ip":"::1","trace_id":"df9cbdc6494690603e2bfa41"}
{"time":"2026-08-22T14:00:52.4253279+08:00","level":"INFO","msg":"HTTP 访问","method":"GET","path":"/api/system/status","status":200,"latency":"205.1241ms","ip":"::1","trace_id":"d63010f771ed47050ec1405a"}
{"time":"2026-08-22T14:00:57.422417+08:00","level":"INFO","msg":"HTTP 访问","method":"GET","path":"/api/system/status","status":200,"latency":"206.0958ms","ip":"::1","trace_id":"c23e02207ace17b79188b465"}
{"time":"2026-08-22T14:01:02.4215521+08:00","level":"INFO","msg":"HTTP 访问","method":"GET","path":"/api/system/status","status":200,"latency":"206.5403ms","ip":"::1","trace_id":"f202ed7d976d6550644c694c"}
{"time":"2026-08-22T14:01:07.4346464+08:00","level":"INFO","msg":"HTTP 访问","method":"GET","path":"/api/system/status","status":200,"latency":"204.5602ms","ip":"::1","trace_id":"6fff6f34b9c63ef10084ccdc"}
{"time":"2026-08-22T14:01:12.4277583+08:00","level":"INFO","msg":"HTTP 访问","method":"GET","path":"/api/system/status","status":200,"latency":"206.0607ms","ip":"::1","trace_id":"de060aa16c5cefd7cd6d6304"}
{"time":"2026-08-22T14:01:17.4252902+08:00","level":"INFO","msg":"HTTP 访问","method":"GET","path":"/api/system/status","status":200,"latency":"205.3443ms","ip":"::1","trace_id":"0c8673f9afa763e81001f1a6"}
{"time":"2026-08-22T14:01:22.4214506+08:00","level":"INFO","msg":"HTTP 访问","method":"GET","path":"/api/system/status","status":200,"latency":"205.74ms","ip":"::1","trace_id":"02a0abda4218b911d89f9dc9"}
{"time":"2026-08-22T14:01:22.6256762+08:00","level":"INFO","msg":"HTTP 访问","method":"GET","path":"/api/system/status","status":200,"latency":"203.6288ms","ip":"::1","trace_id":"1f6125d4bf5dd0e065b7e7c6"}
{"time":"2026-08-22T14:01:27.432479+08:00","level":"INFO","msg":"HTTP 访问","method":"GET","path":"/api/system/status","status":200,"latency":"207.4826ms","ip":"::1","trace_id":"ebc498f4c8377fdd7b2ca1fe"}
{"time":"2026-08-22T14:01:32.4310909+08:00","level":"INFO","msg":"HTTP 访问","method":"GET","path":"/api/system/status","status":200,"latency":"205.6897ms","ip":"::1","trace_id":"7e05bca9b808b910026aebf8"}
{"time":"2026-08-22T14:01:37.4402463+08:00","level":"INFO","msg":"HTTP 访问","method":"GET","path":"/api/system/status","status":200,"latency":"206.8644ms","ip":"::1","trace_id":"535b929b149cde2e15d31090"}
{"time":"2026-08-22T14:02:22.4479379+08:00","level":"INFO","msg":"HTTP 访问","method":"GET","path":"/api/system/status","status":200,"latency":"208.3346ms","ip":"::1","trace_id":"f3e953cc917862424ea030f6"}
{"time":"2026-08-22T14:02:24.4246493+08:00","level":"INFO","msg":"HTTP 访问","method":"GET","path":"/api/system/status","status":200,"latency":"205.4871ms","ip":"::1","trace_id":"a99d26543a36b03526ab692d"}
{"time":"2026-08-22T14:02:32.5492745+08:00","level":"INFO","msg":"HTTP 访问","method":"GET","path":"/api/system/status","status":200,"latency":"204.7708ms","ip":"::1","trace_id":"965bc047d0f9059c2717680c"}
{"time":"2026-08-22T14:02:33.4595835+08:00","level":"INFO","msg":"HTTP 访问","method":"GET","path":"/api/files","status":200,"latency":"0s","ip":"::1","trace_id":"605a3229ebb3a2c45481f4d8"}
{"time":"2026-08-22T14:02:33.4650118+08:00","level":"INFO","msg":"HTTP 访问","method":"GET","path":"/api/storage/stats","status":200,"latency":"0s","ip":"::1","trace_id":"e4638fea4a61ca4b571b1b6f"}
{"time":"2026-08-22T14:02:36.4659144+08:00","level":"INFO","msg":"HTTP 访问","method":"GET","path":"/api/system/status","status":200,"latency":"203.0067ms","ip":"::1","trace_id":"32f8ff46dc921891cc3a892d"}
{"time":"2026-08-22T14:02:41.4759204+08:00","level":"INFO","msg":"HTTP 访问","method":"GET","path":"/api/system/status","status":200,"latency":"205.6961ms","ip":"::1","trace_id":"b84264ee9b2cffba54a98237"}
{"time":"2026-08-22T14:02:46.4963681+08:00","level":"INFO","msg":"HTTP 访问","method":"GET","path":"/api/system/status","status":200,"latency":"232.9801ms","ip":"::1","trace_id":"4be13f83926642ac1c32f2a7"}
{"time":"2026-08-22T14:02:46.5641804+08:00","level":"INFO","msg":"HTTP 访问","method":"GET","path":"/api/files/trash","status":200,"latency":"0s","ip":"::1","trace_id":"035afcd526f3c15ef5c50f23"}
{"time":"2026-08-22T14:02:46.9429567+08:00","level":"INFO","msg":"HTTP 访问","method":"GET","path":"/api/admin/users","status":200,"latency":"0s","ip":"::1","trace_id":"8454c8054d016f788f31c6df"}
{"time":"2026-08-22T14:02:46.94363+08:00","level":"INFO","msg":"HTTP 访问","method":"GET","path":"/api/admin/settings","status":200,"latency":"0s","ip":"::1","trace_id":"bbf5be52b9d482e736ec30b6"}
{"time":"2026-08-22T14:02:46.94363+08:00","level":"INFO","msg":"HTTP 访问","method":"GET","path":"/api/plugins","status":200,"latency":"0s","ip":"::1","trace_id":"86d823bab33f19849dbf7bec"}
{"time":"2026-08-22T14:02:51.1069225+08:00","level":"INFO","msg":"HTTP 访问","method":"GET","path":"/api/files","status":200,"latency":"0s","ip":"::1","trace_id":"898ef76415d03bbf2be95a71"}
{"time":"2026-08-22T14:02:51.476102+08:00","level":"INFO","msg":"HTTP 访问","method":"GET","path":"/api/system/status","status":200,"latency":"204.8402ms","ip":"::1","trace_id":"b4c00ce06e371249942805bf"}
{"time":"2026-08-22T14:02:53.4973046+08:00","level":"INFO","msg":"HTTP 访问","method":"GET","path":"/api/files","status":200,"latency":"0s","ip":"::1","trace_id":"671fa8d24b46f2b2db22c26e"}
{"time":"2026-08-22T14:02:56.5020339+08:00","level":"INFO","msg":"HTTP 访问","method":"GET","path":"/api/system/status","status":200,"latency":"236.3712ms","ip":"::1","trace_id":"a8a56149ba7364224447134a"}
{"time":"2026-08-22T14:03:01.469706+08:00","level":"INFO","msg":"HTTP 访问","method":"GET","path":"/api/system/status","status":200,"latency":"206.049ms","ip":"::1","trace_id":"f3cdfff62a0fab64c6f42bc3"}
{"time":"2026-08-22T14:03:06.4940359+08:00","level":"INFO","msg":"HTTP 访问","method":"GET","path":"/api/system/status","status":200,"latency":"211.7614ms","ip":"::1","trace_id":"e8ab87f93ddab63a0542d3b1"}
{"time":"2026-08-22T14:03:11.4695593+08:00","level":"INFO","msg":"HTTP 访问","method":"GET","path":"/api/system/status","status":200,"latency":"205.9155ms","ip":"::1","trace_id":"c761fc2491dcab11513640bf"}
{"time":"2026-08-22T14:03:17.4338104+08:00","level":"INFO","msg":"HTTP 访问","method":"GET","path":"/api/system/status","status":200,"latency":"203.1376ms","ip":"::1","trace_id":"b3985e62d3f718e3b59f2084"}
{"time":"2026-08-22T14:03:22.4232937+08:00","level":"INFO","msg":"HTTP 访问","method":"GET","path":"/api/system/status","status":200,"latency":"205.6585ms","ip":"::1","trace_id":"13237bfb38ef2127a26ff7c0"}
{"time":"2026-08-22T14:03:22.6272495+08:00","level":"INFO","msg":"HTTP 访问","method":"GET","path":"/api/system/status","status":200,"latency":"203.4418ms","ip":"::1","trace_id":"7c51da45184652f545f9cc75"}
{"time":"2026-08-22T14:03:27.4323697+08:00","level":"INFO","msg":"HTTP 访问","method":"GET","path":"/api/system/status","status":200,"latency":"207.2087ms","ip":"::1","trace_id":"5b0f678a1bfb06f8e1cf65e7"}
{"time":"2026-08-22T14:03:31.466002+08:00","level":"INFO","msg":"HTTP 访问","method":"GET","path":"/api/system/status","status":200,"latency":"205.0754ms","ip":"::1","trace_id":"c452f009e245d68e7b9d520a"}
{"time":"2026-08-22T14:03:31.8524853+08:00","level":"INFO","msg":"HTTP 访问","method":"GET","path":"/api/system/status","status":200,"latency":"205.9234ms","ip":"::1","trace_id":"e07787680c03057d9534bd97"}
{"time":"2026-08-22T14:03:32.0496908+08:00","level":"INFO","msg":"HTTP 访问","method":"GET","path":"/api/files","status":200,"latency":"780.9µs","ip":"::1","trace_id":"c03461ebdd17dea39deff1fe"}
{"time":"2026-08-22T14:03:32.0535278+08:00","level":"INFO","msg":"HTTP 访问","method":"GET","path":"/api/storage/stats","status":200,"latency":"0s","ip":"::1","trace_id":"6bb985e8d524a6c09c7c99fa"}
{"time":"2026-08-22T14:03:32.0565374+08:00","level":"INFO","msg":"HTTP 访问","method":"GET","path":"/api/system/status","status":200,"latency":"203.497ms","ip":"::1","trace_id":"17fa479ca58f12d70f7dd62b"}
{"time":"2026-08-22T14:03:37.4314749+08:00","level":"INFO","msg":"HTTP 访问","method":"GET","path":"/api/system/status","status":200,"latency":"206.4312ms","ip":"::1","trace_id":"91b914cfbabeda272983e4a3"}
{"time":"2026-08-22T14:03:42.4214918+08:00","level":"INFO","msg":"HTTP 访问","method":"GET","path":"/api/system/status","status":200,"latency":"205.5058ms","ip":"::1","trace_id":"6f4778d95cac37674e65e31a"}
{"time":"2026-08-22T14:03:47.4434914+08:00","level":"INFO","msg":"HTTP 访问","method":"GET","path":"/api/system/status","status":200,"latency":"211.8951ms","ip":"::1","trace_id":"677cba586109c48fa5b210ad"}
{"time":"2026-08-22T14:03:52.4284327+08:00","level":"INFO","msg":"HTTP 访问","method":"GET","path":"/api/system/status","status":200,"latency":"204.9926ms","ip":"::1","trace_id":"8d3d910a098acf7979380c2b"}
{"time":"2026-08-22T14:03:57.4213089+08:00","level":"INFO","msg":"HTTP 访问","method":"GET","path":"/api/system/status","status":200,"latency":"205.0145ms","ip":"::1","trace_id":"5ee17fa4fee9b374fa9d0828"}
{"time":"2026-08-22T14:04:02.4237626+08:00","level":"INFO","msg":"HTTP 访问","method":"GET","path":"/api/system/status","status":200,"latency":"205.1446ms","ip":"::1","trace_id":"f3b820d842d41180477c0fc7"}
{"time":"2026-08-22T14:04:07.4270429+08:00","level":"INFO","msg":"HTTP 访问","method":"GET","path":"/api/system/status","status":200,"latency":"206.565ms","ip":"::1","trace_id":"743283d6ebdb035b541b135d"}
{"time":"2026-08-22T14:04:12.4338669+08:00","level":"INFO","msg":"HTTP 访问","method":"GET","path":"/api/system/status","status":200,"latency":"203.3889ms","ip":"::1","trace_id":"6a23bc935eb736ae2ab53291"}
{"time":"2026-08-22T14:04:17.5007672+08:00","level":"INFO","msg":"HTTP 访问","method":"GET","path":"/api/system/status","status":200,"latency":"205.9034ms","ip":"::1","trace_id":"23b781c2d2fea45699451313"}
{"time":"2026-08-22T14:04:22.4308106+08:00","level":"INFO","msg":"HTTP 访问","method":"GET","path":"/api/system/status","status":200,"latency":"206.6647ms","ip":"::1","trace_id":"27dfd4c2d54e11cb17350a49"}
{"time":"2026-08-22T14:04:27.4217451+08:00","level":"INFO","msg":"HTTP 访问","method":"GET","path":"/api/system/status","status":200,"latency":"205.8358ms","ip":"::1","trace_id":"0f3838ee3b0a65c1652f3959"}
{"time":"2026-08-22T14:04:32.4312913+08:00","level":"INFO","msg":"HTTP 访问","method":"GET","path":"/api/system/status","status":200,"latency":"204.8027ms","ip":"::1","trace_id":"13dcd7df4729a6d8c2bc1ea2"}
{"time":"2026-08-22T14:04:32.6352442+08:00","level":"INFO","msg":"HTTP 访问","method":"GET","path":"/api/system/status","status":200,"latency":"203.1818ms","ip":"::1","trace_id":"ec8dbd6a12513ecf196a7ba3"}
{"time":"2026-08-22T14:04:37.4244914+08:00","level":"INFO","msg":"HTTP 访问","method":"GET","path":"/api/system/status","status":200,"latency":"205.5805ms","ip":"::1","trace_id":"47f9924c63edb77037afa667"}
{"time":"2026-08-22T14:04:42.4346708+08:00","level":"INFO","msg":"HTTP 访问","method":"GET","path":"/api/system/status","status":200,"latency":"207.3933ms","ip":"::1","trace_id":"c568fa8b8294d49bedaa5684"}
{"time":"2026-08-22T14:04:47.4258633+08:00","level":"INFO","msg":"HTTP 访问","method":"GET","path":"/api/system/status","status":200,"latency":"205.7744ms","ip":"::1","trace_id":"dc9728229bccd6dc525c9767"}
{"time":"2026-08-22T14:04:52.4237015+08:00","level":"INFO","msg":"HTTP 访问","method":"GET","path":"/api/system/status","status":200,"latency":"205.2817ms","ip":"::1","trace_id":"543175b724cebf2cd795776b"}
{"time":"2026-08-22T14:04:57.4226956+08:00","level":"INFO","msg":"HTTP 访问","method":"GET","path":"/api/system/status","status":200,"latency":"206.0377ms","ip":"::1","trace_id":"a4ffaa2a10584267d6e70c21"}
{"time":"2026-08-22T14:05:02.4377588+08:00","level":"INFO","msg":"HTTP 访问","method":"GET","path":"/api/system/status","status":200,"latency":"208.1294ms","ip":"::1","trace_id":"8c6e2ef3e81ca28e09137002"}
{"time":"2026-08-22T14:05:07.4332764+08:00","level":"INFO","msg":"HTTP 访问","method":"GET","path":"/api/system/status","status":200,"latency":"205.3693ms","ip":"::1","trace_id":"e11933463fb4a0d5eef1b99e"}
{"time":"2026-08-22T14:05:12.4353576+08:00","level":"INFO","msg":"HTTP 访问","method":"GET","path":"/api/system/status","status":200,"latency":"205.8821ms","ip":"::1","trace_id":"59259ad6fa10a85c1450ee99"}
{"time":"2026-08-22T14:05:17.4264966+08:00","level":"INFO","msg":"HTTP 访问","method":"GET","path":"/api/system/status","status":200,"latency":"204.7998ms","ip":"::1","trace_id":"9a5eee6d44d776805dfad59e"}
{"time":"2026-08-22T14:05:22.4213166+08:00","level":"INFO","msg":"HTTP 访问","method":"GET","path":"/api/system/status","status":200,"latency":"205.1126ms","ip":"::1","trace_id":"be1e2d9543e9c7755666aa03"}
{"time":"2026-08-22T14:05:27.4807703+08:00","level":"INFO","msg":"HTTP 访问","method":"GET","path":"/api/system/status","status":200,"latency":"263.5007ms","ip":"::1","trace_id":"be7551ab3ca56acf721fa854"}
{"time":"2026-08-22T14:05:32.4274051+08:00","level":"INFO","msg":"HTTP 访问","method":"GET","path":"/api/system/status","status":200,"latency":"206.8082ms","ip":"::1","trace_id":"a958469c1352d209b7d95e59"}
{"time":"2026-08-22T14:05:32.6328786+08:00","level":"INFO","msg":"HTTP 访问","method":"GET","path":"/api/system/status","status":200,"latency":"204.5931ms","ip":"::1","trace_id":"ff10a799d0b111ee9732dba0"}
{"time":"2026-08-22T14:05:37.4295252+08:00","level":"INFO","msg":"HTTP 访问","method":"GET","path":"/api/system/status","status":200,"latency":"205.3887ms","ip":"::1","trace_id":"c88fec25079e4ff2bbe53d00"}
{"time":"2026-08-22T14:05:42.4251188+08:00","level":"INFO","msg":"HTTP 访问","method":"GET","path":"/api/system/status","status":200,"latency":"205.7413ms","ip":"::1","trace_id":"bab91c21ea3ac3da6f8cccd3"}
{"time":"2026-08-22T14:06:22.0279171+08:00","level":"INFO","msg":"HTTP 访问","method":"GET","path":"/api/system/status","status":200,"latency":"205.8292ms","ip":"::1","trace_id":"66caa2305b6b7e2285ede67d"}
{"time":"2026-08-22T14:06:27.4235576+08:00","level":"INFO","msg":"HTTP 访问","method":"GET","path":"/api/system/status","status":200,"latency":"205.9668ms","ip":"::1","trace_id":"ec1bc9bc6a62204ff72cefd2"}
{"time":"2026-08-22T14:06:32.327085+08:00","level":"INFO","msg":"HTTP 访问","method":"GET","path":"/api/system/status","status":200,"latency":"204.6572ms","ip":"::1","trace_id":"261c2266da236d5d27d87e9f"}
{"time":"2026-08-22T14:06:32.5322247+08:00","level":"INFO","msg":"HTTP 访问","method":"GET","path":"/api/system/status","status":200,"latency":"203.8545ms","ip":"::1","trace_id":"9df3885b87acabdb765bff18"}
{"time":"2026-08-22T14:06:36.8538501+08:00","level":"INFO","msg":"HTTP 访问","method":"GET","path":"/api/system/status","status":200,"latency":"203.1223ms","ip":"::1","trace_id":"c9116fe1d9948494a5fc2664"}
{"time":"2026-08-22T14:06:41.8547425+08:00","level":"INFO","msg":"HTTP 访问","method":"GET","path":"/api/system/status","status":200,"latency":"207.1634ms","ip":"::1","trace_id":"f8a927e15abd3c14cccd3f79"}
{"time":"2026-08-22T14:06:43.7073484+08:00","level":"INFO","msg":"HTTP 访问","method":"GET","path":"/api/system/status","status":200,"latency":"206.6616ms","ip":"::1","trace_id":"3ee6f238ffb63096286922c3"}
{"time":"2026-08-22T14:06:43.9161149+08:00","level":"INFO","msg":"HTTP 访问","method":"GET","path":"/api/system/status","status":200,"latency":"207.3258ms","ip":"::1","trace_id":"cb76a54ea0319e0d03128fe7"}
{"time":"2026-08-22T14:06:43.9473582+08:00","level":"INFO","msg":"HTTP 访问","method":"GET","path":"/api/files","status":200,"latency":"0s","ip":"::1","trace_id":"8c502bc2ba75bb75606cf893"}
{"time":"2026-08-22T14:06:43.9515242+08:00","level":"INFO","msg":"HTTP 访问","method":"GET","path":"/api/storage/stats","status":200,"latency":"0s","ip":"::1","trace_id":"56b002b7ca474fd7018bd87b"}
{"time":"2026-08-22T14:06:45.0143553+08:00","level":"INFO","msg":"HTTP 访问","method":"GET","path":"/api/system/status","status":200,"latency":"205.833ms","ip":"::1","trace_id":"a4e2bd37b705ab4221ecd0c8"}
{"time":"2026-08-22T14:06:45.2241687+08:00","level":"INFO","msg":"HTTP 访问","method":"GET","path":"/api/system/status","status":200,"latency":"207.6107ms","ip":"::1","trace_id":"95133258ecb3708fd05f6fa4"}
{"time":"2026-08-22T14:06:45.939489+08:00","level":"INFO","msg":"HTTP 访问","method":"GET","path":"/api/files","status":200,"latency":"0s","ip":"::1","trace_id":"fc4189538ff59d5a1f6a34eb"}
{"time":"2026-08-22T14:06:45.9429961+08:00","level":"INFO","msg":"HTTP 访问","method":"GET","path":"/api/storage/stats","status":200,"latency":"0s","ip":"::1","trace_id":"7dbdb2f4e84171f20ae8f931"}
{"time":"2026-08-22T14:06:50.0350692+08:00","level":"INFO","msg":"HTTP 访问","method":"GET","path":"/api/system/status","status":200,"latency":"210.881ms","ip":"::1","trace_id":"c90ffaaf0f35fd6b06e5fe29"}
{"time":"2026-08-22T14:06:55.4203163+08:00","level":"INFO","msg":"HTTP 访问","method":"GET","path":"/api/system/status","status":200,"latency":"205.9071ms","ip":"::1","trace_id":"dbafa94406284e8fff2c1438"}
{"time":"2026-08-22T14:07:00.4237465+08:00","level":"INFO","msg":"HTTP 访问","method":"GET","path":"/api/system/status","status":200,"latency":"204.4714ms","ip":"::1","trace_id":"c0656ad36b7858bc650d5c11"}
{"time":"2026-08-22T14:07:05.4256547+08:00","level":"INFO","msg":"HTTP 访问","method":"GET","path":"/api/system/status","status":200,"latency":"205.647ms","ip":"::1","trace_id":"e85c2235ca14d8b575151baf"}
{"time":"2026-08-22T14:07:10.4224664+08:00","level":"INFO","msg":"HTTP 访问","method":"GET","path":"/api/system/status","status":200,"latency":"206.0143ms","ip":"::1","trace_id":"a515c42867081bcf097a3d0b"}
{"time":"2026-08-22T14:07:15.4621235+08:00","level":"INFO","msg":"HTTP 访问","method":"GET","path":"/api/system/status","status":200,"latency":"237.9674ms","ip":"::1","trace_id":"7d64477493f4f35e1be82b30"}
{"time":"2026-08-22T14:07:20.4207825+08:00","level":"INFO","msg":"HTTP 访问","method":"GET","path":"/api/system/status","status":200,"latency":"205.0197ms","ip":"::1","trace_id":"c1ea0f05144a375431f871e2"}
{"time":"2026-08-22T14:07:25.4255021+08:00","level":"INFO","msg":"HTTP 访问","method":"GET","path":"/api/system/status","status":200,"latency":"206.3037ms","ip":"::1","trace_id":"1837e5f32477da5d4864e89b"}
{"time":"2026-08-22T14:07:30.4401981+08:00","level":"INFO","msg":"HTTP 访问","method":"GET","path":"/api/system/status","status":200,"latency":"207.2988ms","ip":"::1","trace_id":"704fe0413885346f36b4be9e"}
{"time":"2026-08-22T14:07:35.4290644+08:00","level":"INFO","msg":"HTTP 访问","method":"GET","path":"/api/system/status","status":200,"latency":"205.4241ms","ip":"::1","trace_id":"552c273eae93087106d4aafa"}
{"time":"2026-08-22T14:07:40.4258059+08:00","level":"INFO","msg":"HTTP 访问","method":"GET","path":"/api/system/status","status":200,"latency":"204.8363ms","ip":"::1","trace_id":"a357187955dd7bf7dc46ca4f"}
{"time":"2026-08-22T14:07:45.4302418+08:00","level":"INFO","msg":"HTTP 访问","method":"GET","path":"/api/system/status","status":200,"latency":"206.2139ms","ip":"::1","trace_id":"f5c41d3656c6615569244539"}
{"time":"2026-08-22T14:07:45.6362523+08:00","level":"INFO","msg":"HTTP 访问","method":"GET","path":"/api/system/status","status":200,"latency":"204.9107ms","ip":"::1","trace_id":"584f90e67880e85916d9533f"}
{"time":"2026-08-22T14:07:46.5324107+08:00","level":"INFO","msg":"HTTP 访问","method":"GET","path":"/api/admin/users","status":200,"latency":"0s","ip":"::1","trace_id":"cdd613a31f10523dad68273d"}
{"time":"2026-08-22T14:07:46.5324107+08:00","level":"INFO","msg":"HTTP 访问","method":"GET","path":"/api/admin/settings","status":200,"latency":"0s","ip":"::1","trace_id":"1576f10ae57bfd3a034839c2"}
{"time":"2026-08-22T14:07:46.5324107+08:00","level":"INFO","msg":"HTTP 访问","method":"GET","path":"/api/plugins","status":200,"latency":"0s","ip":"::1","trace_id":"73dbdb7d6ae4f67097670bc8"}
{"time":"2026-08-22T14:07:50.0182046+08:00","level":"INFO","msg":"HTTP 访问","method":"GET","path":"/api/system/status","status":200,"latency":"204.3155ms","ip":"::1","trace_id":"1d2bbc299817c14092a91095"}
{"time":"2026-08-22T14:07:55.0119921+08:00","level":"INFO","msg":"HTTP 访问","method":"GET","path":"/api/system/status","status":200,"latency":"203.1821ms","ip":"::1","trace_id":"d714996ba8e38496787bcb85"}
{"time":"2026-08-22T14:08:00.0118219+08:00","level":"INFO","msg":"HTTP 访问","method":"GET","path":"/api/system/status","status":200,"latency":"203.2595ms","ip":"::1","trace_id":"3f980e612ca5c094285a31b1"}
{"time":"2026-08-22T14:08:01.5863093+08:00","level":"INFO","msg":"HTTP 访问","method":"POST","path":"/api/admin/users","status":200,"latency":"30.8955ms","ip":"::1","trace_id":"4bc2f48f57aefa8cfe14cdca"}
{"time":"2026-08-22T14:08:01.5893418+08:00","level":"INFO","msg":"HTTP 访问","method":"GET","path":"/api/admin/users","status":200,"latency":"0s","ip":"::1","trace_id":"324773c3346826a61890db98"}
{"time":"2026-08-22T14:08:05.014636+08:00","level":"INFO","msg":"HTTP 访问","method":"GET","path":"/api/system/status","status":200,"latency":"203.1764ms","ip":"::1","trace_id":"86a783372953bd02703312e4"}
{"time":"2026-08-22T14:08:10.4224331+08:00","level":"INFO","msg":"HTTP 访问","method":"GET","path":"/api/system/status","status":200,"latency":"203.499ms","ip":"::1","trace_id":"bcbff283f176c8c049c9822e"}
{"time":"2026-08-22T14:08:15.0232789+08:00","level":"INFO","msg":"HTTP 访问","method":"GET","path":"/api/system/status","status":200,"latency":"206.9681ms","ip":"::1","trace_id":"85a9ab6f572f0ad30b66f391"}
{"time":"2026-08-22T14:08:20.4286249+08:00","level":"INFO","msg":"HTTP 访问","method":"GET","path":"/api/system/status","status":200,"latency":"202.8287ms","ip":"::1","trace_id":"e4fb3ee3f9cd0b47a62a7b62"}
{"time":"2026-08-22T14:08:25.4203472+08:00","level":"INFO","msg":"HTTP 访问","method":"GET","path":"/api/system/status","status":200,"latency":"202.5606ms","ip":"::1","trace_id":"b90deb0514ac283eb8314665"}
{"time":"2026-08-22T14:08:30.426787+08:00","level":"INFO","msg":"HTTP 访问","method":"GET","path":"/api/system/status","status":200,"latency":"202.8305ms","ip":"::1","trace_id":"31c6ccc63b5c4394588b38a1"}
{"time":"2026-08-22T14:08:35.4223521+08:00","level":"INFO","msg":"HTTP 访问","method":"GET","path":"/api/system/status","status":200,"latency":"203.1215ms","ip":"::1","trace_id":"91cb786ae4068d8bb89422db"}
{"time":"2026-08-22T14:08:40.4258997+08:00","level":"INFO","msg":"HTTP 访问","method":"GET","path":"/api/system/status","status":200,"latency":"204.5548ms","ip":"::1","trace_id":"de4b3495b501a8613c7f07bf"}
{"time":"2026-08-22T14:08:45.4323409+08:00","level":"INFO","msg":"HTTP 访问","method":"GET","path":"/api/system/status","status":200,"latency":"203.2822ms","ip":"::1","trace_id":"8508ca5ac1845ec570940666"}
{"time":"2026-08-22T14:08:45.6364658+08:00","level":"INFO","msg":"HTTP 访问","method":"GET","path":"/api/system/status","status":200,"latency":"203.6224ms","ip":"::1","trace_id":"b3e47569e334cf7cb4ed8c75"}
{"time":"2026-08-22T14:08:50.4322519+08:00","level":"INFO","msg":"HTTP 访问","method":"GET","path":"/api/system/status","status":200,"latency":"203.0024ms","ip":"::1","trace_id":"bcdf47fac0b17d6a8434b135"}
{"time":"2026-08-22T14:08:55.4208342+08:00","level":"INFO","msg":"HTTP 访问","method":"GET","path":"/api/system/status","status":200,"latency":"203.1744ms","ip":"::1","trace_id":"dd37d6792f8971484985b7a8"}
{"time":"2026-08-22T14:09:00.4205055+08:00","level":"INFO","msg":"HTTP 访问","method":"GET","path":"/api/system/status","status":200,"latency":"203.0809ms","ip":"::1","trace_id":"0cbaf5d449359c2c5bef580f"}
{"time":"2026-08-22T14:09:05.012371+08:00","level":"INFO","msg":"HTTP 访问","method":"GET","path":"/api/system/status","status":200,"latency":"203.6951ms","ip":"::1","trace_id":"71639ee72551b31891e714ac"}
{"time":"2026-08-22T14:09:06.5665881+08:00","level":"INFO","msg":"HTTP 访问","method":"GET","path":"/api/admin/users","status":200,"latency":"0s","ip":"::1","trace_id":"d4043373fcd1c56424485628"}
{"time":"2026-08-22T14:09:10.0198095+08:00","level":"INFO","msg":"HTTP 访问","method":"GET","path":"/api/system/status","status":200,"latency":"203.1435ms","ip":"::1","trace_id":"5cf57ac90921a65806b47199"}
{"time":"2026-08-22T14:09:15.0117264+08:00","level":"INFO","msg":"HTTP 访问","method":"GET","path":"/api/system/status","status":200,"latency":"203.6237ms","ip":"::1","trace_id":"2b1e0f415dfc17e0948fd5e8"}
{"time":"2026-08-22T14:09:15.25841+08:00","level":"INFO","msg":"HTTP 访问","method":"GET","path":"/api/admin/users","status":200,"latency":"0s","ip":"::1","trace_id":"753b53b71dd1f9f7b96d7d60"}
{"time":"2026-08-22T14:09:20.0126804+08:00","level":"INFO","msg":"HTTP 访问","method":"GET","path":"/api/system/status","status":200,"latency":"204.0226ms","ip":"::1","trace_id":"5ed22ca6831e806406483344"}
{"time":"2026-08-22T14:09:25.0115301+08:00","level":"INFO","msg":"HTTP 访问","method":"GET","path":"/api/system/status","status":200,"latency":"203.0675ms","ip":"::1","trace_id":"31eff75dbd3879384adb7e7e"}
{"time":"2026-08-22T14:09:30.0183134+08:00","level":"INFO","msg":"HTTP 访问","method":"GET","path":"/api/system/status","status":200,"latency":"203.3399ms","ip":"::1","trace_id":"2657327bf84c9c15bcbf5726"}
{"time":"2026-08-22T14:09:35.0130752+08:00","level":"INFO","msg":"HTTP 访问","method":"GET","path":"/api/system/status","status":200,"latency":"203.5894ms","ip":"::1","trace_id":"06011cf34ad093e2843a5e2c"}
{"time":"2026-08-22T14:09:40.4313694+08:00","level":"INFO","msg":"HTTP 访问","method":"GET","path":"/api/system/status","status":200,"latency":"203.2283ms","ip":"::1","trace_id":"da4ac1b00d8130dc5743bc72"}
{"time":"2026-08-22T14:09:45.4280186+08:00","level":"INFO","msg":"HTTP 访问","method":"GET","path":"/api/system/status","status":200,"latency":"203.8731ms","ip":"::1","trace_id":"28a1b93e33449d196f424e0f"}
{"time":"2026-08-22T14:09:45.6320376+08:00","level":"INFO","msg":"HTTP 访问","method":"GET","path":"/api/system/status","status":200,"latency":"203.4704ms","ip":"::1","trace_id":"fe33932b19dc7ea994bb7898"}
{"time":"2026-08-22T14:09:50.4202947+08:00","level":"INFO","msg":"HTTP 访问","method":"GET","path":"/api/system/status","status":200,"latency":"202.9033ms","ip":"::1","trace_id":"e052b74815c72704643f0cad"}
{"time":"2026-08-22T14:09:55.4221416+08:00","level":"INFO","msg":"HTTP 访问","method":"GET","path":"/api/system/status","status":200,"latency":"203.1657ms","ip":"::1","trace_id":"bec0336f0c959f958bc8cfcf"}
{"time":"2026-08-22T14:10:00.4375211+08:00","level":"INFO","msg":"HTTP 访问","method":"GET","path":"/api/system/status","status":200,"latency":"204.213ms","ip":"::1","trace_id":"8a9b477500f1fbfbdd87c93e"}
{"time":"2026-08-22T14:10:05.4208541+08:00","level":"INFO","msg":"HTTP 访问","method":"GET","path":"/api/system/status","status":200,"latency":"202.806ms","ip":"::1","trace_id":"9c1896d69d122d17bebdd5f4"}
{"time":"2026-08-22T14:10:10.4280297+08:00","level":"INFO","msg":"HTTP 访问","method":"GET","path":"/api/system/status","status":200,"latency":"203.4201ms","ip":"::1","trace_id":"561b803a19e1e6c6e6adfb69"}
{"time":"2026-08-22T14:10:15.4250873+08:00","level":"INFO","msg":"HTTP 访问","method":"GET","path":"/api/system/status","status":200,"latency":"203.5775ms","ip":"::1","trace_id":"ba07b4306a9c172d04038666"}
{"time":"2026-08-22T14:10:20.427555+08:00","level":"INFO","msg":"HTTP 访问","method":"GET","path":"/api/system/status","status":200,"latency":"203.5994ms","ip":"::1","trace_id":"bbb9b665d50b7e542b97a19b"}
{"time":"2026-08-22T14:10:25.4313412+08:00","level":"INFO","msg":"HTTP 访问","method":"GET","path":"/api/system/status","status":200,"latency":"204.3802ms","ip":"::1","trace_id":"10c0b6b1d799dd5cb928c9a6"}
{"time":"2026-08-22T14:10:30.4311203+08:00","level":"INFO","msg":"HTTP 访问","method":"GET","path":"/api/system/status","status":200,"latency":"203.0853ms","ip":"::1","trace_id":"cb9168a6f49a3a9674fcad2f"}
{"time":"2026-08-22T14:10:35.4257041+08:00","level":"INFO","msg":"HTTP 访问","method":"GET","path":"/api/system/status","status":200,"latency":"202.9441ms","ip":"::1","trace_id":"c5143aa7176c6b9ff923b4d3"}
{"time":"2026-08-22T14:10:40.0201861+08:00","level":"INFO","msg":"HTTP 访问","method":"GET","path":"/api/system/status","status":200,"latency":"203.6106ms","ip":"::1","trace_id":"c75b51c651ce57d3165febbf"}
{"time":"2026-08-22T14:10:40.9612464+08:00","level":"INFO","msg":"HTTP 访问","method":"PUT","path":"/api/admin/users/1/permissions","status":200,"latency":"503.5µs","ip":"::1","trace_id":"96e2d3923b012beb2dd9ffaf"}
{"time":"2026-08-22T14:10:40.9632546+08:00","level":"INFO","msg":"HTTP 访问","method":"GET","path":"/api/admin/users","status":200,"latency":"0s","ip":"::1","trace_id":"4bbffe2fe8a27432bdf89bd1"}
{"time":"2026-08-22T14:10:43.5404476+08:00","level":"INFO","msg":"HTTP 访问","method":"GET","path":"/api/admin/users","status":200,"latency":"0s","ip":"::1","trace_id":"ace0315682a724275de9a487"}
{"time":"2026-08-22T14:10:45.0156408+08:00","level":"INFO","msg":"HTTP 访问","method":"GET","path":"/api/system/status","status":200,"latency":"203.058ms","ip":"::1","trace_id":"979b02c9ada0d66433b056fc"}
{"time":"2026-08-22T14:10:45.0539527+08:00","level":"INFO","msg":"HTTP 访问","method":"PUT","path":"/api/admin/users/1/permissions","status":200,"latency":"503.9µs","ip":"::1","trace_id":"3753672e5e519bb4a2131403"}
{"time":"2026-08-22T14:10:45.0549741+08:00","level":"INFO","msg":"HTTP 访问","method":"GET","path":"/api/admin/users","status":200,"latency":"0s","ip":"::1","trace_id":"b92ace1199074b7e69181dc8"}
{"time":"2026-08-22T14:10:45.2199551+08:00","level":"INFO","msg":"HTTP 访问","method":"GET","path":"/api/system/status","status":200,"latency":"203.7438ms","ip":"::1","trace_id":"60ef4da07cf524216f4d24f1"}
{"time":"2026-08-22T14:10:47.0240665+08:00","level":"INFO","msg":"HTTP 访问","method":"GET","path":"/api/admin/users","status":200,"latency":"0s","ip":"::1","trace_id":"94b6a864e3f485661a3efb4e"}
{"time":"2026-08-22T14:10:50.0126664+08:00","level":"INFO","msg":"HTTP 访问","method":"GET","path":"/api/system/status","status":200,"latency":"203.575ms","ip":"::1","trace_id":"c21954fc2afce7832cf7f52e"}
{"time":"2026-08-22T14:10:55.0147957+08:00","level":"INFO","msg":"HTTP 访问","method":"GET","path":"/api/system/status","status":200,"latency":"202.9779ms","ip":"::1","trace_id":"d9ab134b83906b8a9ca08a52"}
{"time":"2026-08-22T14:11:00.4229245+08:00","level":"INFO","msg":"HTTP 访问","method":"GET","path":"/api/system/status","status":200,"latency":"203.8979ms","ip":"::1","trace_id":"6f3e3cbe7a78552df0d75bf7"}
{"time":"2026-08-22T14:11:05.4322123+08:00","level":"INFO","msg":"HTTP 访问","method":"GET","path":"/api/system/status","status":200,"latency":"202.9288ms","ip":"::1","trace_id":"061784c638f0986debd29bd2"}
{"time":"2026-08-22T14:11:10.427345+08:00","level":"INFO","msg":"HTTP 访问","method":"GET","path":"/api/system/status","status":200,"latency":"205.8624ms","ip":"::1","trace_id":"13c71481a73508521cad0c9d"}
{"time":"2026-08-22T14:11:15.4278379+08:00","level":"INFO","msg":"HTTP 访问","method":"GET","path":"/api/system/status","status":200,"latency":"205.1858ms","ip":"::1","trace_id":"376f07f6d61223ce5aac4be3"}
{"time":"2026-08-22T14:11:20.4218778+08:00","level":"INFO","msg":"HTTP 访问","method":"GET","path":"/api/system/status","status":200,"latency":"203.7648ms","ip":"::1","trace_id":"7f537fa8cc3d6bc8d3fef806"}
{"time":"2026-08-22T14:11:25.4278991+08:00","level":"INFO","msg":"HTTP 访问","method":"GET","path":"/api/system/status","status":200,"latency":"203.6978ms","ip":"::1","trace_id":"b1c1ecdd70c97e56212879ae"}
{"time":"2026-08-22T14:11:30.4231086+08:00","level":"INFO","msg":"HTTP 访问","method":"GET","path":"/api/system/status","status":200,"latency":"202.742ms","ip":"::1","trace_id":"03a9e304f96c26da63f0f542"}
{"time":"2026-08-22T14:11:35.4313067+08:00","level":"INFO","msg":"HTTP 访问","method":"GET","path":"/api/system/status","status":200,"latency":"202.9066ms","ip":"::1","trace_id":"6c5d10a9089d94ea80775dc1"}
{"time":"2026-08-22T14:11:40.4346651+08:00","level":"INFO","msg":"HTTP 访问","method":"GET","path":"/api/system/status","status":200,"latency":"203.6216ms","ip":"::1","trace_id":"728f6377b80879da633f55b0"}
{"time":"2026-08-22T14:11:45.4265312+08:00","level":"INFO","msg":"HTTP 访问","method":"GET","path":"/api/system/status","status":200,"latency":"203.4919ms","ip":"::1","trace_id":"8c836c6a5a030a029fd1d9c5"}
{"time":"2026-08-22T14:11:45.6594854+08:00","level":"INFO","msg":"HTTP 访问","method":"GET","path":"/api/system/status","status":200,"latency":"203.7558ms","ip":"::1","trace_id":"c3993d3a6cb420b8c0be9e2d"}
{"time":"2026-08-22T14:11:50.4248761+08:00","level":"INFO","msg":"HTTP 访问","method":"GET","path":"/api/system/status","status":200,"latency":"202.8137ms","ip":"::1","trace_id":"2b3dd951dcdb34984cdd4496"}
{"time":"2026-08-22T14:11:55.4240845+08:00","level":"INFO","msg":"HTTP 访问","method":"GET","path":"/api/system/status","status":200,"latency":"203.0369ms","ip":"::1","trace_id":"7251a2c8807aa08c835c9557"}
{"time":"2026-08-22T14:12:19.3703981+08:00","level":"INFO","msg":"HTTP 访问","method":"GET","path":"/api/system/status","status":200,"latency":"203.465ms","ip":"::1","trace_id":"0c1e9cd0c04e62853ccfc81d"}
{"time":"2026-08-22T14:12:20.0113339+08:00","level":"INFO","msg":"HTTP 访问","method":"GET","path":"/api/system/status","status":200,"latency":"203.2763ms","ip":"::1","trace_id":"7cf4746f31ceae457bf9aeb6"}
{"time":"2026-08-22T14:12:25.4267367+08:00","level":"INFO","msg":"HTTP 访问","method":"GET","path":"/api/system/status","status":200,"latency":"204.7811ms","ip":"::1","trace_id":"37b44a53a4b2dc715ee1715b"}
{"time":"2026-08-22T14:12:30.4259253+08:00","level":"INFO","msg":"HTTP 访问","method":"GET","path":"/api/system/status","status":200,"latency":"202.8769ms","ip":"::1","trace_id":"b06f38fbd2efcea5d625f2e8"}
{"time":"2026-08-22T14:12:35.4189316+08:00","level":"INFO","msg":"HTTP 访问","method":"GET","path":"/api/system/status","status":200,"latency":"204.1088ms","ip":"::1","trace_id":"6990ff9139dac722a10e6f24"}
{"time":"2026-08-22T14:12:40.4199005+08:00","level":"INFO","msg":"HTTP 访问","method":"GET","path":"/api/system/status","status":200,"latency":"204.2484ms","ip":"::1","trace_id":"e3f99157f43db9efa76e3510"}
{"time":"2026-08-22T14:12:45.4334108+08:00","level":"INFO","msg":"HTTP 访问","method":"GET","path":"/api/system/status","status":200,"latency":"202.7615ms","ip":"::1","trace_id":"cc87cf84154afe679e487190"}
{"time":"2026-08-22T14:12:45.6381643+08:00","level":"INFO","msg":"HTTP 访问","method":"GET","path":"/api/system/status","status":200,"latency":"203.66ms","ip":"::1","trace_id":"d4f606d1265e406e13a7845c"}
{"time":"2026-08-22T14:12:50.4196446+08:00","level":"INFO","msg":"HTTP 访问","method":"GET","path":"/api/system/status","status":200,"latency":"202.807ms","ip":"::1","trace_id":"369fa92d42fc782333a0b847"}
{"time":"2026-08-22T14:12:55.4190986+08:00","level":"INFO","msg":"HTTP 访问","method":"GET","path":"/api/system/status","status":200,"latency":"203.3046ms","ip":"::1","trace_id":"be4263b3699bf0498f639dff"}
{"time":"2026-08-22T14:13:00.4225235+08:00","level":"INFO","msg":"HTTP 访问","method":"GET","path":"/api/system/status","status":200,"latency":"203.0386ms","ip":"::1","trace_id":"553b277c2ab8df211a8fda58"}
{"time":"2026-08-22T14:13:05.4285999+08:00","level":"INFO","msg":"HTTP 访问","method":"GET","path":"/api/system/status","status":200,"latency":"203.0582ms","ip":"::1","trace_id":"86df57a36dca9f18ee8ad8ba"}
{"time":"2026-08-22T14:13:10.4287318+08:00","level":"INFO","msg":"HTTP 访问","method":"GET","path":"/api/system/status","status":200,"latency":"202.8594ms","ip":"::1","trace_id":"44e3a6b3140812d115b1cd58"}
{"time":"2026-08-22T14:13:15.4210583+08:00","level":"INFO","msg":"HTTP 访问","method":"GET","path":"/api/system/status","status":200,"latency":"205.2389ms","ip":"::1","trace_id":"13d1e65977c8cfffda66d246"}
{"time":"2026-08-22T14:13:20.4722682+08:00","level":"INFO","msg":"HTTP 访问","method":"GET","path":"/api/system/status","status":200,"latency":"250.995ms","ip":"::1","trace_id":"bae855cf6c8832904e23049f"}
{"time":"2026-08-22T14:14:21.4587597+08:00","level":"INFO","msg":"HTTP 访问","method":"GET","path":"/api/system/status","status":200,"latency":"209.947ms","ip":"::1","trace_id":"f593e60754ce1f22a7f5a194"}
{"time":"2026-08-22T14:14:21.6638777+08:00","level":"INFO","msg":"HTTP 访问","method":"GET","path":"/api/system/status","status":200,"latency":"204.441ms","ip":"::1","trace_id":"d932af3533265e3209c8eff9"}
{"time":"2026-08-22T14:15:22.443935+08:00","level":"INFO","msg":"HTTP 访问","method":"GET","path":"/api/system/status","status":200,"latency":"207.8823ms","ip":"::1","trace_id":"0d38798844951604c0e8e23b"}
{"time":"2026-08-22T14:15:22.6478217+08:00","level":"INFO","msg":"HTTP 访问","method":"GET","path":"/api/system/status","status":200,"latency":"203.1504ms","ip":"::1","trace_id":"8756348e38adf87410c27c8f"}
{"time":"2026-08-22T14:16:23.4342973+08:00","level":"INFO","msg":"HTTP 访问","method":"GET","path":"/api/system/status","status":200,"latency":"209.4268ms","ip":"::1","trace_id":"03c7336714943b3e7c90896b"}
{"time":"2026-08-22T14:16:23.6381405+08:00","level":"INFO","msg":"HTTP 访问","method":"GET","path":"/api/system/status","status":200,"latency":"203.292ms","ip":"::1","trace_id":"27667fca878be916a9a66830"}
{"time":"2026-08-22T14:21:07.9542536+08:00","level":"INFO","msg":"HTTP 访问","method":"GET","path":"/api/system/status","status":200,"latency":"206.7303ms","ip":"::1","trace_id":"690c5b8c166ad9f6115d49f3"}
{"time":"2026-08-22T14:21:08.1622468+08:00","level":"INFO","msg":"HTTP 访问","method":"GET","path":"/api/system/status","status":200,"latency":"206.4773ms","ip":"::1","trace_id":"e9e1c4068c3232ba86ed352c"}
{"time":"2026-08-22T14:21:10.0159887+08:00","level":"INFO","msg":"HTTP 访问","method":"GET","path":"/api/system/status","status":200,"latency":"206.929ms","ip":"::1","trace_id":"7b432a5c4db84600f75c5593"}
{"time":"2026-08-22T14:21:11.5708457+08:00","level":"INFO","msg":"HTTP 访问","method":"GET","path":"/api/system/status","status":200,"latency":"206.4821ms","ip":"::1","trace_id":"5cbe71cef2b152983648a94e"}
{"time":"2026-08-22T14:21:11.7784274+08:00","level":"INFO","msg":"HTTP 访问","method":"GET","path":"/api/system/status","status":200,"latency":"206.2364ms","ip":"::1","trace_id":"57a4d141b3837ebb5a2e571d"}
{"time":"2026-08-22T14:21:12.8647731+08:00","level":"INFO","msg":"HTTP 访问","method":"GET","path":"/api/files","status":200,"latency":"0s","ip":"::1","trace_id":"44f9e6c014b9bb48a59905f6"}
{"time":"2026-08-22T14:21:12.8727125+08:00","level":"INFO","msg":"HTTP 访问","method":"GET","path":"/api/storage/stats","status":200,"latency":"0s","ip":"::1","trace_id":"41238e8d643ca3043fee798b"}
{"time":"2026-08-22T14:21:16.5731928+08:00","level":"INFO","msg":"HTTP 访问","method":"GET","path":"/api/system/status","status":200,"latency":"205.4479ms","ip":"::1","trace_id":"64b1ee5237c3c9a043efa82a"}
{"time":"2026-08-22T14:21:21.5720265+08:00","level":"INFO","msg":"HTTP 访问","method":"GET","path":"/api/system/status","status":200,"latency":"207.9313ms","ip":"::1","trace_id":"4e204500bd3965813f277e29"}
{"time":"2026-08-22T14:21:26.5801019+08:00","level":"INFO","msg":"HTTP 访问","method":"GET","path":"/api/system/status","status":200,"latency":"205.4235ms","ip":"::1","trace_id":"198d6d6df5da4eb213b69bd3"}
{"time":"2026-08-22T14:21:29.6527378+08:00","level":"INFO","msg":"HTTP 访问","method":"GET","path":"/api/files/trash","status":200,"latency":"0s","ip":"::1","trace_id":"756e1788f271babaee92079f"}
{"time":"2026-08-22T14:21:30.3577634+08:00","level":"INFO","msg":"HTTP 访问","method":"GET","path":"/api/admin/users","status":200,"latency":"0s","ip":"::1","trace_id":"c6efc861ea8ee22aa80ebca6"}
{"time":"2026-08-22T14:21:30.3577634+08:00","level":"INFO","msg":"HTTP 访问","method":"GET","path":"/api/admin/settings","status":200,"latency":"0s","ip":"::1","trace_id":"6b2520249ee8f82b0e20f7c3"}
{"time":"2026-08-22T14:21:30.3589518+08:00","level":"INFO","msg":"HTTP 访问","method":"GET","path":"/api/plugins","status":200,"latency":"0s","ip":"::1","trace_id":"93eed73eb110f09ca072cb51"}
{"time":"2026-08-22T14:21:30.9205998+08:00","level":"INFO","msg":"HTTP 访问","method":"GET","path":"/api/files/trash","status":200,"latency":"0s","ip":"::1","trace_id":"dbcda94aaab21b05be2f0836"}
{"time":"2026-08-22T14:21:31.5766039+08:00","level":"INFO","msg":"HTTP 访问","method":"GET","path":"/api/system/status","status":200,"latency":"208.9964ms","ip":"::1","trace_id":"46244cc5b00c133efec72dc5"}
{"time":"2026-08-22T14:21:31.7458734+08:00","level":"INFO","msg":"HTTP 访问","method":"GET","path":"/api/files","status":200,"latency":"0s","ip":"::1","trace_id":"01ad9c0a67f09f0fd7f5408c"}
{"time":"2026-08-22T14:21:31.751646+08:00","level":"INFO","msg":"HTTP 访问","method":"GET","path":"/api/storage/stats","status":200,"latency":"0s","ip":"::1","trace_id":"5f95d6ea0fbc9512fdb2516b"}
{"time":"2026-08-22T14:21:37.4359261+08:00","level":"INFO","msg":"HTTP 访问","method":"GET","path":"/api/system/status","status":200,"latency":"211.4165ms","ip":"::1","trace_id":"4ea0a9669a9788d87556734c"}
{"time":"2026-08-22T14:21:42.433792+08:00","level":"INFO","msg":"HTTP 访问","method":"GET","path":"/api/system/status","status":200,"latency":"202.8838ms","ip":"::1","trace_id":"5b4c6018822073678d8a3385"}
{"time":"2026-08-22T14:21:47.4258525+08:00","level":"INFO","msg":"HTTP 访问","method":"GET","path":"/api/system/status","status":200,"latency":"203.0453ms","ip":"::1","trace_id":"3ed5c25aa2a28aecf9795ffd"}
{"time":"2026-08-22T14:21:52.4217963+08:00","level":"INFO","msg":"HTTP 访问","method":"GET","path":"/api/system/status","status":200,"latency":"202.9832ms","ip":"::1","trace_id":"c2f7b8d99b967095795259d5"}
{"time":"2026-08-22T14:21:57.4247713+08:00","level":"INFO","msg":"HTTP 访问","method":"GET","path":"/api/system/status","status":200,"latency":"203.0176ms","ip":"::1","trace_id":"d3ea61a11ffebd60fdd97941"}
{"time":"2026-08-22T14:22:02.4217348+08:00","level":"INFO","msg":"HTTP 访问","method":"GET","path":"/api/system/status","status":200,"latency":"202.9321ms","ip":"::1","trace_id":"1d151eae9d27fadc484a878d"}
{"time":"2026-08-22T14:22:07.1148467+08:00","level":"INFO","msg":"收到退出信号，开始优雅关闭"}
{"time":"2026-08-22T14:22:07.1148467+08:00","level":"INFO","msg":"定时任务调度器已停止"}
{"time":"2026-08-22T14:22:07.1148467+08:00","level":"INFO","msg":"定时任务调度器已停止"}
{"time":"2026-08-22T14:22:07.1153501+08:00","level":"INFO","msg":"WebSocket Hub 已关闭"}
{"time":"2026-08-22T20:45:28.0326641+08:00","level":"WARN","msg":"默认主人账号已就绪","username":"admin","role":"master","id":0,"提示":"主人密码仅可通过 config.toml 的 [auth] 段修改"}
{"time":"2026-08-22T20:45:28.0336683+08:00","level":"INFO","msg":"定时任务调度器已启动","count":0}
{"time":"2026-08-22T20:45:28.0336683+08:00","level":"INFO","msg":"异步任务 Worker 已启动","size":4}
{"time":"2026-08-22T20:45:28.034713+08:00","level":"WARN","msg":"MQTT 连接失败（降级运行，仅支持本地设备）","broker":"tcp://localhost:1883","error":"连接 MQTT broker 失败: dial tcp :1883: connectex: No connection could be made because the target machine actively refused it."}
{"time":"2026-08-22T20:45:28.034713+08:00","level":"INFO","msg":"定时任务调度器已启动","count":0}
{"time":"2026-08-22T20:45:28.034713+08:00","level":"INFO","msg":"IoT 服务已启动"}
{"time":"2026-08-22T20:45:28.034713+08:00","level":"INFO","msg":"WebDAV 已挂载","prefix":"/dav"}
{"time":"2026-08-22T20:45:28.0357127+08:00","level":"INFO","msg":"HTTP 服务启动","addr":":8080"}
{"time":"2026-08-22T20:45:32.1532258+08:00","level":"INFO","msg":"HTTP 访问","method":"POST","path":"/api/auth/login","status":200,"latency":"23.1058ms","ip":"::1","trace_id":"af8051b04d37c7d680b44223"}
{"time":"2026-08-22T20:45:32.1844429+08:00","level":"INFO","msg":"HTTP 访问","method":"GET","path":"/api/files","status":200,"latency":"0s","ip":"::1","trace_id":"dcc64b73d548973d345d6e79"}
{"time":"2026-08-22T20:45:32.2509421+08:00","level":"INFO","msg":"HTTP 访问","method":"GET","path":"/api/admin/settings","status":200,"latency":"0s","ip":"::1","trace_id":"1e1ebad4ba385e9a3770a8b1"}
{"time":"2026-08-22T20:49:52.1381108+08:00","level":"WARN","msg":"默认主人账号已就绪","username":"admin","role":"master","id":0,"提示":"主人密码仅可通过 config.toml 的 [auth] 段修改"}
{"time":"2026-08-22T20:49:52.1391111+08:00","level":"INFO","msg":"定时任务调度器已启动","count":0}
{"time":"2026-08-22T20:49:52.1391111+08:00","level":"INFO","msg":"异步任务 Worker 已启动","size":4}
{"time":"2026-08-22T20:49:52.1396146+08:00","level":"WARN","msg":"MQTT 连接失败（降级运行，仅支持本地设备）","broker":"tcp://localhost:1883","error":"连接 MQTT broker 失败: dial tcp :1883: connectex: No connection could be made because the target machine actively refused it."}
{"time":"2026-08-22T20:49:52.1396146+08:00","level":"INFO","msg":"定时任务调度器已启动","count":0}
{"time":"2026-08-22T20:49:52.1396146+08:00","level":"INFO","msg":"IoT 服务已启动"}
{"time":"2026-08-22T20:49:52.1396146+08:00","level":"INFO","msg":"WebDAV 已挂载","prefix":"/dav"}
{"time":"2026-08-22T20:49:52.1396146+08:00","level":"INFO","msg":"HTTP 服务启动","addr":":8080"}
{"time":"2026-08-22T20:49:59.3856903+08:00","level":"INFO","msg":"HTTP 访问","method":"GET","path":"/api/system/status","status":200,"latency":"205.2762ms","ip":"::1","trace_id":"e4a27253019a27420c537fe9"}
{"time":"2026-08-22T20:49:59.5899342+08:00","level":"INFO","msg":"HTTP 访问","method":"GET","path":"/api/system/status","status":200,"latency":"203.1569ms","ip":"::1","trace_id":"4177d091b49d0474800dc3dd"}
{"time":"2026-08-22T20:49:59.9814111+08:00","level":"INFO","msg":"HTTP 访问","method":"GET","path":"/","status":200,"latency":"42.2011ms","ip":"::1","trace_id":"0f1e614ef4fe9d7481291d72"}
{"time":"2026-08-22T20:50:00.0173208+08:00","level":"INFO","msg":"HTTP 访问","method":"GET","path":"/api/auth/me","status":200,"latency":"0s","ip":"::1","trace_id":"ff2e0d7f407042545ab54ec4"}
{"time":"2026-08-22T20:50:00.0434767+08:00","level":"INFO","msg":"HTTP 访问","method":"GET","path":"/api/admin/settings","status":200,"latency":"0s","ip":"::1","trace_id":"6c62ae14d050e3658fe34444"}
{"time":"2026-08-22T20:50:00.0455023+08:00","level":"INFO","msg":"HTTP 访问","method":"GET","path":"/favicon.ico","status":200,"latency":"2.0256ms","ip":"::1","trace_id":"e6d3896fd97f3c6182aeeaf9"}
{"time":"2026-08-22T20:50:00.3207218+08:00","level":"INFO","msg":"HTTP 访问","method":"GET","path":"/api/system/status","status":200,"latency":"202.9264ms","ip":"::1","trace_id":"048faeb8ba1614f91f5d8cdb"}
{"time":"2026-08-22T20:50:00.5250518+08:00","level":"INFO","msg":"HTTP 访问","method":"GET","path":"/api/system/status","status":200,"latency":"203.7783ms","ip":"::1","trace_id":"be86f6f1f7c681e3a79b8b62"}
{"time":"2026-08-22T20:50:02.3199941+08:00","level":"INFO","msg":"HTTP 访问","method":"GET","path":"/api/files","status":200,"latency":"0s","ip":"::1","trace_id":"4c251bda381789f6b38afb86"}
{"time":"2026-08-22T20:50:02.3238548+08:00","level":"INFO","msg":"HTTP 访问","method":"GET","path":"/api/storage/stats","status":200,"latency":"0s","ip":"::1","trace_id":"caeb22fdaaa4be02f55a7e62"}
{"time":"2026-08-22T20:50:03.6879286+08:00","level":"INFO","msg":"HTTP 访问","method":"GET","path":"/api/files","status":200,"latency":"8.9167ms","ip":"::1","trace_id":"1a4c24a82e5f30e5cf3b5eae"}
{"time":"2026-08-22T20:50:03.6910102+08:00","level":"INFO","msg":"HTTP 访问","method":"GET","path":"/api/storage/stats","status":200,"latency":"0s","ip":"::1","trace_id":"0672aa1ba679087323d5b4f3"}
{"time":"2026-08-22T20:50:05.3214668+08:00","level":"INFO","msg":"HTTP 访问","method":"GET","path":"/api/system/status","status":200,"latency":"202.8859ms","ip":"::1","trace_id":"f5f20098da92619a822972e1"}
{"time":"2026-08-22T20:50:06.0694363+08:00","level":"INFO","msg":"HTTP 访问","method":"GET","path":"/api/files","status":200,"latency":"0s","ip":"::1","trace_id":"4cbb0eaa75b33dd0a12f04a1"}
{"time":"2026-08-22T20:50:06.073579+08:00","level":"INFO","msg":"HTTP 访问","method":"GET","path":"/api/storage/stats","status":200,"latency":"0s","ip":"::1","trace_id":"6ecf61dfd3987f2fd0a30ebd"}
{"time":"2026-08-22T20:50:07.0365247+08:00","level":"INFO","msg":"HTTP 访问","method":"GET","path":"/api/files","status":200,"latency":"14.0045ms","ip":"::1","trace_id":"afc3fa9107cbd3e40e026717"}
{"time":"2026-08-22T20:50:07.0396645+08:00","level":"INFO","msg":"HTTP 访问","method":"GET","path":"/api/storage/stats","status":200,"latency":"0s","ip":"::1","trace_id":"d1460d55cb4f2203c2b1646c"}
{"time":"2026-08-22T20:50:10.3208843+08:00","level":"INFO","msg":"HTTP 访问","method":"GET","path":"/api/system/status","status":200,"latency":"204.2566ms","ip":"::1","trace_id":"23dffa7929aa8a7fb031804e"}
{"time":"2026-08-22T20:50:14.0787057+08:00","level":"INFO","msg":"HTTP 访问","method":"GET","path":"/api/files","status":200,"latency":"2.5836ms","ip":"::1","trace_id":"684cfdea876cc1ef713f56c7"}
{"time":"2026-08-22T20:50:14.0807945+08:00","level":"INFO","msg":"HTTP 访问","method":"GET","path":"/api/storage/stats","status":200,"latency":"0s","ip":"::1","trace_id":"85bc7f306ee0d5dbe45c0ac1"}
{"time":"2026-08-22T20:50:15.3262169+08:00","level":"INFO","msg":"HTTP 访问","method":"GET","path":"/api/system/status","status":200,"latency":"203.724ms","ip":"::1","trace_id":"d7e5456aee0771cbdc74c45b"}
{"time":"2026-08-22T20:50:16.6195395+08:00","level":"INFO","msg":"HTTP 访问","method":"GET","path":"/api/files","status":200,"latency":"0s","ip":"::1","trace_id":"67933cbec47d71c4fee2b175"}
{"time":"2026-08-22T20:50:16.6220685+08:00","level":"INFO","msg":"HTTP 访问","method":"GET","path":"/api/storage/stats","status":200,"latency":"0s","ip":"::1","trace_id":"e255a67ff491276d9916b914"}
{"time":"2026-08-22T20:50:17.5655842+08:00","level":"INFO","msg":"HTTP 访问","method":"GET","path":"/api/files","status":200,"latency":"0s","ip":"::1","trace_id":"b6cfc2d0b2dc087ca81b8035"}
{"time":"2026-08-22T20:50:17.56861+08:00","level":"INFO","msg":"HTTP 访问","method":"GET","path":"/api/storage/stats","status":200,"latency":"0s","ip":"::1","trace_id":"014fb4318126e086ea96b3ff"}
{"time":"2026-08-22T20:50:19.1570894+08:00","level":"INFO","msg":"HTTP 访问","method":"GET","path":"/api/files","status":200,"latency":"9.7732ms","ip":"::1","trace_id":"5ee72b68be7c5e6beb5dcdc3"}
{"time":"2026-08-22T20:50:19.1596432+08:00","level":"INFO","msg":"HTTP 访问","method":"GET","path":"/api/storage/stats","status":200,"latency":"0s","ip":"::1","trace_id":"4c6ab230a3495ef3e4cb1921"}
{"time":"2026-08-22T20:50:20.3248488+08:00","level":"INFO","msg":"HTTP 访问","method":"GET","path":"/api/system/status","status":200,"latency":"202.6711ms","ip":"::1","trace_id":"e8995d52ae87221c40ce8c0f"}
{"time":"2026-08-22T20:50:25.3338883+08:00","level":"INFO","msg":"HTTP 访问","method":"GET","path":"/api/system/status","status":200,"latency":"203.0977ms","ip":"::1","trace_id":"f032cfe35f88bf69279f8efb"}
{"time":"2026-08-22T20:50:26.592287+08:00","level":"INFO","msg":"HTTP 访问","method":"GET","path":"/api/files","status":200,"latency":"3.0556ms","ip":"::1","trace_id":"a20433daded6cc80448750b9"}
{"time":"2026-08-22T20:50:26.5949376+08:00","level":"INFO","msg":"HTTP 访问","method":"GET","path":"/api/storage/stats","status":200,"latency":"0s","ip":"::1","trace_id":"1f8f832917d6804bf03b8421"}
{"time":"2026-08-22T20:50:30.17735+08:00","level":"INFO","msg":"HTTP 访问","method":"GET","path":"/api/files","status":200,"latency":"0s","ip":"::1","trace_id":"be810147bfa6ba913f57977a"}
{"time":"2026-08-22T20:50:30.179857+08:00","level":"INFO","msg":"HTTP 访问","method":"GET","path":"/api/storage/stats","status":200,"latency":"0s","ip":"::1","trace_id":"4656189255e4e1f96e60cd38"}
{"time":"2026-08-22T20:50:30.3220539+08:00","level":"INFO","msg":"HTTP 访问","method":"GET","path":"/api/system/status","status":200,"latency":"203.4372ms","ip":"::1","trace_id":"cc16a80536ad972d7a554b36"}
{"time":"2026-08-22T20:50:35.3330061+08:00","level":"INFO","msg":"HTTP 访问","method":"GET","path":"/api/system/status","status":200,"latency":"203.2291ms","ip":"::1","trace_id":"bac51626063cee75f2632617"}
{"time":"2026-08-22T20:50:41.3204587+08:00","level":"INFO","msg":"HTTP 访问","method":"GET","path":"/api/system/status","status":200,"latency":"204.0101ms","ip":"::1","trace_id":"bb8b1ce641a05a76a56b6b81"}
{"time":"2026-08-22T20:50:46.3091256+08:00","level":"INFO","msg":"HTTP 访问","method":"GET","path":"/api/system/status","status":200,"latency":"205.3869ms","ip":"::1","trace_id":"be3b9975d0e482ecb3c292d3"}
{"time":"2026-08-22T20:50:51.3300966+08:00","level":"INFO","msg":"HTTP 访问","method":"GET","path":"/api/system/status","status":200,"latency":"212.3578ms","ip":"::1","trace_id":"301ea38d6bb5f9e9ff671852"}
{"time":"2026-08-22T20:50:56.3196502+08:00","level":"INFO","msg":"HTTP 访问","method":"GET","path":"/api/system/status","status":200,"latency":"205.5618ms","ip":"::1","trace_id":"e80039600b7aa96c5e408cd9"}
{"time":"2026-08-22T20:51:01.3184117+08:00","level":"INFO","msg":"HTTP 访问","method":"GET","path":"/api/system/status","status":200,"latency":"203.2202ms","ip":"::1","trace_id":"836d5d0d9a9bb598cda3c866"}
{"time":"2026-08-22T20:51:01.5273907+08:00","level":"INFO","msg":"HTTP 访问","method":"GET","path":"/api/system/status","status":200,"latency":"205.6127ms","ip":"::1","trace_id":"104382081c3a23a7c45a4e10"}
{"time":"2026-08-22T20:51:06.3282727+08:00","level":"INFO","msg":"HTTP 访问","method":"GET","path":"/api/system/status","status":200,"latency":"206.6835ms","ip":"::1","trace_id":"0cd574a65c6ee1a462f1321f"}
{"time":"2026-08-22T20:51:11.3167857+08:00","level":"INFO","msg":"HTTP 访问","method":"GET","path":"/api/system/status","status":200,"latency":"203.3163ms","ip":"::1","trace_id":"be69687fd949e613cac8cb0c"}
{"time":"2026-08-22T20:51:16.3100818+08:00","level":"INFO","msg":"HTTP 访问","method":"GET","path":"/api/system/status","status":200,"latency":"207.16ms","ip":"::1","trace_id":"73228895f7502420bdc910f5"}
{"time":"2026-08-22T20:51:20.323333+08:00","level":"INFO","msg":"HTTP 访问","method":"GET","path":"/api/system/status","status":200,"latency":"203.5297ms","ip":"::1","trace_id":"3fa03a008a668ee10013413a"}
{"time":"2026-08-22T20:51:25.3255938+08:00","level":"INFO","msg":"HTTP 访问","method":"GET","path":"/api/system/status","status":200,"latency":"202.9262ms","ip":"::1","trace_id":"6c4f19a08b6429362dac5816"}
{"time":"2026-08-22T20:51:31.3113819+08:00","level":"INFO","msg":"HTTP 访问","method":"GET","path":"/api/system/status","status":200,"latency":"202.864ms","ip":"::1","trace_id":"a420c4a4515b89f280d8f97b"}
{"time":"2026-08-22T20:51:36.3225237+08:00","level":"INFO","msg":"HTTP 访问","method":"GET","path":"/api/system/status","status":200,"latency":"212.3831ms","ip":"::1","trace_id":"215b8ccfcffd9f42275220b3"}
{"time":"2026-08-22T20:51:41.3278073+08:00","level":"INFO","msg":"HTTP 访问","method":"GET","path":"/api/system/status","status":200,"latency":"208.5376ms","ip":"::1","trace_id":"e5b9de74db086e86f90ca4a6"}
{"time":"2026-08-22T20:51:46.3222724+08:00","level":"INFO","msg":"HTTP 访问","method":"GET","path":"/api/system/status","status":200,"latency":"207.7737ms","ip":"::1","trace_id":"147902053fe6ad9652942ace"}
{"time":"2026-08-22T20:51:51.3224229+08:00","level":"INFO","msg":"HTTP 访问","method":"GET","path":"/api/system/status","status":200,"latency":"208.5652ms","ip":"::1","trace_id":"6a45abeecf3eeedc9cc52088"}
{"time":"2026-08-22T20:51:56.321427+08:00","level":"INFO","msg":"HTTP 访问","method":"GET","path":"/api/system/status","status":200,"latency":"207.6892ms","ip":"::1","trace_id":"527517c99a89123047c81e13"}
{"time":"2026-08-22T20:52:01.3241911+08:00","level":"INFO","msg":"HTTP 访问","method":"GET","path":"/api/system/status","status":200,"latency":"205.9151ms","ip":"::1","trace_id":"a8e496918f4790c8f1e28f68"}
{"time":"2026-08-22T20:52:01.5342769+08:00","level":"INFO","msg":"HTTP 访问","method":"GET","path":"/api/system/status","status":200,"latency":"209.2977ms","ip":"::1","trace_id":"fa600d96d6884610d78db52b"}
{"time":"2026-08-22T20:52:06.3267283+08:00","level":"INFO","msg":"HTTP 访问","method":"GET","path":"/api/system/status","status":200,"latency":"208.3286ms","ip":"::1","trace_id":"15a493f296cb6ff431fc65c1"}
{"time":"2026-08-22T20:52:11.3160063+08:00","level":"INFO","msg":"HTTP 访问","method":"GET","path":"/api/system/status","status":200,"latency":"205.8712ms","ip":"::1","trace_id":"3a89bf9958705ac70cdd5d32"}
{"time":"2026-08-22T20:52:16.3232151+08:00","level":"INFO","msg":"HTTP 访问","method":"GET","path":"/api/system/status","status":200,"latency":"206.874ms","ip":"::1","trace_id":"f7e9f65899da01f067fa4578"}
{"time":"2026-08-22T20:52:20.3250139+08:00","level":"INFO","msg":"HTTP 访问","method":"GET","path":"/api/system/status","status":200,"latency":"205.7515ms","ip":"::1","trace_id":"481ebb094db0a3dbca1babba"}
{"time":"2026-08-22T20:52:25.3202551+08:00","level":"INFO","msg":"HTTP 访问","method":"GET","path":"/api/system/status","status":200,"latency":"202.3942ms","ip":"::1","trace_id":"fa5e609c0c5829c52003d729"}
{"time":"2026-08-22T20:52:30.3220661+08:00","level":"INFO","msg":"HTTP 访问","method":"GET","path":"/api/system/status","status":200,"latency":"203.1753ms","ip":"::1","trace_id":"a9cbf9e23b3a16dcb6575c97"}
{"time":"2026-08-22T20:52:36.315178+08:00","level":"INFO","msg":"HTTP 访问","method":"GET","path":"/api/system/status","status":200,"latency":"202.9131ms","ip":"::1","trace_id":"7d32dabb4eedbe0bedddce01"}
{"time":"2026-08-22T20:52:41.3219741+08:00","level":"INFO","msg":"HTTP 访问","method":"GET","path":"/api/system/status","status":200,"latency":"203.0771ms","ip":"::1","trace_id":"a0ff9015fe0e637839e82ed9"}
{"time":"2026-08-22T20:52:46.3093356+08:00","level":"INFO","msg":"HTTP 访问","method":"GET","path":"/api/system/status","status":200,"latency":"203.0816ms","ip":"::1","trace_id":"c5a2bdfc2fe4e1614d0dc850"}
{"time":"2026-08-22T20:52:51.32107+08:00","level":"INFO","msg":"HTTP 访问","method":"GET","path":"/api/system/status","status":200,"latency":"203.8033ms","ip":"::1","trace_id":"9e77f3f7f0f386bb8c6a18e3"}
{"time":"2026-08-22T20:52:56.3070827+08:00","level":"INFO","msg":"HTTP 访问","method":"GET","path":"/api/system/status","status":200,"latency":"202.8661ms","ip":"::1","trace_id":"8e2cd4775f38547f7d2e4d12"}
{"time":"2026-08-22T20:53:00.4623809+08:00","level":"INFO","msg":"HTTP 访问","method":"GET","path":"/api/system/status","status":200,"latency":"203.0439ms","ip":"::1","trace_id":"c95c30d637e7e3effb3cac8a"}
{"time":"2026-08-22T20:53:00.6664864+08:00","level":"INFO","msg":"HTTP 访问","method":"GET","path":"/api/system/status","status":200,"latency":"203.6031ms","ip":"::1","trace_id":"8c5aed2c6a63a11e51305850"}
{"time":"2026-08-22T20:53:05.3289141+08:00","level":"INFO","msg":"HTTP 访问","method":"GET","path":"/api/system/status","status":200,"latency":"202.7238ms","ip":"::1","trace_id":"c8f7fb92a22c6e5deb0071a8"}
{"time":"2026-08-22T20:53:10.3280084+08:00","level":"INFO","msg":"HTTP 访问","method":"GET","path":"/api/system/status","status":200,"latency":"202.8268ms","ip":"::1","trace_id":"e60af456221c75ce56df78b7"}
{"time":"2026-08-22T20:53:15.3373293+08:00","level":"INFO","msg":"HTTP 访问","method":"GET","path":"/api/system/status","status":200,"latency":"203.0457ms","ip":"::1","trace_id":"42c8edbb913b87dca8de0f89"}
{"time":"2026-08-22T20:53:21.3191413+08:00","level":"INFO","msg":"HTTP 访问","method":"GET","path":"/api/system/status","status":200,"latency":"203.0711ms","ip":"::1","trace_id":"d16d88310475b27aada12814"}
{"time":"2026-08-22T20:53:26.3142659+08:00","level":"INFO","msg":"HTTP 访问","method":"GET","path":"/api/system/status","status":200,"latency":"202.8139ms","ip":"::1","trace_id":"3ece315e9315d479852d3958"}
{"time":"2026-08-22T20:53:31.3211164+08:00","level":"INFO","msg":"HTTP 访问","method":"GET","path":"/api/system/status","status":200,"latency":"207.8807ms","ip":"::1","trace_id":"baf9e6cbddf3942cfa0e9e02"}
{"time":"2026-08-22T20:53:36.3172566+08:00","level":"INFO","msg":"HTTP 访问","method":"GET","path":"/api/system/status","status":200,"latency":"206.9982ms","ip":"::1","trace_id":"1e367481aea8fffe8204a72b"}
{"time":"2026-08-22T20:53:41.3264684+08:00","level":"INFO","msg":"HTTP 访问","method":"GET","path":"/api/system/status","status":200,"latency":"209.9965ms","ip":"::1","trace_id":"7c7ffcbe06cf57b563ca45be"}
{"time":"2026-08-22T20:53:46.3164418+08:00","level":"INFO","msg":"HTTP 访问","method":"GET","path":"/api/system/status","status":200,"latency":"206.8627ms","ip":"::1","trace_id":"e3f6191e1766ad9737092a73"}
{"time":"2026-08-22T20:53:51.3177747+08:00","level":"INFO","msg":"HTTP 访问","method":"GET","path":"/api/system/status","status":200,"latency":"212.4307ms","ip":"::1","trace_id":"d040393e3280ca59e31e64a9"}
{"time":"2026-08-22T20:53:56.3131239+08:00","level":"INFO","msg":"HTTP 访问","method":"GET","path":"/api/system/status","status":200,"latency":"205.2364ms","ip":"::1","trace_id":"66741923a27469d754a4ff56"}
{"time":"2026-08-22T20:54:01.3254162+08:00","level":"INFO","msg":"HTTP 访问","method":"GET","path":"/api/system/status","status":200,"latency":"210.6335ms","ip":"::1","trace_id":"2e8378db71d0a1d623006564"}
{"time":"2026-08-22T20:54:01.5388413+08:00","level":"INFO","msg":"HTTP 访问","method":"GET","path":"/api/system/status","status":200,"latency":"212.3555ms","ip":"::1","trace_id":"29e2f90b3d5d08c010a30b1d"}
{"time":"2026-08-22T20:54:06.3192352+08:00","level":"INFO","msg":"HTTP 访问","method":"GET","path":"/api/system/status","status":200,"latency":"205.9832ms","ip":"::1","trace_id":"9fd621f0f941be5f9ef0e875"}
{"time":"2026-08-22T20:54:11.3093886+08:00","level":"INFO","msg":"HTTP 访问","method":"GET","path":"/api/system/status","status":200,"latency":"203.0405ms","ip":"::1","trace_id":"386c36b297e2e4a746236e20"}
{"time":"2026-08-22T20:54:23.3074488+08:00","level":"INFO","msg":"HTTP 访问","method":"GET","path":"/api/system/status","status":200,"latency":"207.9669ms","ip":"::1","trace_id":"b50cc8920f8de98c93cb473d"}
{"time":"2026-08-22T20:54:25.3231509+08:00","level":"INFO","msg":"HTTP 访问","method":"GET","path":"/api/system/status","status":200,"latency":"202.896ms","ip":"::1","trace_id":"91044622ac53dafe8312e028"}
{"time":"2026-08-22T20:54:28.8823436+08:00","level":"INFO","msg":"HTTP 访问","method":"GET","path":"/api/files/57/download","status":200,"latency":"20.0616ms","ip":"::1","trace_id":"54d4e68e8b947eb60aa5ee5d"}
{"time":"2026-08-22T20:54:30.3244612+08:00","level":"INFO","msg":"HTTP 访问","method":"GET","path":"/api/system/status","status":200,"latency":"206.0234ms","ip":"::1","trace_id":"6d839b48b579c58d85ae66c1"}
{"time":"2026-08-22T20:54:35.3225848+08:00","level":"INFO","msg":"HTTP 访问","method":"GET","path":"/api/system/status","status":200,"latency":"204.4156ms","ip":"::1","trace_id":"199a5f90cbe84367cd62235a"}
{"time":"2026-08-22T20:54:40.3303249+08:00","level":"INFO","msg":"HTTP 访问","method":"GET","path":"/api/system/status","status":200,"latency":"202.9463ms","ip":"::1","trace_id":"c010a195a4196e56421df21d"}
{"time":"2026-08-22T20:54:44.7670074+08:00","level":"INFO","msg":"HTTP 访问","method":"POST","path":"/api/files/upload/init","status":200,"latency":"0s","ip":"::1","trace_id":"c29e7aa40cc5e2522ffed773"}
{"time":"2026-08-22T20:54:44.7810642+08:00","level":"INFO","msg":"HTTP 访问","method":"POST","path":"/files/upload/8e4c1fb8-94cd-44d7-ab1c-cbc24932","status":201,"latency":"4.5082ms","ip":"::1","trace_id":"92412c1aea89429610f1d25b"}
{"time":"2026-08-22T20:54:44.8274058+08:00","level":"INFO","msg":"HTTP 访问","method":"PATCH","path":"/files/upload/8e4c1fb8-94cd-44d7-ab1c-cbc24932","status":204,"latency":"42.1505ms","ip":"::1","trace_id":"6d786c4a2f6da3542128769b"}
{"time":"2026-08-22T20:54:44.8303304+08:00","level":"INFO","msg":"HTTP 访问","method":"GET","path":"/api/files","status":200,"latency":"502.7µs","ip":"::1","trace_id":"eac69ca4625d0cb53c416b45"}
{"time":"2026-08-22T20:54:44.8323902+08:00","level":"INFO","msg":"HTTP 访问","method":"GET","path":"/api/storage/stats","status":200,"latency":"0s","ip":"::1","trace_id":"fa1af46f7e8a550a4b96c743"}
{"time":"2026-08-22T20:54:45.3229418+08:00","level":"INFO","msg":"HTTP 访问","method":"GET","path":"/api/system/status","status":200,"latency":"205.1485ms","ip":"::1","trace_id":"6162dc99b3e136b7c973c818"}
{"time":"2026-08-22T20:54:49.8282269+08:00","level":"INFO","msg":"HTTP 访问","method":"DELETE","path":"/api/files","status":200,"latency":"2.7577ms","ip":"::1","trace_id":"cbf6b78866a407870bf0e189"}
{"time":"2026-08-22T20:54:49.8307366+08:00","level":"INFO","msg":"HTTP 访问","method":"GET","path":"/api/files","status":200,"latency":"0s","ip":"::1","trace_id":"e3a2b55961f8a77d577de94f"}
{"time":"2026-08-22T20:54:49.8332808+08:00","level":"INFO","msg":"HTTP 访问","method":"GET","path":"/api/storage/stats","status":200,"latency":"0s","ip":"::1","trace_id":"651a380dcdc7fb8fe5251020"}
{"time":"2026-08-22T20:54:50.3287178+08:00","level":"INFO","msg":"HTTP 访问","method":"GET","path":"/api/system/status","status":200,"latency":"207.4523ms","ip":"::1","trace_id":"efa6c981657c3242dec890c7"}
{"time":"2026-08-22T20:54:53.4997207+08:00","level":"INFO","msg":"HTTP 访问","method":"GET","path":"/api/files/trash","status":200,"latency":"787.6µs","ip":"::1","trace_id":"ec34ba9da95e7a91926f72b3"}
{"time":"2026-08-22T20:54:55.331133+08:00","level":"INFO","msg":"HTTP 访问","method":"GET","path":"/api/system/status","status":200,"latency":"211.8063ms","ip":"::1","trace_id":"4a23d9a01281aa0d8ccd0f67"}
{"time":"2026-08-22T20:55:00.3236567+08:00","level":"INFO","msg":"HTTP 访问","method":"GET","path":"/api/system/status","status":200,"latency":"204.4663ms","ip":"::1","trace_id":"9a3d6ccb26e6453d04359bca"}
{"time":"2026-08-22T20:55:00.5724539+08:00","level":"INFO","msg":"HTTP 访问","method":"GET","path":"/api/system/status","status":200,"latency":"217.1274ms","ip":"::1","trace_id":"3da92373ea24d39f0270930b"}
{"time":"2026-08-22T20:55:06.3127163+08:00","level":"INFO","msg":"HTTP 访问","method":"GET","path":"/api/system/status","status":200,"latency":"207.1461ms","ip":"::1","trace_id":"efaf7227c42d8ce6e8b279b6"}
{"time":"2026-08-22T20:55:11.3151075+08:00","level":"INFO","msg":"HTTP 访问","method":"GET","path":"/api/system/status","status":200,"latency":"205.2998ms","ip":"::1","trace_id":"2b7cf384afe6437dacb1280b"}
{"time":"2026-08-22T20:55:16.3153218+08:00","level":"INFO","msg":"HTTP 访问","method":"GET","path":"/api/system/status","status":200,"latency":"205.183ms","ip":"::1","trace_id":"574f612b6bf03f775c8880ba"}
{"time":"2026-08-22T20:55:21.3102906+08:00","level":"INFO","msg":"HTTP 访问","method":"GET","path":"/api/system/status","status":200,"latency":"207.0004ms","ip":"::1","trace_id":"0f648d2be4fafa3811b3400c"}
{"time":"2026-08-22T20:55:26.3127801+08:00","level":"INFO","msg":"HTTP 访问","method":"GET","path":"/api/system/status","status":200,"latency":"202.9752ms","ip":"::1","trace_id":"67c8bb0bcd1cd99088039b9d"}
{"time":"2026-08-22T20:55:31.3201799+08:00","level":"INFO","msg":"HTTP 访问","method":"GET","path":"/api/system/status","status":200,"latency":"203.6113ms","ip":"::1","trace_id":"e69246b877d5f7822c32a2c1"}
{"time":"2026-08-22T20:55:36.3091269+08:00","level":"INFO","msg":"HTTP 访问","method":"GET","path":"/api/system/status","status":200,"latency":"204.0152ms","ip":"::1","trace_id":"b0ea390baffdb025e137de08"}
{"time":"2026-08-22T20:55:41.3228467+08:00","level":"INFO","msg":"HTTP 访问","method":"GET","path":"/api/system/status","status":200,"latency":"202.9892ms","ip":"::1","trace_id":"66fe248ffe4aa4a2d736c8db"}
{"time":"2026-08-22T20:55:46.3139604+08:00","level":"INFO","msg":"HTTP 访问","method":"GET","path":"/api/system/status","status":200,"latency":"203.2505ms","ip":"::1","trace_id":"0d688777997d245589f6bd80"}
{"time":"2026-08-22T20:55:51.3151756+08:00","level":"INFO","msg":"HTTP 访问","method":"GET","path":"/api/system/status","status":200,"latency":"202.8754ms","ip":"::1","trace_id":"e6927e673329694e9d403c7e"}
{"time":"2026-08-22T20:55:56.3140584+08:00","level":"INFO","msg":"HTTP 访问","method":"GET","path":"/api/system/status","status":200,"latency":"203.566ms","ip":"::1","trace_id":"0cd67139b720dbf50537ed73"}
{"time":"2026-08-22T20:56:01.3151226+08:00","level":"INFO","msg":"HTTP 访问","method":"GET","path":"/api/system/status","status":200,"latency":"202.7461ms","ip":"::1","trace_id":"ba0bd81e8eda9ee1b171f477"}
{"time":"2026-08-22T20:56:01.5183518+08:00","level":"INFO","msg":"HTTP 访问","method":"GET","path":"/api/system/status","status":200,"latency":"202.7001ms","ip":"::1","trace_id":"f174cb0233ca8c60a3bb2ad6"}
{"time":"2026-08-22T20:56:27.3202817+08:00","level":"INFO","msg":"HTTP 访问","method":"GET","path":"/api/system/status","status":200,"latency":"210.5119ms","ip":"::1","trace_id":"a72074438658eca7cc7d9520"}
{"time":"2026-08-22T20:57:27.3217769+08:00","level":"INFO","msg":"HTTP 访问","method":"GET","path":"/api/system/status","status":200,"latency":"208.3612ms","ip":"::1","trace_id":"34434cd09e16b3f7a3043db5"}
{"time":"2026-08-22T20:57:27.5265037+08:00","level":"INFO","msg":"HTTP 访问","method":"GET","path":"/api/system/status","status":200,"latency":"204.2242ms","ip":"::1","trace_id":"6e330c1251df58371bf45dc7"}
{"time":"2026-08-22T20:58:27.3350095+08:00","level":"INFO","msg":"HTTP 访问","method":"GET","path":"/api/system/status","status":200,"latency":"224.1222ms","ip":"::1","trace_id":"fcc9781b0ecb58317aae4b3d"}
{"time":"2026-08-22T20:58:27.5455727+08:00","level":"INFO","msg":"HTTP 访问","method":"GET","path":"/api/system/status","status":200,"latency":"208.3714ms","ip":"::1","trace_id":"e7f576b911945fa7e57964c9"}
{"time":"2026-08-22T20:58:50.4871466+08:00","level":"INFO","msg":"HTTP 访问","method":"GET","path":"/api/system/status","status":200,"latency":"214.6357ms","ip":"::1","trace_id":"d7a36de3129ab3d3be2f1b62"}
{"time":"2026-08-22T20:58:55.3219813+08:00","level":"INFO","msg":"HTTP 访问","method":"GET","path":"/api/system/status","status":200,"latency":"203.5862ms","ip":"::1","trace_id":"332d6aeb9d1a7c5fd500a517"}
{"time":"2026-08-22T20:59:00.3215946+08:00","level":"INFO","msg":"HTTP 访问","method":"GET","path":"/api/system/status","status":200,"latency":"202.993ms","ip":"::1","trace_id":"d3bfe407fb5e3d3babb5751e"}
{"time":"2026-08-22T20:59:00.5265785+08:00","level":"INFO","msg":"HTTP 访问","method":"GET","path":"/api/system/status","status":200,"latency":"204.4798ms","ip":"::1","trace_id":"6cc14925c7b81d81dbdbd08e"}
{"time":"2026-08-22T20:59:01.3073879+08:00","level":"INFO","msg":"HTTP 访问","method":"GET","path":"/api/admin/settings","status":200,"latency":"0s","ip":"::1","trace_id":"4e876ecf3f231a09d8c1c752"}
{"time":"2026-08-22T20:59:01.3073879+08:00","level":"INFO","msg":"HTTP 访问","method":"GET","path":"/api/plugins","status":200,"latency":"0s","ip":"::1","trace_id":"aab059bc046b199b74e67ba1"}
{"time":"2026-08-22T20:59:01.3078905+08:00","level":"INFO","msg":"HTTP 访问","method":"GET","path":"/api/admin/users","status":200,"latency":"0s","ip":"::1","trace_id":"318784400c8c26a05e0c5df0"}
{"time":"2026-08-22T20:59:05.3275318+08:00","level":"INFO","msg":"HTTP 访问","method":"GET","path":"/api/system/status","status":200,"latency":"203.0098ms","ip":"::1","trace_id":"b6081d8ee266925f3e5ea1d9"}
{"time":"2026-08-22T20:59:10.3279565+08:00","level":"INFO","msg":"HTTP 访问","method":"GET","path":"/api/system/status","status":200,"latency":"204.5855ms","ip":"::1","trace_id":"e891a1b725601e05bc26597a"}
{"time":"2026-08-22T20:59:15.3339078+08:00","level":"INFO","msg":"HTTP 访问","method":"GET","path":"/api/system/status","status":200,"latency":"203.3941ms","ip":"::1","trace_id":"35c77a6053c21b0b9c0d9d7f"}
{"time":"2026-08-22T20:59:17.6480942+08:00","level":"INFO","msg":"HTTP 访问","method":"POST","path":"/api/admin/pick-folder","status":200,"latency":"10.2472405s","ip":"::1","trace_id":"1c19faa5976a0c4013e857c3"}
{"time":"2026-08-22T20:59:20.3277465+08:00","level":"INFO","msg":"HTTP 访问","method":"GET","path":"/api/system/status","status":200,"latency":"203.2563ms","ip":"::1","trace_id":"7484bf7b4142daba7b5b8a3e"}
{"time":"2026-08-22T20:59:25.3353878+08:00","level":"INFO","msg":"HTTP 访问","method":"GET","path":"/api/system/status","status":200,"latency":"203.0454ms","ip":"::1","trace_id":"3d492a9f4b603ed9b7eb0dcf"}
{"time":"2026-08-22T20:59:30.3219892+08:00","level":"INFO","msg":"HTTP 访问","method":"GET","path":"/api/system/status","status":200,"latency":"202.8723ms","ip":"::1","trace_id":"10ae16344f6346110c4fdaa6"}
{"time":"2026-08-22T20:59:35.3233325+08:00","level":"INFO","msg":"HTTP 访问","method":"GET","path":"/api/system/status","status":200,"latency":"204.4871ms","ip":"::1","trace_id":"7a02261a4a3cfdbe0e57ef4d"}
{"time":"2026-08-22T20:59:40.3265559+08:00","level":"INFO","msg":"HTTP 访问","method":"GET","path":"/api/system/status","status":200,"latency":"203.4363ms","ip":"::1","trace_id":"5feb75bb63f1836bdc1aaa6a"}
{"time":"2026-08-22T20:59:45.3322591+08:00","level":"INFO","msg":"HTTP 访问","method":"GET","path":"/api/system/status","status":200,"latency":"202.832ms","ip":"::1","trace_id":"63e8be532b8393ee980a7006"}
{"time":"2026-08-22T20:59:50.3351446+08:00","level":"INFO","msg":"HTTP 访问","method":"GET","path":"/api/system/status","status":200,"latency":"204.4607ms","ip":"::1","trace_id":"698d24e914c8c1b2dc0fe7c7"}
{"time":"2026-08-22T20:59:55.3239566+08:00","level":"INFO","msg":"HTTP 访问","method":"GET","path":"/api/system/status","status":200,"latency":"203.2032ms","ip":"::1","trace_id":"f0a7232b7999f8568c29de7d"}
{"time":"2026-08-22T21:00:00.3251623+08:00","level":"INFO","msg":"HTTP 访问","method":"GET","path":"/api/system/status","status":200,"latency":"204.6362ms","ip":"::1","trace_id":"07afbc801b20c4da1ae139c1"}
{"time":"2026-08-22T21:00:00.5292311+08:00","level":"INFO","msg":"HTTP 访问","method":"GET","path":"/api/system/status","status":200,"latency":"203.5013ms","ip":"::1","trace_id":"de250ed633d9dc9a19fda1ab"}
{"time":"2026-08-22T21:00:05.3344436+08:00","level":"INFO","msg":"HTTP 访问","method":"GET","path":"/api/system/status","status":200,"latency":"203.8757ms","ip":"::1","trace_id":"ff577989cc444c53f2bdadb8"}
{"time":"2026-08-22T21:00:10.3218699+08:00","level":"INFO","msg":"HTTP 访问","method":"GET","path":"/api/system/status","status":200,"latency":"203.9142ms","ip":"::1","trace_id":"b7fa43ffae41ee2bd9a67880"}
{"time":"2026-08-22T21:00:15.3208554+08:00","level":"INFO","msg":"HTTP 访问","method":"GET","path":"/api/system/status","status":200,"latency":"203.1882ms","ip":"::1","trace_id":"d4c736bbb98ccba65bbd82ce"}
{"time":"2026-08-22T21:00:20.335926+08:00","level":"INFO","msg":"HTTP 访问","method":"GET","path":"/api/system/status","status":200,"latency":"203.6466ms","ip":"::1","trace_id":"2f93e6b7fbc152c413a40d58"}
{"time":"2026-08-22T21:00:25.3285514+08:00","level":"INFO","msg":"HTTP 访问","method":"GET","path":"/api/system/status","status":200,"latency":"203.2169ms","ip":"::1","trace_id":"eaa9bafbb3533941b0797eb1"}
{"time":"2026-08-22T21:00:30.3217285+08:00","level":"INFO","msg":"HTTP 访问","method":"GET","path":"/api/system/status","status":200,"latency":"202.7961ms","ip":"::1","trace_id":"f47714589ad0fde2dcc67c47"}
{"time":"2026-08-22T21:00:35.3299639+08:00","level":"INFO","msg":"HTTP 访问","method":"GET","path":"/api/system/status","status":200,"latency":"203.3238ms","ip":"::1","trace_id":"389636f5eff1c891cf8edaa1"}
{"time":"2026-08-22T21:00:40.328278+08:00","level":"INFO","msg":"HTTP 访问","method":"GET","path":"/api/system/status","status":200,"latency":"204.7951ms","ip":"::1","trace_id":"7e9e4e305a5acec0107bdb63"}
{"time":"2026-08-22T21:00:45.3209401+08:00","level":"INFO","msg":"HTTP 访问","method":"GET","path":"/api/system/status","status":200,"latency":"203.2138ms","ip":"::1","trace_id":"24c33fcbdccc85dc77f11357"}
{"time":"2026-08-22T21:00:50.3350828+08:00","level":"INFO","msg":"HTTP 访问","method":"GET","path":"/api/system/status","status":200,"latency":"205.2871ms","ip":"::1","trace_id":"9b313574f7d6bf8b8fa19d83"}
{"time":"2026-08-22T21:00:55.3250599+08:00","level":"INFO","msg":"HTTP 访问","method":"GET","path":"/api/system/status","status":200,"latency":"203.9724ms","ip":"::1","trace_id":"13bbd4ecbb6bbded60502d1c"}
{"time":"2026-08-22T21:01:00.3224086+08:00","level":"INFO","msg":"HTTP 访问","method":"GET","path":"/api/system/status","status":200,"latency":"204.3192ms","ip":"::1","trace_id":"d3b214e287a9a2cd6c82a216"}
{"time":"2026-08-22T21:01:00.5273924+08:00","level":"INFO","msg":"HTTP 访问","method":"GET","path":"/api/system/status","status":200,"latency":"204.3837ms","ip":"::1","trace_id":"c8d8501c1688b2eba93c8735"}
{"time":"2026-08-22T21:01:02.800118+08:00","level":"INFO","msg":"HTTP 访问","method":"POST","path":"/api/admin/pick-folder","status":200,"latency":"1.0709481s","ip":"::1","trace_id":"6683d4f7b63dc3a37e032993"}
{"time":"2026-08-22T21:01:05.3350512+08:00","level":"INFO","msg":"HTTP 访问","method":"GET","path":"/api/system/status","status":200,"latency":"202.6724ms","ip":"::1","trace_id":"7c86a6daf2137abde383bb1e"}
{"time":"2026-08-22T21:01:10.3265433+08:00","level":"INFO","msg":"HTTP 访问","method":"GET","path":"/api/system/status","status":200,"latency":"203.2875ms","ip":"::1","trace_id":"43c14e889c6c8ee5f6940c3d"}
{"time":"2026-08-22T21:01:15.3319678+08:00","level":"INFO","msg":"HTTP 访问","method":"GET","path":"/api/system/status","status":200,"latency":"203.0071ms","ip":"::1","trace_id":"9f4619e0c46602b642b0d224"}
{"time":"2026-08-22T21:01:20.3316105+08:00","level":"INFO","msg":"HTTP 访问","method":"GET","path":"/api/system/status","status":200,"latency":"203.4478ms","ip":"::1","trace_id":"f84f175aecd0bd341f53cc4d"}
{"time":"2026-08-22T21:01:25.3210236+08:00","level":"INFO","msg":"HTTP 访问","method":"GET","path":"/api/system/status","status":200,"latency":"202.3902ms","ip":"::1","trace_id":"85d22d1d9b3e74547b020ac0"}
{"time":"2026-08-22T21:01:30.3218983+08:00","level":"INFO","msg":"HTTP 访问","method":"GET","path":"/api/system/status","status":200,"latency":"202.9523ms","ip":"::1","trace_id":"fd13600f2914876ac7efa0e6"}
{"time":"2026-08-22T21:01:35.3353007+08:00","level":"INFO","msg":"HTTP 访问","method":"GET","path":"/api/system/status","status":200,"latency":"202.8691ms","ip":"::1","trace_id":"494dac6ed7059b9dfdd59094"}
{"time":"2026-08-22T21:01:40.3296663+08:00","level":"INFO","msg":"HTTP 访问","method":"GET","path":"/api/system/status","status":200,"latency":"202.8171ms","ip":"::1","trace_id":"22642f22aa6ff68e02cf3838"}
{"time":"2026-08-22T21:01:40.7553561+08:00","level":"INFO","msg":"HTTP 访问","method":"GET","path":"/api/files","status":200,"latency":"0s","ip":"::1","trace_id":"89fad633b854f4f0a6b8b250"}
{"time":"2026-08-22T21:01:40.7659439+08:00","level":"INFO","msg":"HTTP 访问","method":"GET","path":"/api/storage/stats","status":200,"latency":"0s","ip":"::1","trace_id":"dad368b777fc2ded4feb0eb4"}
{"time":"2026-08-22T21:01:42.6645176+08:00","level":"INFO","msg":"HTTP 访问","method":"GET","path":"/api/files","status":200,"latency":"0s","ip":"::1","trace_id":"e5b199741b956ca7090a1f7b"}
{"time":"2026-08-22T21:01:42.6675435+08:00","level":"INFO","msg":"HTTP 访问","method":"GET","path":"/api/storage/stats","status":200,"latency":"0s","ip":"::1","trace_id":"c227cb5ffc4d16d8a7ca4357"}
{"time":"2026-08-22T21:01:44.6514346+08:00","level":"INFO","msg":"HTTP 访问","method":"GET","path":"/api/files","status":200,"latency":"12.8632ms","ip":"::1","trace_id":"3bb570fedfbba894e44b5ccf"}
{"time":"2026-08-22T21:01:44.6545837+08:00","level":"INFO","msg":"HTTP 访问","method":"GET","path":"/api/storage/stats","status":200,"latency":"0s","ip":"::1","trace_id":"1474c2352e58159902d9ae08"}
{"time":"2026-08-22T21:01:45.32264+08:00","level":"INFO","msg":"HTTP 访问","method":"GET","path":"/api/system/status","status":200,"latency":"203.8663ms","ip":"::1","trace_id":"bc0ceafa7bada5a79f706f83"}
{"time":"2026-08-22T21:01:50.0697099+08:00","level":"INFO","msg":"HTTP 访问","method":"POST","path":"/api/files/upload/init","status":200,"latency":"0s","ip":"::1","trace_id":"a21f3b7ea1079cb4970e5c79"}
{"time":"2026-08-22T21:01:50.0735692+08:00","level":"INFO","msg":"HTTP 访问","method":"POST","path":"/files/upload/7ca662f2-5b4a-45bc-80e7-49f9ede9","status":201,"latency":"710.9µs","ip":"::1","trace_id":"d27a6e104249f82a1a1e2366"}
{"time":"2026-08-22T21:01:50.0832871+08:00","level":"INFO","msg":"HTTP 访问","method":"PATCH","path":"/files/upload/7ca662f2-5b4a-45bc-80e7-49f9ede9","status":204,"latency":"9.2027ms","ip":"::1","trace_id":"c636ba464c0d0a68b5fadc80"}
{"time":"2026-08-22T21:01:50.0858633+08:00","level":"INFO","msg":"HTTP 访问","method":"GET","path":"/api/files","status":200,"latency":"509µs","ip":"::1","trace_id":"dda03e6cf8c94ac423f1913a"}
{"time":"2026-08-22T21:01:50.0889001+08:00","level":"INFO","msg":"HTTP 访问","method":"GET","path":"/api/storage/stats","status":200,"latency":"0s","ip":"::1","trace_id":"43d61955f93fe8364b936f0a"}
{"time":"2026-08-22T21:01:50.3211344+08:00","level":"INFO","msg":"HTTP 访问","method":"GET","path":"/api/system/status","status":200,"latency":"203.1611ms","ip":"::1","trace_id":"75fdffe18283cfe5ebd3ed93"}
{"time":"2026-08-22T21:01:52.51024+08:00","level":"INFO","msg":"HTTP 访问","method":"DELETE","path":"/api/files","status":200,"latency":"1.7706ms","ip":"::1","trace_id":"80f50b337ef35432f7f55e39"}
{"time":"2026-08-22T21:01:52.5129973+08:00","level":"INFO","msg":"HTTP 访问","method":"GET","path":"/api/files","status":200,"latency":"0s","ip":"::1","trace_id":"437eaf893a4aa62b6efd7a76"}
{"time":"2026-08-22T21:01:52.5145053+08:00","level":"INFO","msg":"HTTP 访问","method":"GET","path":"/api/storage/stats","status":200,"latency":"0s","ip":"::1","trace_id":"4eace3b0579f0e53d76bdfca"}
{"time":"2026-08-22T21:01:55.3229656+08:00","level":"INFO","msg":"HTTP 访问","method":"GET","path":"/api/system/status","status":200,"latency":"202.5866ms","ip":"::1","trace_id":"992467c1cdd6fb791c2d9631"}
{"time":"2026-08-22T21:02:00.3222302+08:00","level":"INFO","msg":"HTTP 访问","method":"GET","path":"/api/system/status","status":200,"latency":"203.5212ms","ip":"::1","trace_id":"20bec23b92b53e2d200ebc6e"}
{"time":"2026-08-22T21:02:00.5280122+08:00","level":"INFO","msg":"HTTP 访问","method":"GET","path":"/api/system/status","status":200,"latency":"204.2204ms","ip":"::1","trace_id":"13ffabede736e926ceb38ff6"}
{"time":"2026-08-22T21:02:06.3164702+08:00","level":"INFO","msg":"HTTP 访问","method":"GET","path":"/api/system/status","status":200,"latency":"205.6946ms","ip":"::1","trace_id":"5363f84f157e46c21f392df7"}
{"time":"2026-08-22T21:02:11.3161953+08:00","level":"INFO","msg":"HTTP 访问","method":"GET","path":"/api/system/status","status":200,"latency":"204.0791ms","ip":"::1","trace_id":"30af769ce19690178be28646"}
{"time":"2026-08-22T21:02:16.3045584+08:00","level":"INFO","msg":"HTTP 访问","method":"GET","path":"/api/system/status","status":200,"latency":"207.2243ms","ip":"::1","trace_id":"8ddcd7723c629baa6befa15e"}
{"time":"2026-08-22T21:02:20.0189581+08:00","level":"INFO","msg":"HTTP 访问","method":"GET","path":"/api/admin/settings","status":200,"latency":"0s","ip":"::1","trace_id":"ecfdf8db1b38b5e33e54d5dd"}
{"time":"2026-08-22T21:02:20.0189581+08:00","level":"INFO","msg":"HTTP 访问","method":"GET","path":"/api/plugins","status":200,"latency":"0s","ip":"::1","trace_id":"2a104934b01f9f25d9de5a5f"}
{"time":"2026-08-22T21:02:20.0189581+08:00","level":"INFO","msg":"HTTP 访问","method":"GET","path":"/api/admin/users","status":200,"latency":"0s","ip":"::1","trace_id":"bca0c822e1996da279f68535"}
{"time":"2026-08-22T21:02:20.3311105+08:00","level":"INFO","msg":"HTTP 访问","method":"GET","path":"/api/system/status","status":200,"latency":"210.3968ms","ip":"::1","trace_id":"42583650cbfea21b94f59e4f"}
{"time":"2026-08-22T21:02:25.3237791+08:00","level":"INFO","msg":"HTTP 访问","method":"GET","path":"/api/system/status","status":200,"latency":"202.6936ms","ip":"::1","trace_id":"a9796bdbff111e07efceea2d"}
{"time":"2026-08-22T21:02:31.3153187+08:00","level":"INFO","msg":"HTTP 访问","method":"GET","path":"/api/system/status","status":200,"latency":"206.4023ms","ip":"::1","trace_id":"9d8e8e654a03b32acff5bf74"}
{"time":"2026-08-22T21:02:36.3139328+08:00","level":"INFO","msg":"HTTP 访问","method":"GET","path":"/api/system/status","status":200,"latency":"206.9693ms","ip":"::1","trace_id":"5a9e616839b2ff7365b09dce"}
{"time":"2026-08-22T21:02:41.3129669+08:00","level":"INFO","msg":"HTTP 访问","method":"GET","path":"/api/system/status","status":200,"latency":"207.4331ms","ip":"::1","trace_id":"906c4ca0b9efb7c68ce06c0a"}
{"time":"2026-08-22T21:02:46.3186825+08:00","level":"INFO","msg":"HTTP 访问","method":"GET","path":"/api/system/status","status":200,"latency":"204.0039ms","ip":"::1","trace_id":"7c117abd2d4130bfa2dc7655"}
{"time":"2026-08-22T21:02:51.3148983+08:00","level":"INFO","msg":"HTTP 访问","method":"GET","path":"/api/system/status","status":200,"latency":"207.2337ms","ip":"::1","trace_id":"35e9fce52c1dd229c7d22a23"}
{"time":"2026-08-22T21:02:56.3218173+08:00","level":"INFO","msg":"HTTP 访问","method":"GET","path":"/api/system/status","status":200,"latency":"203.1039ms","ip":"::1","trace_id":"0bb942538922c0ec7b367f13"}
{"time":"2026-08-22T21:03:01.332018+08:00","level":"INFO","msg":"HTTP 访问","method":"GET","path":"/api/system/status","status":200,"latency":"207.2974ms","ip":"::1","trace_id":"7fe3864484a76990354be2db"}
{"time":"2026-08-22T21:03:01.5371556+08:00","level":"INFO","msg":"HTTP 访问","method":"GET","path":"/api/system/status","status":200,"latency":"203.9526ms","ip":"::1","trace_id":"5b1b6de6c0aacda6c6f82d7e"}
{"time":"2026-08-22T21:03:06.3698959+08:00","level":"INFO","msg":"HTTP 访问","method":"GET","path":"/api/system/status","status":200,"latency":"242.2131ms","ip":"::1","trace_id":"b4f65f4e0549cf2e81c91233"}
{"time":"2026-08-22T21:03:11.340493+08:00","level":"INFO","msg":"HTTP 访问","method":"GET","path":"/api/system/status","status":200,"latency":"235.7413ms","ip":"::1","trace_id":"1a0baacf9218b226ad33e0dd"}
{"time":"2026-08-22T21:03:15.7270884+08:00","level":"INFO","msg":"HTTP 访问","method":"GET","path":"/api/system/status","status":200,"latency":"207.49ms","ip":"::1","trace_id":"49a3dc5f41cb71124a21c300"}
{"time":"2026-08-22T21:03:20.3241144+08:00","level":"INFO","msg":"HTTP 访问","method":"GET","path":"/api/system/status","status":200,"latency":"203.2104ms","ip":"::1","trace_id":"f90713aee593ba9024b81a37"}
{"time":"2026-08-22T21:03:26.309598+08:00","level":"INFO","msg":"HTTP 访问","method":"GET","path":"/api/system/status","status":200,"latency":"204.8859ms","ip":"::1","trace_id":"32e687a5132c4d2afff3d905"}
{"time":"2026-08-22T21:03:31.3280955+08:00","level":"INFO","msg":"HTTP 访问","method":"GET","path":"/api/system/status","status":200,"latency":"207.1679ms","ip":"::1","trace_id":"aa115957b4b01858c2dcb143"}
{"time":"2026-08-22T21:03:36.3360107+08:00","level":"INFO","msg":"HTTP 访问","method":"GET","path":"/api/system/status","status":200,"latency":"215.5746ms","ip":"::1","trace_id":"8ea9e3ab31d27bcc39e1b6c2"}
{"time":"2026-08-22T21:03:41.309427+08:00","level":"INFO","msg":"HTTP 访问","method":"GET","path":"/api/system/status","status":200,"latency":"203.192ms","ip":"::1","trace_id":"697911f7d5352b98f27fdfcb"}
{"time":"2026-08-22T21:03:46.3266044+08:00","level":"INFO","msg":"HTTP 访问","method":"GET","path":"/api/system/status","status":200,"latency":"207.0232ms","ip":"::1","trace_id":"8cecdb2d7c06169dc51366e9"}
{"time":"2026-08-22T21:03:51.342179+08:00","level":"INFO","msg":"HTTP 访问","method":"GET","path":"/api/system/status","status":200,"latency":"209.9183ms","ip":"::1","trace_id":"b280c93555eae6599b926079"}
{"time":"2026-08-22T21:03:56.3269557+08:00","level":"INFO","msg":"HTTP 访问","method":"GET","path":"/api/system/status","status":200,"latency":"220.2494ms","ip":"::1","trace_id":"68b63fef7e5606099ae8a525"}
{"time":"2026-08-22T21:04:01.3325745+08:00","level":"INFO","msg":"HTTP 访问","method":"GET","path":"/api/system/status","status":200,"latency":"218.0422ms","ip":"::1","trace_id":"61f3cf848923462fa7533e60"}
{"time":"2026-08-22T21:04:01.5397493+08:00","level":"INFO","msg":"HTTP 访问","method":"GET","path":"/api/system/status","status":200,"latency":"205.7931ms","ip":"::1","trace_id":"d0bef08b68547c4a8f4b1986"}
{"time":"2026-08-22T21:04:05.3317602+08:00","level":"INFO","msg":"HTTP 访问","method":"GET","path":"/api/system/status","status":200,"latency":"212.7542ms","ip":"::1","trace_id":"d4d8505c4b0f5c2f3584177e"}
{"time":"2026-08-22T21:04:10.3519194+08:00","level":"INFO","msg":"HTTP 访问","method":"GET","path":"/api/system/status","status":200,"latency":"234.1912ms","ip":"::1","trace_id":"e71605460ecd447fed3786c1"}
{"time":"2026-08-22T21:04:15.3235029+08:00","level":"INFO","msg":"HTTP 访问","method":"GET","path":"/api/system/status","status":200,"latency":"205.1593ms","ip":"::1","trace_id":"236cd8cfd79759b6be708289"}
{"time":"2026-08-22T21:04:18.9517776+08:00","level":"INFO","msg":"HTTP 访问","method":"GET","path":"/api/files/trash","status":200,"latency":"0s","ip":"::1","trace_id":"922e6a3b53e9be132e38b0b3"}
{"time":"2026-08-22T21:04:20.330594+08:00","level":"INFO","msg":"HTTP 访问","method":"GET","path":"/api/system/status","status":200,"latency":"202.7738ms","ip":"::1","trace_id":"a54a6d02e649aa2d6b5025d2"}
{"time":"2026-08-22T21:04:20.8339466+08:00","level":"INFO","msg":"HTTP 访问","method":"GET","path":"/api/files/trash","status":200,"latency":"820.1µs","ip":"::1","trace_id":"5966d6872191c7857da09cc0"}
{"time":"2026-08-22T21:04:25.332077+08:00","level":"INFO","msg":"HTTP 访问","method":"GET","path":"/api/system/status","status":200,"latency":"204.142ms","ip":"::1","trace_id":"7d187f909e9534540c8ed9d0"}
{"time":"2026-08-22T21:04:30.3226175+08:00","level":"INFO","msg":"HTTP 访问","method":"GET","path":"/api/system/status","status":200,"latency":"203.7885ms","ip":"::1","trace_id":"562772f1b25fb058f528f672"}
{"time":"2026-08-22T21:04:35.3250645+08:00","level":"INFO","msg":"HTTP 访问","method":"GET","path":"/api/system/status","status":200,"latency":"205.3722ms","ip":"::1","trace_id":"56cc4d14a0759344c115e098"}
{"time":"2026-08-22T21:04:41.3314381+08:00","level":"INFO","msg":"HTTP 访问","method":"GET","path":"/api/system/status","status":200,"latency":"214.1018ms","ip":"::1","trace_id":"d778b54becfd42d2878f7d49"}
{"time":"2026-08-22T21:04:46.3203917+08:00","level":"INFO","msg":"HTTP 访问","method":"GET","path":"/api/system/status","status":200,"latency":"207.3152ms","ip":"::1","trace_id":"82e86c2d0f08daf8ac0eb85a"}
{"time":"2026-08-22T21:04:51.3528665+08:00","level":"INFO","msg":"HTTP 访问","method":"GET","path":"/api/system/status","status":200,"latency":"240.9193ms","ip":"::1","trace_id":"13477ee82b90f5e43e1f0bc9"}
{"time":"2026-08-22T21:04:56.324175+08:00","level":"INFO","msg":"HTTP 访问","method":"GET","path":"/api/system/status","status":200,"latency":"205.4465ms","ip":"::1","trace_id":"68e8dff9a021fa43c7084e71"}
{"time":"2026-08-22T21:05:01.3281159+08:00","level":"INFO","msg":"HTTP 访问","method":"GET","path":"/api/system/status","status":200,"latency":"206.1569ms","ip":"::1","trace_id":"5d759a12302203bf9c9a24bf"}
{"time":"2026-08-22T21:05:01.5389283+08:00","level":"INFO","msg":"HTTP 访问","method":"GET","path":"/api/system/status","status":200,"latency":"209.7947ms","ip":"::1","trace_id":"05d05cec8925f7b1c2d213f4"}
{"time":"2026-08-22T21:05:06.3226069+08:00","level":"INFO","msg":"HTTP 访问","method":"GET","path":"/api/system/status","status":200,"latency":"205.6208ms","ip":"::1","trace_id":"405cc4a4101f45773507b4f9"}
{"time":"2026-08-22T21:05:11.3190717+08:00","level":"INFO","msg":"HTTP 访问","method":"GET","path":"/api/system/status","status":200,"latency":"208.9713ms","ip":"::1","trace_id":"8b87e6cbdddda1374c6f2a2a"}
{"time":"2026-08-22T21:05:16.3247254+08:00","level":"INFO","msg":"HTTP 访问","method":"GET","path":"/api/system/status","status":200,"latency":"203.5857ms","ip":"::1","trace_id":"94857fc97c0e684d80ac2de0"}
{"time":"2026-08-22T21:05:21.3231304+08:00","level":"INFO","msg":"HTTP 访问","method":"GET","path":"/api/system/status","status":200,"latency":"205.7215ms","ip":"::1","trace_id":"a15b5356aa57157829d713ff"}
{"time":"2026-08-22T21:05:26.3272539+08:00","level":"INFO","msg":"HTTP 访问","method":"GET","path":"/api/system/status","status":200,"latency":"212.9909ms","ip":"::1","trace_id":"439dc109ad5866e99a1401d8"}
{"time":"2026-08-22T21:05:31.3405377+08:00","level":"INFO","msg":"HTTP 访问","method":"GET","path":"/api/system/status","status":200,"latency":"210.6565ms","ip":"::1","trace_id":"807bc0aa86caea990ef90c65"}
{"time":"2026-08-22T21:05:36.3266064+08:00","level":"INFO","msg":"HTTP 访问","method":"GET","path":"/api/system/status","status":200,"latency":"210.51ms","ip":"::1","trace_id":"e0962b474406d5b9fe6f3e84"}
{"time":"2026-08-22T21:06:21.6805766+08:00","level":"INFO","msg":"HTTP 访问","method":"GET","path":"/api/system/status","status":200,"latency":"206.8936ms","ip":"::1","trace_id":"c613f96b2fd90e7ebebcbb38"}
{"time":"2026-08-22T21:06:21.8874166+08:00","level":"INFO","msg":"HTTP 访问","method":"GET","path":"/api/system/status","status":200,"latency":"206.2387ms","ip":"::1","trace_id":"1fb4c5a0dad190988d1ae0b6"}
{"time":"2026-08-22T21:06:22.6918814+08:00","level":"INFO","msg":"HTTP 访问","method":"GET","path":"/api/files","status":200,"latency":"0s","ip":"::1","trace_id":"44355b6658254a085aa68692"}
{"time":"2026-08-22T21:06:22.7019636+08:00","level":"INFO","msg":"HTTP 访问","method":"GET","path":"/api/storage/stats","status":200,"latency":"0s","ip":"::1","trace_id":"813838f48210d341d88b9f32"}
{"time":"2026-08-22T21:06:25.339631+08:00","level":"INFO","msg":"HTTP 访问","method":"GET","path":"/api/system/status","status":200,"latency":"209.0906ms","ip":"::1","trace_id":"4b15f20bcffc77a9f58f9d88"}
{"time":"2026-08-22T21:06:30.3251236+08:00","level":"INFO","msg":"HTTP 访问","method":"GET","path":"/api/system/status","status":200,"latency":"205.6173ms","ip":"::1","trace_id":"bb6c9fdac25f7c82b79b7254"}
{"time":"2026-08-22T21:06:34.707743+08:00","level":"INFO","msg":"HTTP 访问","method":"GET","path":"/api/files/trash","status":200,"latency":"0s","ip":"::1","trace_id":"560240e2181ad04027379213"}
{"time":"2026-08-22T21:06:35.3286888+08:00","level":"INFO","msg":"HTTP 访问","method":"GET","path":"/api/system/status","status":200,"latency":"207.508ms","ip":"::1","trace_id":"e05f7c689e8ee1fe8eea6d7a"}
{"time":"2026-08-22T21:06:36.1672203+08:00","level":"INFO","msg":"HTTP 访问","method":"GET","path":"/api/files","status":200,"latency":"511.8µs","ip":"::1","trace_id":"abaf8aad3f515fdb0d09f99d"}
{"time":"2026-08-22T21:06:36.1748167+08:00","level":"INFO","msg":"HTTP 访问","method":"GET","path":"/api/storage/stats","status":200,"latency":"0s","ip":"::1","trace_id":"09636a763ef4d4bc03b0b280"}
{"time":"2026-08-22T21:06:39.9252486+08:00","level":"INFO","msg":"HTTP 访问","method":"GET","path":"/api/system/status","status":200,"latency":"229.2573ms","ip":"::1","trace_id":"dc588d207d09e2577b3057f6"}
{"time":"2026-08-22T21:06:40.1429638+08:00","level":"INFO","msg":"HTTP 访问","method":"GET","path":"/api/system/status","status":200,"latency":"216.2939ms","ip":"::1","trace_id":"f00abfdfbdffa1da98bc07e7"}
{"time":"2026-08-22T21:06:41.2998196+08:00","level":"INFO","msg":"HTTP 访问","method":"GET","path":"/api/system/status","status":200,"latency":"205.5585ms","ip":"::1","trace_id":"67ba43416233296060108972"}
{"time":"2026-08-22T21:06:44.5529941+08:00","level":"INFO","msg":"HTTP 访问","method":"GET","path":"/api/files","status":200,"latency":"336.7µs","ip":"::1","trace_id":"8df05b71e59041f862d271dd"}
{"time":"2026-08-22T21:06:44.5620349+08:00","level":"INFO","msg":"HTTP 访问","method":"GET","path":"/api/storage/stats","status":200,"latency":"0s","ip":"::1","trace_id":"dc207b43b5bf0b8aa873b6be"}
{"time":"2026-08-22T21:06:44.90203+08:00","level":"INFO","msg":"HTTP 访问","method":"GET","path":"/api/system/status","status":200,"latency":"203.196ms","ip":"::1","trace_id":"e8599cb15f8e9318d27cb468"}
{"time":"2026-08-22T21:06:46.2731015+08:00","level":"INFO","msg":"HTTP 访问","method":"GET","path":"/api/files/trash","status":200,"latency":"0s","ip":"::1","trace_id":"dd9f763d211c0c0c89ed521e"}
{"time":"2026-08-22T21:06:47.0931625+08:00","level":"INFO","msg":"HTTP 访问","method":"GET","path":"/api/admin/users","status":200,"latency":"0s","ip":"::1","trace_id":"c308cb06fab3c08fe03adb7d"}
{"time":"2026-08-22T21:06:47.0931625+08:00","level":"INFO","msg":"HTTP 访问","method":"GET","path":"/api/admin/settings","status":200,"latency":"0s","ip":"::1","trace_id":"30cff372b8f4ac3b100bba49"}
{"time":"2026-08-22T21:06:47.0931625+08:00","level":"INFO","msg":"HTTP 访问","method":"GET","path":"/api/plugins","status":200,"latency":"0s","ip":"::1","trace_id":"309803f2da418c7dca6e4310"}
{"time":"2026-08-22T21:06:49.9016637+08:00","level":"INFO","msg":"HTTP 访问","method":"GET","path":"/api/system/status","status":200,"latency":"203.6735ms","ip":"::1","trace_id":"9277bba4f1a6ece1274815da"}
{"time":"2026-08-22T21:06:54.9263747+08:00","level":"INFO","msg":"HTTP 访问","method":"GET","path":"/api/system/status","status":200,"latency":"213.6186ms","ip":"::1","trace_id":"f297db902df2f7692330335a"}
{"time":"2026-08-22T21:06:59.91554+08:00","level":"INFO","msg":"HTTP 访问","method":"GET","path":"/api/system/status","status":200,"latency":"207.1232ms","ip":"::1","trace_id":"3b3c421eb9755f36d9668924"}
{"time":"2026-08-22T21:07:04.0263223+08:00","level":"INFO","msg":"HTTP 访问","method":"GET","path":"/api/files/trash","status":200,"latency":"1.5039ms","ip":"::1","trace_id":"a05cf1a1b3ba701f5234b9b9"}
{"time":"2026-08-22T21:07:04.6091974+08:00","level":"INFO","msg":"HTTP 访问","method":"GET","path":"/api/files","status":200,"latency":"1ms","ip":"::1","trace_id":"f4b2dbd78085b837df16523e"}
{"time":"2026-08-22T21:07:04.6178564+08:00","level":"INFO","msg":"HTTP 访问","method":"GET","path":"/api/storage/stats","status":200,"latency":"0s","ip":"::1","trace_id":"4963a2c0c551181d656e5d2a"}
{"time":"2026-08-22T21:07:04.910821+08:00","level":"INFO","msg":"HTTP 访问","method":"GET","path":"/api/system/status","status":200,"latency":"207.9775ms","ip":"::1","trace_id":"069c7600d6aad999b87da8fa"}
{"time":"2026-08-22T21:07:05.7818542+08:00","level":"INFO","msg":"HTTP 访问","method":"GET","path":"/api/admin/settings","status":200,"latency":"0s","ip":"::1","trace_id":"ea6a28b98fb3de9072a034f7"}
{"time":"2026-08-22T21:07:05.7818542+08:00","level":"INFO","msg":"HTTP 访问","method":"GET","path":"/api/admin/users","status":200,"latency":"0s","ip":"::1","trace_id":"1738e53f74c28d1739f10901"}
{"time":"2026-08-22T21:07:05.7818542+08:00","level":"INFO","msg":"HTTP 访问","method":"GET","path":"/api/plugins","status":200,"latency":"0s","ip":"::1","trace_id":"ce7d339069d78e09c7035e42"}
{"time":"2026-08-22T21:07:06.6245552+08:00","level":"INFO","msg":"HTTP 访问","method":"GET","path":"/api/files/trash","status":200,"latency":"524µs","ip":"::1","trace_id":"d48fd96390c3716f996ccf6c"}
{"time":"2026-08-22T21:07:07.1109164+08:00","level":"INFO","msg":"HTTP 访问","method":"GET","path":"/api/admin/users","status":200,"latency":"0s","ip":"::1","trace_id":"318460dcb02aa39f29b5e71f"}
{"time":"2026-08-22T21:07:07.1109164+08:00","level":"INFO","msg":"HTTP 访问","method":"GET","path":"/api/admin/settings","status":200,"latency":"0s","ip":"::1","trace_id":"84f3c6ddc40d88d83428d256"}
{"time":"2026-08-22T21:07:07.1109164+08:00","level":"INFO","msg":"HTTP 访问","method":"GET","path":"/api/plugins","status":200,"latency":"0s","ip":"::1","trace_id":"1e74fd4ded0806f8bddf3efd"}
{"time":"2026-08-22T21:07:09.5418266+08:00","level":"INFO","msg":"HTTP 访问","method":"GET","path":"/api/files/trash","status":200,"latency":"0s","ip":"::1","trace_id":"7f6bc45f3156945cf3787b92"}
{"time":"2026-08-22T21:07:09.910986+08:00","level":"INFO","msg":"HTTP 访问","method":"GET","path":"/api/system/status","status":200,"latency":"211.2598ms","ip":"::1","trace_id":"132efab4a8427e20b9f6c943"}
{"time":"2026-08-22T21:07:10.6079784+08:00","level":"INFO","msg":"HTTP 访问","method":"GET","path":"/api/system/status","status":200,"latency":"205.2226ms","ip":"::1","trace_id":"29179c8c016933774b475f0b"}
{"time":"2026-08-22T21:07:10.8141747+08:00","level":"INFO","msg":"HTTP 访问","method":"GET","path":"/api/system/status","status":200,"latency":"205.6351ms","ip":"::1","trace_id":"844bb6b3d474c0c91f74499c"}
{"time":"2026-08-22T21:07:12.6379085+08:00","level":"INFO","msg":"HTTP 访问","method":"GET","path":"/api/files","status":200,"latency":"0s","ip":"::1","trace_id":"a53d9111bd76f4a0c24bfb13"}
{"time":"2026-08-22T21:07:12.6470012+08:00","level":"INFO","msg":"HTTP 访问","method":"GET","path":"/api/storage/stats","status":200,"latency":"0s","ip":"::1","trace_id":"eb4ac5348c82f853a4e7fcee"}
{"time":"2026-08-22T21:07:15.6135934+08:00","level":"INFO","msg":"HTTP 访问","method":"GET","path":"/api/system/status","status":200,"latency":"206.7405ms","ip":"::1","trace_id":"6d6a15e5a9ad23e8777c47c1"}
{"time":"2026-08-22T21:07:18.2681819+08:00","level":"INFO","msg":"HTTP 访问","method":"GET","path":"/api/admin/settings","status":200,"latency":"0s","ip":"::1","trace_id":"f5ef9063cbff5007dd37451b"}
{"time":"2026-08-22T21:07:18.2681819+08:00","level":"INFO","msg":"HTTP 访问","method":"GET","path":"/api/admin/users","status":200,"latency":"1.0877ms","ip":"::1","trace_id":"0ec48e3056c7bc679e54233d"}
{"time":"2026-08-22T21:07:18.2681819+08:00","level":"INFO","msg":"HTTP 访问","method":"GET","path":"/api/plugins","status":200,"latency":"0s","ip":"::1","trace_id":"8cabd71ef974c287fd232486"}
{"time":"2026-08-22T21:07:20.6092929+08:00","level":"INFO","msg":"HTTP 访问","method":"GET","path":"/api/system/status","status":200,"latency":"204.1516ms","ip":"::1","trace_id":"700f11085b0ade9d43f9d6df"}
{"time":"2026-08-22T21:07:23.0453236+08:00","level":"INFO","msg":"HTTP 访问","method":"GET","path":"/api/admin/users","status":200,"latency":"0s","ip":"::1","trace_id":"3c258c03b21abe09c292fdf4"}
{"time":"2026-08-22T21:07:25.6285796+08:00","level":"INFO","msg":"HTTP 访问","method":"GET","path":"/api/system/status","status":200,"latency":"216.835ms","ip":"::1","trace_id":"c4b0766c85e27000312072b0"}
{"time":"2026-08-22T21:07:30.6150355+08:00","level":"INFO","msg":"HTTP 访问","method":"GET","path":"/api/system/status","status":200,"latency":"205.2031ms","ip":"::1","trace_id":"ffa5f2be147e5ead65789fae"}
{"time":"2026-08-22T21:07:34.487948+08:00","level":"INFO","msg":"系统文件夹选择器返回","path":"Z:\\"}
{"time":"2026-08-22T21:07:34.487948+08:00","level":"INFO","msg":"HTTP 访问","method":"POST","path":"/api/admin/pick-folder","status":200,"latency":"9.2990437s","ip":"::1","trace_id":"fe1d761f6ca313c1b2c302f6"}
{"time":"2026-08-22T21:07:35.6146561+08:00","level":"INFO","msg":"HTTP 访问","method":"GET","path":"/api/system/status","status":200,"latency":"208.9951ms","ip":"::1","trace_id":"50d1212412362054b4f55ec9"}
{"time":"2026-08-22T21:07:36.4356535+08:00","level":"INFO","msg":"HTTP 访问","method":"PUT","path":"/api/admin/users/1/permissions","status":200,"latency":"1.9553ms","ip":"::1","trace_id":"dbee1c786d54b4633f1b1a2f"}
{"time":"2026-08-22T21:07:36.4375402+08:00","level":"INFO","msg":"HTTP 访问","method":"GET","path":"/api/admin/users","status":200,"latency":"0s","ip":"::1","trace_id":"7114b690f19a6feb13c84d59"}
{"time":"2026-08-22T21:07:41.3357824+08:00","level":"INFO","msg":"HTTP 访问","method":"GET","path":"/api/system/status","status":200,"latency":"205.7119ms","ip":"::1","trace_id":"73cdf7436a6dcc7425a5826b"}
{"time":"2026-08-22T21:07:45.1027427+08:00","level":"INFO","msg":"HTTP 访问","method":"GET","path":"/","status":304,"latency":"0s","ip":"::1","trace_id":"14bf8ec9eba2256c359f0b0a"}
{"time":"2026-08-22T21:07:45.1281106+08:00","level":"INFO","msg":"HTTP 访问","method":"GET","path":"/api/auth/me","status":200,"latency":"0s","ip":"::1","trace_id":"d8b8fb2f12d5cabd1248667a"}
{"time":"2026-08-22T21:07:45.1719012+08:00","level":"INFO","msg":"HTTP 访问","method":"GET","path":"/api/admin/settings","status":200,"latency":"0s","ip":"::1","trace_id":"73d6e77cd3f0c2e095ea1234"}
{"time":"2026-08-22T21:07:45.1735811+08:00","level":"INFO","msg":"HTTP 访问","method":"GET","path":"/favicon.ico","status":304,"latency":"1.6799ms","ip":"::1","trace_id":"4f7d3ca8eb7c5313555d64ad"}
{"time":"2026-08-22T21:07:45.3822206+08:00","level":"INFO","msg":"HTTP 访问","method":"GET","path":"/api/system/status","status":200,"latency":"205.7292ms","ip":"::1","trace_id":"2219b141de8e92a58dd8f647"}
{"time":"2026-08-22T21:07:45.5896401+08:00","level":"INFO","msg":"HTTP 访问","method":"GET","path":"/api/system/status","status":200,"latency":"206.1451ms","ip":"::1","trace_id":"6f1b05fdb5d6f7f805007eed"}
{"time":"2026-08-22T21:07:46.3200081+08:00","level":"INFO","msg":"HTTP 访问","method":"GET","path":"/api/system/status","status":200,"latency":"204.5112ms","ip":"::1","trace_id":"e9592f967dff760deccbc720"}
{"time":"2026-08-22T21:07:48.3047522+08:00","level":"INFO","msg":"HTTP 访问","method":"GET","path":"/ws","status":200,"latency":"3.1291904s","ip":"::1","trace_id":"0763d53eb8bdfda8e5725029"}
{"time":"2026-08-22T21:07:51.3216747+08:00","level":"INFO","msg":"HTTP 访问","method":"GET","path":"/api/system/status","status":200,"latency":"205.5774ms","ip":"::1","trace_id":"fbf7b156b42ba6c399dd7541"}
{"time":"2026-08-22T21:07:56.33151+08:00","level":"INFO","msg":"HTTP 访问","method":"GET","path":"/api/system/status","status":200,"latency":"210.7547ms","ip":"::1","trace_id":"0b679f159865a0528c3b2e2d"}
{"time":"2026-08-22T21:07:56.9675245+08:00","level":"INFO","msg":"HTTP 访问","method":"GET","path":"/","status":200,"latency":"0s","ip":"::1","trace_id":"155f6127729cd3c32b8c9426"}
{"time":"2026-08-22T21:07:57.0149898+08:00","level":"INFO","msg":"HTTP 访问","method":"GET","path":"/favicon.ico","status":200,"latency":"973.5µs","ip":"::1","trace_id":"7c0cdcaf04203efaf806ada0"}
{"time":"2026-08-22T21:08:01.3274272+08:00","level":"INFO","msg":"HTTP 访问","method":"GET","path":"/api/system/status","status":200,"latency":"206.7482ms","ip":"::1","trace_id":"f4a083df879c05abf29bd121"}
{"time":"2026-08-22T21:08:05.9405991+08:00","level":"INFO","msg":"HTTP 访问","method":"POST","path":"/api/auth/login","status":200,"latency":"34.6233ms","ip":"::1","trace_id":"e3c4d1b1884fa847cfbe4324"}
{"time":"2026-08-22T21:08:05.9426939+08:00","level":"INFO","msg":"HTTP 访问","method":"GET","path":"/api/auth/me","status":200,"latency":"0s","ip":"::1","trace_id":"893642e1e94667bab484414f"}
{"time":"2026-08-22T21:08:05.9432076+08:00","level":"INFO","msg":"HTTP 访问","method":"GET","path":"/api/admin/settings","status":200,"latency":"0s","ip":"::1","trace_id":"5ef6f45f6ee7d2a6988e9548"}
{"time":"2026-08-22T21:08:06.1668964+08:00","level":"INFO","msg":"HTTP 访问","method":"GET","path":"/api/system/status","status":200,"latency":"209.2353ms","ip":"::1","trace_id":"3b82b73af03cd19c47deae59"}
{"time":"2026-08-22T21:08:06.3272845+08:00","level":"INFO","msg":"HTTP 访问","method":"GET","path":"/api/system/status","status":200,"latency":"208.4701ms","ip":"::1","trace_id":"95cc4b07fdd331752d6aed17"}
{"time":"2026-08-22T21:08:06.373531+08:00","level":"INFO","msg":"HTTP 访问","method":"GET","path":"/api/system/status","status":200,"latency":"205.5513ms","ip":"::1","trace_id":"2fd1b6bdf1146afae46d5b9f"}
{"time":"2026-08-22T21:08:11.2152885+08:00","level":"INFO","msg":"HTTP 访问","method":"GET","path":"/api/system/status","status":200,"latency":"250.4065ms","ip":"::1","trace_id":"c8b71167930b6cf98ef8e52a"}
{"time":"2026-08-22T21:08:11.3263179+08:00","level":"INFO","msg":"HTTP 访问","method":"GET","path":"/api/system/status","status":200,"latency":"213.5475ms","ip":"::1","trace_id":"f712b7078d9f85ef6997995a"}
{"time":"2026-08-22T21:08:11.5361429+08:00","level":"INFO","msg":"HTTP 访问","method":"GET","path":"/api/system/status","status":200,"latency":"207.5244ms","ip":"::1","trace_id":"ce7eb301a4a55b5535886db0"}
{"time":"2026-08-22T21:08:14.1769869+08:00","level":"INFO","msg":"HTTP 访问","method":"GET","path":"/api/system/status","status":200,"latency":"204.5799ms","ip":"::1","trace_id":"c15c36433e5f5603e3c20326"}
{"time":"2026-08-22T21:08:16.1651588+08:00","level":"INFO","msg":"HTTP 访问","method":"GET","path":"/api/system/status","status":200,"latency":"206.4319ms","ip":"::1","trace_id":"c9a5d70947af6133604cc766"}
{"time":"2026-08-22T21:08:16.3402017+08:00","level":"INFO","msg":"HTTP 访问","method":"GET","path":"/api/system/status","status":200,"latency":"220.7632ms","ip":"::1","trace_id":"2e312f2a50b1dfba276cb8c9"}
{"time":"2026-08-22T21:08:16.8693581+08:00","level":"INFO","msg":"HTTP 访问","method":"GET","path":"/api/system/status","status":200,"latency":"205.1287ms","ip":"::1","trace_id":"84a18d3c59908f1a8c8210d1"}
{"time":"2026-08-22T21:08:21.1657136+08:00","level":"INFO","msg":"HTTP 访问","method":"GET","path":"/api/system/status","status":200,"latency":"203.6508ms","ip":"::1","trace_id":"b158c2bd541d2fd54293644c"}
{"time":"2026-08-22T21:08:21.3218598+08:00","level":"INFO","msg":"HTTP 访问","method":"GET","path":"/api/system/status","status":200,"latency":"205.1433ms","ip":"::1","trace_id":"b8d6c90ceeb8b0d6937db103"}
{"time":"2026-08-22T21:08:26.1641956+08:00","level":"INFO","msg":"HTTP 访问","method":"GET","path":"/api/system/status","status":200,"latency":"204.4108ms","ip":"::1","trace_id":"de5cafaaef1bdf5cd96265b4"}
{"time":"2026-08-22T21:08:26.3366146+08:00","level":"INFO","msg":"HTTP 访问","method":"GET","path":"/api/system/status","status":200,"latency":"219.4291ms","ip":"::1","trace_id":"dde8abacabaaf2e1d17f8789"}
{"time":"2026-08-22T21:08:31.1753173+08:00","level":"INFO","msg":"HTTP 访问","method":"GET","path":"/api/system/status","status":200,"latency":"203.3122ms","ip":"::1","trace_id":"1319531e1bb60926ba4d6311"}
{"time":"2026-08-22T21:08:31.3203307+08:00","level":"INFO","msg":"HTTP 访问","method":"GET","path":"/api/system/status","status":200,"latency":"205.5077ms","ip":"::1","trace_id":"2ed6d86d9130134f7811059d"}
{"time":"2026-08-22T21:08:36.1762369+08:00","level":"INFO","msg":"HTTP 访问","method":"GET","path":"/api/system/status","status":200,"latency":"203.4922ms","ip":"::1","trace_id":"8addd459d5eed4681c8f6e68"}
{"time":"2026-08-22T21:08:36.3272944+08:00","level":"INFO","msg":"HTTP 访问","method":"GET","path":"/api/system/status","status":200,"latency":"207.1696ms","ip":"::1","trace_id":"3db6e1ef140e9c9671ab1dba"}
{"time":"2026-08-22T21:08:41.1763022+08:00","level":"INFO","msg":"HTTP 访问","method":"GET","path":"/api/system/status","status":200,"latency":"214.1117ms","ip":"::1","trace_id":"8f33d4f02c7c2598dde65f5d"}
{"time":"2026-08-22T21:08:41.3072127+08:00","level":"INFO","msg":"HTTP 访问","method":"GET","path":"/api/system/status","status":200,"latency":"203.061ms","ip":"::1","trace_id":"1d86e872bfeb98856f57e914"}
{"time":"2026-08-22T21:08:46.1798082+08:00","level":"INFO","msg":"HTTP 访问","method":"GET","path":"/api/system/status","status":200,"latency":"212.2173ms","ip":"::1","trace_id":"c56b678a837d5425a02a42fe"}
{"time":"2026-08-22T21:08:46.3217553+08:00","level":"INFO","msg":"HTTP 访问","method":"GET","path":"/api/system/status","status":200,"latency":"209.2258ms","ip":"::1","trace_id":"e1328a6ead280c613db61359"}
{"time":"2026-08-22T21:08:51.330591+08:00","level":"INFO","msg":"HTTP 访问","method":"GET","path":"/api/system/status","status":200,"latency":"212.8105ms","ip":"::1","trace_id":"f5b8e3e7d8ebf6e1e3adc943"}
{"time":"2026-08-22T21:08:56.327421+08:00","level":"INFO","msg":"HTTP 访问","method":"GET","path":"/api/system/status","status":200,"latency":"212.321ms","ip":"::1","trace_id":"0a8faf40629a2a20b9465ff6"}
{"time":"2026-08-22T21:09:01.1946463+08:00","level":"INFO","msg":"HTTP 访问","method":"GET","path":"/api/system/status","status":200,"latency":"221.695ms","ip":"::1","trace_id":"046c129c676f12f6cc00b512"}
{"time":"2026-08-22T21:09:06.3568204+08:00","level":"INFO","msg":"HTTP 访问","method":"GET","path":"/api/system/status","status":200,"latency":"239.477ms","ip":"::1","trace_id":"f96d27284ce22cfda351f69f"}
{"time":"2026-08-22T21:09:06.5643901+08:00","level":"INFO","msg":"HTTP 访问","method":"GET","path":"/api/system/status","status":200,"latency":"205.2344ms","ip":"::1","trace_id":"10cda71eef9f76891e6225f9"}
{"time":"2026-08-22T21:09:11.3182472+08:00","level":"INFO","msg":"HTTP 访问","method":"GET","path":"/api/system/status","status":200,"latency":"206.162ms","ip":"::1","trace_id":"1c3328d0684802885d592c81"}
{"time":"2026-08-22T21:09:11.3206629+08:00","level":"INFO","msg":"HTTP 访问","method":"GET","path":"/api/system/status","status":200,"latency":"205.4464ms","ip":"::1","trace_id":"4430118bd14ca8fd619c84fc"}
{"time":"2026-08-22T21:09:16.3199867+08:00","level":"INFO","msg":"HTTP 访问","method":"GET","path":"/api/system/status","status":200,"latency":"204.9879ms","ip":"::1","trace_id":"07580fb85a6867becb9f6bbb"}
{"time":"2026-08-22T21:09:21.3212598+08:00","level":"INFO","msg":"HTTP 访问","method":"GET","path":"/api/system/status","status":200,"latency":"205.4961ms","ip":"::1","trace_id":"245932c4842d475840c638fa"}
{"time":"2026-08-22T21:09:26.3587218+08:00","level":"INFO","msg":"HTTP 访问","method":"GET","path":"/api/system/status","status":200,"latency":"241.7853ms","ip":"::1","trace_id":"ed6fd93e523c34816fe8f779"}
{"time":"2026-08-22T21:09:27.3322201+08:00","level":"INFO","msg":"HTTP 访问","method":"GET","path":"/api/system/status","status":200,"latency":"213.7186ms","ip":"::1","trace_id":"c9cb84394b0c99ee2233ad18"}
{"time":"2026-08-22T21:09:31.3233641+08:00","level":"INFO","msg":"HTTP 访问","method":"GET","path":"/api/system/status","status":200,"latency":"216.8077ms","ip":"::1","trace_id":"d9d9f63d6c2c12a0021e1297"}
{"time":"2026-08-22T21:09:36.3308299+08:00","level":"INFO","msg":"HTTP 访问","method":"GET","path":"/api/system/status","status":200,"latency":"211.4957ms","ip":"::1","trace_id":"1d89225a6fe52f7544319fdc"}
{"time":"2026-08-22T21:09:41.3291378+08:00","level":"INFO","msg":"HTTP 访问","method":"GET","path":"/api/system/status","status":200,"latency":"219.4523ms","ip":"::1","trace_id":"67a61dee947d12e107115d3d"}
{"time":"2026-08-22T21:09:46.3626749+08:00","level":"INFO","msg":"HTTP 访问","method":"GET","path":"/api/system/status","status":200,"latency":"217.9985ms","ip":"::1","trace_id":"f1686525c6c22e71ebc8f6ec"}
{"time":"2026-08-22T21:09:51.3204417+08:00","level":"INFO","msg":"HTTP 访问","method":"GET","path":"/api/system/status","status":200,"latency":"202.6959ms","ip":"::1","trace_id":"0bf9cc4deb19917d4571007f"}
{"time":"2026-08-22T21:09:56.3331244+08:00","level":"INFO","msg":"HTTP 访问","method":"GET","path":"/api/system/status","status":200,"latency":"205.7947ms","ip":"::1","trace_id":"37ebf21e4582d8e7cd8cfcc6"}
{"time":"2026-08-22T21:10:01.3300108+08:00","level":"INFO","msg":"HTTP 访问","method":"GET","path":"/api/system/status","status":200,"latency":"205.3505ms","ip":"::1","trace_id":"636799ffc80fa5786c92a293"}
{"time":"2026-08-22T21:10:06.3247571+08:00","level":"INFO","msg":"HTTP 访问","method":"GET","path":"/api/system/status","status":200,"latency":"210.7658ms","ip":"::1","trace_id":"d74f92c28de5bc6233abfd0b"}
{"time":"2026-08-22T21:10:11.3192633+08:00","level":"INFO","msg":"HTTP 访问","method":"GET","path":"/api/system/status","status":200,"latency":"209.0413ms","ip":"::1","trace_id":"908419303fcb0188d6fd2642"}
{"time":"2026-08-22T21:10:27.3356233+08:00","level":"INFO","msg":"HTTP 访问","method":"GET","path":"/api/system/status","status":200,"latency":"224.3753ms","ip":"::1","trace_id":"325b62bb4523b7dde8c15633"}
{"time":"2026-08-22T21:10:27.3356233+08:00","level":"INFO","msg":"HTTP 访问","method":"GET","path":"/api/system/status","status":200,"latency":"225.3867ms","ip":"::1","trace_id":"d42f7e9b80aefff4cc366421"}
{"time":"2026-08-22T21:11:06.3222731+08:00","level":"INFO","msg":"HTTP 访问","method":"GET","path":"/api/system/status","status":200,"latency":"204.3362ms","ip":"::1","trace_id":"5231c985a038e820ff91e47f"}
{"time":"2026-08-22T21:11:11.3292736+08:00","level":"INFO","msg":"HTTP 访问","method":"GET","path":"/api/system/status","status":200,"latency":"210.1282ms","ip":"::1","trace_id":"930f3e916c46fbec8761110e"}
{"time":"2026-08-22T21:11:27.3151832+08:00","level":"INFO","msg":"HTTP 访问","method":"GET","path":"/api/system/status","status":200,"latency":"204.0169ms","ip":"::1","trace_id":"07aaa7dd664517ac8afdbe99"}
{"time":"2026-08-22T21:11:27.3196309+08:00","level":"INFO","msg":"HTTP 访问","method":"GET","path":"/api/system/status","status":200,"latency":"206.2863ms","ip":"::1","trace_id":"1d297650875a83ed57fd159e"}
{"time":"2026-08-22T21:12:06.3234458+08:00","level":"INFO","msg":"HTTP 访问","method":"GET","path":"/api/system/status","status":200,"latency":"203.0177ms","ip":"::1","trace_id":"f4252bc8ecd94428c7173e29"}
{"time":"2026-08-22T21:12:11.3214597+08:00","level":"INFO","msg":"HTTP 访问","method":"GET","path":"/api/system/status","status":200,"latency":"208.4459ms","ip":"::1","trace_id":"12991dca1b711a683f2aceed"}
{"time":"2026-08-22T21:12:27.3096647+08:00","level":"INFO","msg":"HTTP 访问","method":"GET","path":"/api/system/status","status":200,"latency":"206.834ms","ip":"::1","trace_id":"5b92c5aaacb5b47a5ccb7689"}
{"time":"2026-08-22T21:12:27.3096647+08:00","level":"INFO","msg":"HTTP 访问","method":"GET","path":"/api/system/status","status":200,"latency":"205.4061ms","ip":"::1","trace_id":"ac5e47513ce4c9ed4f479695"}
{"time":"2026-08-22T21:13:06.3230278+08:00","level":"INFO","msg":"HTTP 访问","method":"GET","path":"/api/system/status","status":200,"latency":"206.1708ms","ip":"::1","trace_id":"4a92c3cd80bfb185ba99239f"}
{"time":"2026-08-22T21:13:27.3152824+08:00","level":"INFO","msg":"HTTP 访问","method":"GET","path":"/api/system/status","status":200,"latency":"205.799ms","ip":"::1","trace_id":"03edf1b977c582f9fa942dfc"}
{"time":"2026-08-22T21:13:40.6248415+08:00","level":"INFO","msg":"HTTP 访问","method":"GET","path":"/api/system/status","status":200,"latency":"209.7985ms","ip":"::1","trace_id":"cec99de4445156f1fae81c74"}
{"time":"2026-08-22T21:13:41.168061+08:00","level":"INFO","msg":"HTTP 访问","method":"GET","path":"/api/system/status","status":200,"latency":"206.1974ms","ip":"::1","trace_id":"da41d4602b032ffc9a48ba38"}
{"time":"2026-08-22T21:13:46.1934309+08:00","level":"INFO","msg":"HTTP 访问","method":"GET","path":"/api/system/status","status":200,"latency":"221.7525ms","ip":"::1","trace_id":"1da9a8517bac66e0889940e2"}
{"time":"2026-08-22T21:13:46.2743758+08:00","level":"INFO","msg":"HTTP 访问","method":"GET","path":"/api/files","status":200,"latency":"566.7µs","ip":"::1","trace_id":"67771e4d977478ec06a10ae9"}
{"time":"2026-08-22T21:13:46.2878021+08:00","level":"INFO","msg":"HTTP 访问","method":"GET","path":"/api/storage/stats","status":200,"latency":"0s","ip":"::1","trace_id":"2a2c7d2a50662804349acc9d"}
{"time":"2026-08-22T21:13:51.2031773+08:00","level":"INFO","msg":"HTTP 访问","method":"GET","path":"/api/system/status","status":200,"latency":"236.7021ms","ip":"::1","trace_id":"25238fe84bf2afd3ee37ba87"}
{"time":"2026-08-22T21:13:56.1940453+08:00","level":"INFO","msg":"HTTP 访问","method":"GET","path":"/api/system/status","status":200,"latency":"217.7498ms","ip":"::1","trace_id":"526be66cd17bf7cfb1059bb3"}
{"time":"2026-08-22T21:14:01.1790416+08:00","level":"INFO","msg":"HTTP 访问","method":"GET","path":"/api/system/status","status":200,"latency":"206.8837ms","ip":"::1","trace_id":"e9217885c7807f64b709e2bd"}
{"time":"2026-08-22T21:14:06.1633059+08:00","level":"INFO","msg":"HTTP 访问","method":"GET","path":"/api/system/status","status":200,"latency":"204.4082ms","ip":"::1","trace_id":"a0d56aa93f494a2f1940dfa7"}
{"time":"2026-08-22T21:14:06.3689057+08:00","level":"INFO","msg":"HTTP 访问","method":"GET","path":"/api/system/status","status":200,"latency":"203.5797ms","ip":"::1","trace_id":"169950ac25290799f50e04da"}
{"time":"2026-08-22T21:14:08.7053525+08:00","level":"INFO","msg":"HTTP 访问","method":"GET","path":"/api/files","status":200,"latency":"312.6µs","ip":"::1","trace_id":"6fd8232615ab11dd46c51594"}
{"time":"2026-08-22T21:14:08.7078598+08:00","level":"INFO","msg":"HTTP 访问","method":"GET","path":"/api/storage/stats","status":200,"latency":"0s","ip":"::1","trace_id":"fdc130a700ea0302f0d626b6"}
{"time":"2026-08-22T21:14:11.1653154+08:00","level":"INFO","msg":"HTTP 访问","method":"GET","path":"/api/system/status","status":200,"latency":"203.4303ms","ip":"::1","trace_id":"c2d4e4a31e86ea4ed12dded4"}
{"time":"2026-08-22T21:14:12.601962+08:00","level":"INFO","msg":"HTTP 访问","method":"GET","path":"/api/files","status":200,"latency":"0s","ip":"::1","trace_id":"34d6ef4235fcfdbd722a5045"}
{"time":"2026-08-22T21:14:12.6040641+08:00","level":"INFO","msg":"HTTP 访问","method":"GET","path":"/api/storage/stats","status":200,"latency":"0s","ip":"::1","trace_id":"a1bee60228d35ac7c02c1f9b"}
{"time":"2026-08-22T21:14:15.9622968+08:00","level":"INFO","msg":"HTTP 访问","method":"GET","path":"/api/files","status":200,"latency":"0s","ip":"::1","trace_id":"dff501b584dd86a4d5e3c50a"}
{"time":"2026-08-22T21:14:15.964396+08:00","level":"INFO","msg":"HTTP 访问","method":"GET","path":"/api/storage/stats","status":200,"latency":"0s","ip":"::1","trace_id":"48192ce5bbf2011570b7c842"}
{"time":"2026-08-22T21:14:16.1688627+08:00","level":"INFO","msg":"HTTP 访问","method":"GET","path":"/api/system/status","status":200,"latency":"204.9767ms","ip":"::1","trace_id":"d8d7a2c024ef147d977a9f5c"}
{"time":"2026-08-22T21:14:18.0701515+08:00","level":"INFO","msg":"HTTP 访问","method":"GET","path":"/api/files","status":200,"latency":"0s","ip":"::1","trace_id":"ed8a1dffcc63e948b1acf7c8"}
{"time":"2026-08-22T21:14:18.0718774+08:00","level":"INFO","msg":"HTTP 访问","method":"GET","path":"/api/storage/stats","status":200,"latency":"0s","ip":"::1","trace_id":"aed621221c5606f9c9a8cf3b"}
{"time":"2026-08-22T21:14:21.1638573+08:00","level":"INFO","msg":"HTTP 访问","method":"GET","path":"/api/system/status","status":200,"latency":"203.8885ms","ip":"::1","trace_id":"672237f500a0dab8dc98a4cb"}
{"time":"2026-08-22T21:14:24.1600155+08:00","level":"INFO","msg":"HTTP 访问","method":"GET","path":"/api/files","status":200,"latency":"0s","ip":"::1","trace_id":"725582ec90d21a542f7752cb"}
{"time":"2026-08-22T21:14:24.1626441+08:00","level":"INFO","msg":"HTTP 访问","method":"GET","path":"/api/storage/stats","status":200,"latency":"0s","ip":"::1","trace_id":"13ed2a456e9407ea42dd37c1"}
{"time":"2026-08-22T21:14:25.2127255+08:00","level":"INFO","msg":"HTTP 访问","method":"GET","path":"/api/files","status":200,"latency":"0s","ip":"::1","trace_id":"c91ecf8148b2f4820ecd9f61"}
{"time":"2026-08-22T21:14:25.2148756+08:00","level":"INFO","msg":"HTTP 访问","method":"GET","path":"/api/storage/stats","status":200,"latency":"0s","ip":"::1","trace_id":"d4c0621369aafad797428e7a"}
{"time":"2026-08-22T21:14:26.1715393+08:00","level":"INFO","msg":"HTTP 访问","method":"GET","path":"/api/system/status","status":200,"latency":"208.8512ms","ip":"::1","trace_id":"e03581a0d443183373261e04"}
{"time":"2026-08-22T21:14:26.1817142+08:00","level":"INFO","msg":"HTTP 访问","method":"GET","path":"/api/files","status":200,"latency":"0s","ip":"::1","trace_id":"92d2f702f8e3584178b9133a"}
{"time":"2026-08-22T21:14:26.1829093+08:00","level":"INFO","msg":"HTTP 访问","method":"GET","path":"/api/storage/stats","status":200,"latency":"0s","ip":"::1","trace_id":"726a5805523be3b95d2b9a29"}
{"time":"2026-08-22T21:14:27.8120964+08:00","level":"INFO","msg":"HTTP 访问","method":"GET","path":"/api/files","status":200,"latency":"0s","ip":"::1","trace_id":"b2f68f57cbfa1f61c196f206"}
{"time":"2026-08-22T21:14:27.8126051+08:00","level":"INFO","msg":"HTTP 访问","method":"GET","path":"/api/storage/stats","status":200,"latency":"0s","ip":"::1","trace_id":"a1d16825a94d24384230bd1a"}
{"time":"2026-08-22T21:14:31.1672994+08:00","level":"INFO","msg":"HTTP 访问","method":"GET","path":"/api/system/status","status":200,"latency":"205.7045ms","ip":"::1","trace_id":"574dbfd6a95235718edb1fab"}
{"time":"2026-08-22T21:14:31.2678697+08:00","level":"INFO","msg":"HTTP 访问","method":"GET","path":"/api/files","status":200,"latency":"0s","ip":"::1","trace_id":"835082810b17a14742ad4db8"}
{"time":"2026-08-22T21:14:31.2701356+08:00","level":"INFO","msg":"HTTP 访问","method":"GET","path":"/api/storage/stats","status":200,"latency":"0s","ip":"::1","trace_id":"85249d4d3d38b4510820b300"}
{"time":"2026-08-22T21:14:33.0510774+08:00","level":"INFO","msg":"HTTP 访问","method":"GET","path":"/api/files","status":200,"latency":"1.5161ms","ip":"::1","trace_id":"7332cb3eb91e8dd2e6b95812"}
{"time":"2026-08-22T21:14:33.0531287+08:00","level":"INFO","msg":"HTTP 访问","method":"GET","path":"/api/storage/stats","status":200,"latency":"964.4µs","ip":"::1","trace_id":"79b90b27b80f0d5edd498a28"}
{"time":"2026-08-22T21:14:36.1741644+08:00","level":"INFO","msg":"HTTP 访问","method":"GET","path":"/api/system/status","status":200,"latency":"208.4696ms","ip":"::1","trace_id":"5c81a09f6e2cdf50c9430d90"}
{"time":"2026-08-22T21:14:41.212153+08:00","level":"INFO","msg":"HTTP 访问","method":"GET","path":"/api/system/status","status":200,"latency":"225.0219ms","ip":"::1","trace_id":"a1a298cfc7e451567b2fa231"}
{"time":"2026-08-22T21:14:44.0928409+08:00","level":"INFO","msg":"HTTP 访问","method":"GET","path":"/api/files","status":200,"latency":"24.687ms","ip":"::1","trace_id":"b14e319f8bf3432f5c4541e9"}
{"time":"2026-08-22T21:14:44.0943881+08:00","level":"INFO","msg":"HTTP 访问","method":"GET","path":"/api/storage/stats","status":200,"latency":"0s","ip":"::1","trace_id":"43bcd366d66f4fc44d88263a"}
{"time":"2026-08-22T21:14:46.171601+08:00","level":"INFO","msg":"HTTP 访问","method":"GET","path":"/api/system/status","status":200,"latency":"208.6847ms","ip":"::1","trace_id":"c616c802df128cd79b8b77d2"}
{"time":"2026-08-22T21:14:46.1721498+08:00","level":"INFO","msg":"HTTP 访问","method":"GET","path":"/api/files","status":200,"latency":"0s","ip":"::1","trace_id":"c5d8d91299889f3a5ae95322"}
{"time":"2026-08-22T21:14:46.1741816+08:00","level":"INFO","msg":"HTTP 访问","method":"GET","path":"/api/storage/stats","status":200,"latency":"0s","ip":"::1","trace_id":"1c49522b30a572244f1a9b7b"}
{"time":"2026-08-22T21:14:51.1658949+08:00","level":"INFO","msg":"HTTP 访问","method":"GET","path":"/api/system/status","status":200,"latency":"207.1997ms","ip":"::1","trace_id":"e17d5e74242a63938858aaf9"}
{"time":"2026-08-22T21:14:55.0092575+08:00","level":"INFO","msg":"HTTP 访问","method":"GET","path":"/api/files","status":200,"latency":"534.3µs","ip":"::1","trace_id":"0faa588e5a7a819bdad8dc4e"}
{"time":"2026-08-22T21:14:55.0113851+08:00","level":"INFO","msg":"HTTP 访问","method":"GET","path":"/api/storage/stats","status":200,"latency":"0s","ip":"::1","trace_id":"071465cd7d1c01d234636f58"}
{"time":"2026-08-22T21:14:56.1689984+08:00","level":"INFO","msg":"HTTP 访问","method":"GET","path":"/api/system/status","status":200,"latency":"207.261ms","ip":"::1","trace_id":"c209c99f8a562e448601f49b"}
{"time":"2026-08-22T21:14:59.4255938+08:00","level":"INFO","msg":"HTTP 访问","method":"GET","path":"/api/files","status":200,"latency":"914.9933ms","ip":"::1","trace_id":"1019116c9ae123551d47f846"}
{"time":"2026-08-22T21:14:59.4326307+08:00","level":"INFO","msg":"HTTP 访问","method":"GET","path":"/api/storage/stats","status":200,"latency":"0s","ip":"::1","trace_id":"c3b8c80c60787ea89cf5b119"}
{"time":"2026-08-22T21:15:01.1800073+08:00","level":"INFO","msg":"HTTP 访问","method":"GET","path":"/api/system/status","status":200,"latency":"206.3201ms","ip":"::1","trace_id":"c1b19c5e957daad281f989cd"}
{"time":"2026-08-22T21:15:06.1653998+08:00","level":"INFO","msg":"HTTP 访问","method":"GET","path":"/api/system/status","status":200,"latency":"203.3085ms","ip":"::1","trace_id":"e0b066ae73550b0a8106accb"}
{"time":"2026-08-22T21:15:06.3695288+08:00","level":"INFO","msg":"HTTP 访问","method":"GET","path":"/api/system/status","status":200,"latency":"203.0376ms","ip":"::1","trace_id":"66f6d5d13315b8dad050e61f"}
{"time":"2026-08-22T21:15:11.1755308+08:00","level":"INFO","msg":"HTTP 访问","method":"GET","path":"/api/system/status","status":200,"latency":"202.5282ms","ip":"::1","trace_id":"adf14d308a54313ca70532d2"}
{"time":"2026-08-22T21:15:16.0947784+08:00","level":"INFO","msg":"HTTP 访问","method":"GET","path":"/api/files","status":200,"latency":"502.6µs","ip":"::1","trace_id":"edb8aace2906bb8182e6734a"}
{"time":"2026-08-22T21:15:16.1040098+08:00","level":"INFO","msg":"HTTP 访问","method":"GET","path":"/api/storage/stats","status":200,"latency":"596.4µs","ip":"::1","trace_id":"a7d3baf8926172f44307bd64"}
{"time":"2026-08-22T21:15:16.1747818+08:00","level":"INFO","msg":"HTTP 访问","method":"GET","path":"/api/system/status","status":200,"latency":"204.4813ms","ip":"::1","trace_id":"721445a3d28dadc4f8754337"}
{"time":"2026-08-22T21:15:20.4791137+08:00","level":"INFO","msg":"HTTP 访问","method":"GET","path":"/api/files","status":200,"latency":"779.6µs","ip":"::1","trace_id":"07a5870ddfeaa229ab07baa2"}
{"time":"2026-08-22T21:15:20.4811442+08:00","level":"INFO","msg":"HTTP 访问","method":"GET","path":"/api/storage/stats","status":200,"latency":"504µs","ip":"::1","trace_id":"d1f926eeee8d14f442ce67ad"}
{"time":"2026-08-22T21:15:21.1685271+08:00","level":"INFO","msg":"HTTP 访问","method":"GET","path":"/api/system/status","status":200,"latency":"208.8693ms","ip":"::1","trace_id":"036e758695ff1b2e84a8ca86"}
{"time":"2026-08-22T21:15:23.060953+08:00","level":"INFO","msg":"HTTP 访问","method":"GET","path":"/api/files","status":200,"latency":"5.192ms","ip":"::1","trace_id":"b5b76417447cbec3f16a5a56"}
{"time":"2026-08-22T21:15:23.0620663+08:00","level":"INFO","msg":"HTTP 访问","method":"GET","path":"/api/storage/stats","status":200,"latency":"0s","ip":"::1","trace_id":"1e7abcddeac40d1a66f5f98b"}
{"time":"2026-08-22T21:15:24.2457631+08:00","level":"INFO","msg":"HTTP 访问","method":"GET","path":"/api/files","status":200,"latency":"4.746ms","ip":"::1","trace_id":"cd4e173308617934be9ac403"}
{"time":"2026-08-22T21:15:24.2476296+08:00","level":"INFO","msg":"HTTP 访问","method":"GET","path":"/api/storage/stats","status":200,"latency":"0s","ip":"::1","trace_id":"6ad619a5bc1d168e50edb1ff"}
{"time":"2026-08-22T21:15:26.1864156+08:00","level":"INFO","msg":"HTTP 访问","method":"GET","path":"/api/system/status","status":200,"latency":"211.6494ms","ip":"::1","trace_id":"55805740fef8c17bac81b0fd"}
{"time":"2026-08-22T21:15:31.1783752+08:00","level":"INFO","msg":"HTTP 访问","method":"GET","path":"/api/system/status","status":200,"latency":"208.2344ms","ip":"::1","trace_id":"3d6c22dd0cd9feae5f99f3af"}
{"time":"2026-08-22T21:15:36.2283156+08:00","level":"INFO","msg":"HTTP 访问","method":"GET","path":"/api/system/status","status":200,"latency":"268.1847ms","ip":"::1","trace_id":"0d14fc7a6571725219fcffae"}
{"time":"2026-08-22T21:15:41.1624575+08:00","level":"INFO","msg":"HTTP 访问","method":"GET","path":"/api/system/status","status":200,"latency":"203.5297ms","ip":"::1","trace_id":"19af6e998e320d0e5d2f88ef"}
{"time":"2026-08-22T21:15:46.1943117+08:00","level":"INFO","msg":"HTTP 访问","method":"GET","path":"/api/system/status","status":200,"latency":"228.4829ms","ip":"::1","trace_id":"cbe44fbe3b6a3f1b9eccf762"}
{"time":"2026-08-22T21:15:51.3088256+08:00","level":"INFO","msg":"HTTP 访问","method":"GET","path":"/api/system/status","status":200,"latency":"203.2364ms","ip":"::1","trace_id":"24ed74bef9f3f4e03e0a8e6e"}
{"time":"2026-08-22T21:15:56.3274332+08:00","level":"INFO","msg":"HTTP 访问","method":"GET","path":"/api/system/status","status":200,"latency":"204.393ms","ip":"::1","trace_id":"18213281b4262750db312db9"}
{"time":"2026-08-22T21:16:01.3220998+08:00","level":"INFO","msg":"HTTP 访问","method":"GET","path":"/api/system/status","status":200,"latency":"205.5645ms","ip":"::1","trace_id":"7e0b4903128aeeefff414664"}
{"time":"2026-08-22T21:16:06.327542+08:00","level":"INFO","msg":"HTTP 访问","method":"GET","path":"/api/system/status","status":200,"latency":"203.57ms","ip":"::1","trace_id":"40d04ba6ee33ea62c50a329e"}
{"time":"2026-08-22T21:16:06.551612+08:00","level":"INFO","msg":"HTTP 访问","method":"GET","path":"/api/system/status","status":200,"latency":"222.9305ms","ip":"::1","trace_id":"3336bbff7868cf76ee8544d0"}
{"time":"2026-08-22T21:16:11.3147544+08:00","level":"INFO","msg":"HTTP 访问","method":"GET","path":"/api/system/status","status":200,"latency":"202.7325ms","ip":"::1","trace_id":"28586344b9c3deac56a6a5d5"}
{"time":"2026-08-22T21:16:16.3248058+08:00","level":"INFO","msg":"HTTP 访问","method":"GET","path":"/api/system/status","status":200,"latency":"210.2857ms","ip":"::1","trace_id":"311f372d9454df95fb8ebb69"}
{"time":"2026-08-22T21:16:21.346231+08:00","level":"INFO","msg":"HTTP 访问","method":"GET","path":"/api/system/status","status":200,"latency":"226.1258ms","ip":"::1","trace_id":"34ab97ad8f92c3283e6dcd45"}
{"time":"2026-08-22T21:16:26.318659+08:00","level":"INFO","msg":"HTTP 访问","method":"GET","path":"/api/system/status","status":200,"latency":"205.8835ms","ip":"::1","trace_id":"a3400319253e871a625d14d0"}
{"time":"2026-08-22T21:16:31.3390331+08:00","level":"INFO","msg":"HTTP 访问","method":"GET","path":"/api/system/status","status":200,"latency":"221.1049ms","ip":"::1","trace_id":"f892e778494b932181e49762"}
{"time":"2026-08-22T21:16:36.3202194+08:00","level":"INFO","msg":"HTTP 访问","method":"GET","path":"/api/system/status","status":200,"latency":"207.6929ms","ip":"::1","trace_id":"7eb09901398c95eb06d9fa30"}
{"time":"2026-08-22T21:16:41.3171206+08:00","level":"INFO","msg":"HTTP 访问","method":"GET","path":"/api/system/status","status":200,"latency":"202.5377ms","ip":"::1","trace_id":"b53563e3821ab8a838c9331b"}
{"time":"2026-08-22T21:16:46.3223656+08:00","level":"INFO","msg":"HTTP 访问","method":"GET","path":"/api/system/status","status":200,"latency":"205.06ms","ip":"::1","trace_id":"fdfdfb7a5a5c43825eb47c98"}
{"time":"2026-08-22T21:17:27.3328503+08:00","level":"INFO","msg":"HTTP 访问","method":"GET","path":"/api/system/status","status":200,"latency":"226.201ms","ip":"::1","trace_id":"136ce8648ee38a5ca0700ec6"}
{"time":"2026-08-22T21:17:27.5397455+08:00","level":"INFO","msg":"HTTP 访问","method":"GET","path":"/api/system/status","status":200,"latency":"205.7113ms","ip":"::1","trace_id":"a590cfa082e12c79cc065f91"}
{"time":"2026-08-22T21:18:02.2162878+08:00","level":"INFO","msg":"HTTP 访问","method":"GET","path":"/api/system/status","status":200,"latency":"217.0885ms","ip":"::1","trace_id":"fbdf2fe5fe36b9ce2f4678a7"}
{"time":"2026-08-22T21:18:06.164718+08:00","level":"INFO","msg":"HTTP 访问","method":"GET","path":"/api/system/status","status":200,"latency":"203.155ms","ip":"::1","trace_id":"c3e565fc069a9c2a62b3236d"}
{"time":"2026-08-22T21:18:06.3693461+08:00","level":"INFO","msg":"HTTP 访问","method":"GET","path":"/api/system/status","status":200,"latency":"203.4944ms","ip":"::1","trace_id":"9aa0bef6fde0b3e415342807"}
{"time":"2026-08-22T21:18:07.3271632+08:00","level":"INFO","msg":"HTTP 访问","method":"GET","path":"/api/files","status":200,"latency":"429.3µs","ip":"::1","trace_id":"a255eeca3dcd6289c1401dd8"}
{"time":"2026-08-22T21:18:07.3287568+08:00","level":"INFO","msg":"HTTP 访问","method":"GET","path":"/api/storage/stats","status":200,"latency":"0s","ip":"::1","trace_id":"06ae735ba00331b7d0e76d08"}
{"time":"2026-08-22T21:18:08.6488807+08:00","level":"INFO","msg":"HTTP 访问","method":"GET","path":"/api/system/status","status":200,"latency":"205.0493ms","ip":"::1","trace_id":"14c10564eee3c45afe51c598"}
{"time":"2026-08-22T21:18:08.8573513+08:00","level":"INFO","msg":"HTTP 访问","method":"GET","path":"/api/system/status","status":200,"latency":"207.1238ms","ip":"::1","trace_id":"a0afbd1f2f969ccc99515955"}
{"time":"2026-08-22T21:18:09.2577504+08:00","level":"INFO","msg":"HTTP 访问","method":"GET","path":"/api/files","status":200,"latency":"0s","ip":"::1","trace_id":"1324eb7b7a3283f9afc60ab2"}
{"time":"2026-08-22T21:18:09.2612975+08:00","level":"INFO","msg":"HTTP 访问","method":"GET","path":"/api/storage/stats","status":200,"latency":"1ms","ip":"::1","trace_id":"c90b675238b3104b35d629a2"}
{"time":"2026-08-22T21:18:09.8402968+08:00","level":"INFO","msg":"HTTP 访问","method":"GET","path":"/api/files/trash","status":200,"latency":"0s","ip":"::1","trace_id":"baab278bf7ac38c67743feb3"}
{"time":"2026-08-22T21:18:10.532224+08:00","level":"INFO","msg":"HTTP 访问","method":"GET","path":"/api/files","status":200,"latency":"607.6µs","ip":"::1","trace_id":"b67fcdc11b3ffed73df3a725"}
{"time":"2026-08-22T21:18:10.5353033+08:00","level":"INFO","msg":"HTTP 访问","method":"GET","path":"/api/storage/stats","status":200,"latency":"0s","ip":"::1","trace_id":"977f9f13ccb79586ecc5c01c"}
{"time":"2026-08-22T21:18:13.2828461+08:00","level":"INFO","msg":"HTTP 访问","method":"GET","path":"/api/admin/users","status":200,"latency":"0s","ip":"::1","trace_id":"6fae919210dc85d6c523cb87"}
{"time":"2026-08-22T21:18:13.2828461+08:00","level":"INFO","msg":"HTTP 访问","method":"GET","path":"/api/plugins","status":200,"latency":"0s","ip":"::1","trace_id":"6f34527a19fac02d66d5b282"}
{"time":"2026-08-22T21:18:13.2834322+08:00","level":"INFO","msg":"HTTP 访问","method":"GET","path":"/api/admin/settings","status":200,"latency":"0s","ip":"::1","trace_id":"b74972e0ffa8bbaccd4a6bf2"}
{"time":"2026-08-22T21:18:13.6535627+08:00","level":"INFO","msg":"HTTP 访问","method":"GET","path":"/api/system/status","status":200,"latency":"203.626ms","ip":"::1","trace_id":"4d28e70142d21d7fcd98228f"}
{"time":"2026-08-22T21:18:14.626483+08:00","level":"INFO","msg":"HTTP 访问","method":"GET","path":"/api/files/trash","status":200,"latency":"0s","ip":"::1","trace_id":"c09a5b35b0e327f92faf35e2"}
{"time":"2026-08-22T21:18:15.7517304+08:00","level":"INFO","msg":"HTTP 访问","method":"GET","path":"/api/system/status","status":200,"latency":"207.0592ms","ip":"::1","trace_id":"67a62497c84f725675830586"}
{"time":"2026-08-22T21:18:15.9808136+08:00","level":"INFO","msg":"HTTP 访问","method":"GET","path":"/api/system/status","status":200,"latency":"216.057ms","ip":"::1","trace_id":"f60185fc7ff1cbd10ad0de72"}
{"time":"2026-08-22T21:18:20.7595195+08:00","level":"INFO","msg":"HTTP 访问","method":"GET","path":"/api/system/status","status":200,"latency":"213.8477ms","ip":"::1","trace_id":"4c2109b68256b7f653d7b63e"}
{"time":"2026-08-22T21:18:21.1899317+08:00","level":"INFO","msg":"HTTP 访问","method":"GET","path":"/api/files","status":200,"latency":"0s","ip":"::1","trace_id":"49004bf97d2ee86940e75bce"}
{"time":"2026-08-22T21:18:21.193359+08:00","level":"INFO","msg":"HTTP 访问","method":"GET","path":"/api/storage/stats","status":200,"latency":"0s","ip":"::1","trace_id":"213d3a95736cbedb1cc6ea4f"}
{"time":"2026-08-22T21:18:25.7487696+08:00","level":"INFO","msg":"HTTP 访问","method":"GET","path":"/api/system/status","status":200,"latency":"203.4089ms","ip":"::1","trace_id":"96ed65787b1dff000b86eff6"}
{"time":"2026-08-22T21:18:30.7589444+08:00","level":"INFO","msg":"HTTP 访问","method":"GET","path":"/api/system/status","status":200,"latency":"205.4176ms","ip":"::1","trace_id":"62330fa9d2baaf4d7c3b022a"}
{"time":"2026-08-22T21:18:35.7663537+08:00","level":"INFO","msg":"HTTP 访问","method":"GET","path":"/api/system/status","status":200,"latency":"204.355ms","ip":"::1","trace_id":"834cf68e5b251a1ba6ade2a8"}
{"time":"2026-08-22T21:18:37.0016409+08:00","level":"INFO","msg":"HTTP 访问","method":"POST","path":"/api/files/342/share","status":200,"latency":"5.0066ms","ip":"::1","trace_id":"3a98b352d9c702783bf6c109"}
{"time":"2026-08-22T21:18:40.7981458+08:00","level":"INFO","msg":"HTTP 访问","method":"GET","path":"/api/system/status","status":200,"latency":"229.3793ms","ip":"::1","trace_id":"7d600f23de709f2637f47a78"}
{"time":"2026-08-22T21:18:45.7606699+08:00","level":"INFO","msg":"HTTP 访问","method":"GET","path":"/api/system/status","status":200,"latency":"205.4729ms","ip":"::1","trace_id":"da5570a1b2408264b38629fb"}
{"time":"2026-08-22T21:18:51.0817553+08:00","level":"INFO","msg":"HTTP 访问","method":"GET","path":"/api/files/share/11dca3419ac5ab980e1795267fdf509d","status":200,"latency":"37.2858ms","ip":"::1","trace_id":"0fb53b931b8ad23c159f4b31"}
{"time":"2026-08-22T21:18:51.3109493+08:00","level":"INFO","msg":"HTTP 访问","method":"GET","path":"/api/system/status","status":200,"latency":"205.3982ms","ip":"::1","trace_id":"8700431e319b602428b12124"}
{"time":"2026-08-22T21:18:55.051195+08:00","level":"INFO","msg":"HTTP 访问","method":"GET","path":"/api/files/share/11dca3419ac5ab980e1795267fdf509d","status":200,"latency":"1.6903ms","ip":"::1","trace_id":"b929def288aa9bc952aea0d6"}
{"time":"2026-08-22T21:18:56.3228946+08:00","level":"INFO","msg":"HTTP 访问","method":"GET","path":"/api/system/status","status":200,"latency":"205.1724ms","ip":"::1","trace_id":"e26a558909b319bf49a2f721"}
{"time":"2026-08-22T21:19:01.3228009+08:00","level":"INFO","msg":"HTTP 访问","method":"GET","path":"/api/system/status","status":200,"latency":"216.1119ms","ip":"::1","trace_id":"1d0d7d93b28535fd6de44601"}
{"time":"2026-08-22T21:19:04.4060979+08:00","level":"INFO","msg":"HTTP 访问","method":"GET","path":"/api/system/status","status":200,"latency":"211.6973ms","ip":"::1","trace_id":"dfa72602573afd4073a6d8f0"}
{"time":"2026-08-22T21:19:04.6238274+08:00","level":"INFO","msg":"HTTP 访问","method":"GET","path":"/api/system/status","status":200,"latency":"211.784ms","ip":"::1","trace_id":"4e13385f257095e253f9d579"}
{"time":"2026-08-22T21:19:05.2621532+08:00","level":"INFO","msg":"HTTP 访问","method":"GET","path":"/api/files/trash","status":200,"latency":"458.5µs","ip":"::1","trace_id":"0dd281311b07d5ae407e6c19"}
{"time":"2026-08-22T21:19:05.759122+08:00","level":"INFO","msg":"HTTP 访问","method":"GET","path":"/api/plugins","status":200,"latency":"0s","ip":"::1","trace_id":"18236f4c2e2c93e10c0c2beb"}
{"time":"2026-08-22T21:19:05.759122+08:00","level":"INFO","msg":"HTTP 访问","method":"GET","path":"/api/admin/settings","status":200,"latency":"0s","ip":"::1","trace_id":"e8b28030ab4c84584fc09b38"}
{"time":"2026-08-22T21:19:05.759122+08:00","level":"INFO","msg":"HTTP 访问","method":"GET","path":"/api/admin/users","status":200,"latency":"0s","ip":"::1","trace_id":"86d594e5e2c68abd4550c020"}
{"time":"2026-08-22T21:19:09.4162648+08:00","level":"INFO","msg":"HTTP 访问","method":"GET","path":"/api/system/status","status":200,"latency":"211.3101ms","ip":"::1","trace_id":"0539204b63b49c2a92655899"}
{"time":"2026-08-22T21:19:14.4179723+08:00","level":"INFO","msg":"HTTP 访问","method":"GET","path":"/api/system/status","status":200,"latency":"208.239ms","ip":"::1","trace_id":"c03078dde0418a42ed46fc7d"}
{"time":"2026-08-22T21:19:19.4086322+08:00","level":"INFO","msg":"HTTP 访问","method":"GET","path":"/api/system/status","status":200,"latency":"206.2918ms","ip":"::1","trace_id":"7c7ae59e53291730122129c4"}
{"time":"2026-08-22T21:19:25.3138502+08:00","level":"INFO","msg":"HTTP 访问","method":"GET","path":"/api/system/status","status":200,"latency":"208.5897ms","ip":"::1","trace_id":"1b977f7e0d6d0f72c4b205db"}
{"time":"2026-08-22T21:19:30.3069261+08:00","level":"INFO","msg":"HTTP 访问","method":"GET","path":"/api/system/status","status":200,"latency":"202.9649ms","ip":"::1","trace_id":"fe2d2aa7be3579aa5ad9a1f1"}
{"time":"2026-08-22T21:19:31.9740033+08:00","level":"INFO","msg":"收到退出信号，开始优雅关闭"}
{"time":"2026-08-22T21:19:31.9740033+08:00","level":"INFO","msg":"定时任务调度器已停止"}
{"time":"2026-08-22T21:19:31.9740033+08:00","level":"INFO","msg":"定时任务调度器已停止"}
{"time":"2026-08-22T21:19:31.9750031+08:00","level":"INFO","msg":"WebSocket Hub 已关闭"}
{"time":"2026-08-22T21:20:15.3286298+08:00","level":"WARN","msg":"默认主人账号已就绪","username":"admin","role":"master","id":0,"提示":"主人密码仅可通过 config.toml 的 [auth] 段修改"}
{"time":"2026-08-22T21:20:15.3301958+08:00","level":"INFO","msg":"定时任务调度器已启动","count":0}
{"time":"2026-08-22T21:20:15.3384191+08:00","level":"INFO","msg":"异步任务 Worker 已启动","size":4}
{"time":"2026-08-22T21:20:15.339436+08:00","level":"WARN","msg":"MQTT 连接失败（降级运行，仅支持本地设备）","broker":"tcp://localhost:1883","error":"连接 MQTT broker 失败: dial tcp :1883: connectex: No connection could be made because the target machine actively refused it."}
{"time":"2026-08-22T21:20:15.339436+08:00","level":"INFO","msg":"定时任务调度器已启动","count":0}
{"time":"2026-08-22T21:20:15.339436+08:00","level":"INFO","msg":"IoT 服务已启动"}
{"time":"2026-08-22T21:20:15.3399628+08:00","level":"INFO","msg":"WebDAV 已挂载","prefix":"/dav"}
{"time":"2026-08-22T21:20:15.3399628+08:00","level":"INFO","msg":"HTTP 服务启动","addr":":8080"}
{"time":"2026-08-22T21:20:15.5763411+08:00","level":"INFO","msg":"HTTP 访问","method":"GET","path":"/api/system/status","status":200,"latency":"206.4958ms","ip":"::1","trace_id":"4e5b19f8667c1569dd4473a4"}
{"time":"2026-08-22T21:20:20.3200378+08:00","level":"INFO","msg":"HTTP 访问","method":"GET","path":"/api/system/status","status":200,"latency":"203.7122ms","ip":"::1","trace_id":"c74e39b345ca856c5ceeaac1"}
{"time":"2026-08-22T21:20:22.3412966+08:00","level":"INFO","msg":"收到退出信号，开始优雅关闭"}
{"time":"2026-08-22T21:20:22.3412966+08:00","level":"INFO","msg":"定时任务调度器已停止"}
{"time":"2026-08-22T21:20:22.3438489+08:00","level":"INFO","msg":"定时任务调度器已停止"}
{"time":"2026-08-22T21:20:22.3438489+08:00","level":"INFO","msg":"WebSocket Hub 已关闭"}
{"time":"2026-08-22T22:15:51.1229649+08:00","level":"WARN","msg":"默认主人账号已就绪","username":"admin","role":"master","id":0,"提示":"主人密码仅可通过 config.toml 的 [auth] 段修改"}
{"time":"2026-08-22T22:15:51.1239647+08:00","level":"INFO","msg":"定时任务调度器已启动","count":0}
{"time":"2026-08-22T22:15:51.1239647+08:00","level":"INFO","msg":"异步任务 Worker 已启动","size":4}
{"time":"2026-08-22T22:15:51.1249654+08:00","level":"WARN","msg":"MQTT 连接失败（降级运行，仅支持本地设备）","broker":"tcp://localhost:1883","error":"连接 MQTT broker 失败: dial tcp :1883: connectex: No connection could be made because the target machine actively refused it."}
{"time":"2026-08-22T22:15:51.1249654+08:00","level":"INFO","msg":"定时任务调度器已启动","count":0}
{"time":"2026-08-22T22:15:51.1249654+08:00","level":"INFO","msg":"IoT 服务已启动"}
{"time":"2026-08-22T22:15:51.1249654+08:00","level":"INFO","msg":"WebDAV 已挂载","prefix":"/dav"}
{"time":"2026-08-22T22:15:51.1249654+08:00","level":"INFO","msg":"HTTP 服务启动","addr":":8080"}
{"time":"2026-08-22T22:15:51.5616127+08:00","level":"INFO","msg":"HTTP 访问","method":"GET","path":"/api/system/status","status":200,"latency":"204.8654ms","ip":"::1","trace_id":"cb0d2a928b1b07334dbfbe61"}
{"time":"2026-08-22T22:15:56.2855059+08:00","level":"INFO","msg":"HTTP 访问","method":"GET","path":"/api/system/status","status":200,"latency":"203.0915ms","ip":"::1","trace_id":"d1ce03db30b5f247ef0719ea"}
{"time":"2026-08-22T22:15:58.9527318+08:00","level":"INFO","msg":"HTTP 访问","method":"GET","path":"/","status":304,"latency":"40.2491ms","ip":"::1","trace_id":"828d9709c8338e6d7064c0e1"}
{"time":"2026-08-22T22:15:58.9739388+08:00","level":"INFO","msg":"HTTP 访问","method":"GET","path":"/api/auth/me","status":200,"latency":"0s","ip":"::1","trace_id":"a7912d3c4edbe428cbaa985b"}
{"time":"2026-08-22T22:15:58.9950693+08:00","level":"INFO","msg":"HTTP 访问","method":"GET","path":"/api/admin/settings","status":200,"latency":"0s","ip":"::1","trace_id":"17a4ec9024c8e01d848db8bf"}
{"time":"2026-08-22T22:15:58.9969143+08:00","level":"INFO","msg":"HTTP 访问","method":"GET","path":"/favicon.ico","status":304,"latency":"508.3µs","ip":"127.0.0.1","trace_id":"97865de5b0084a82608b50cf"}
{"time":"2026-08-22T22:15:59.2170899+08:00","level":"INFO","msg":"HTTP 访问","method":"GET","path":"/api/system/status","status":200,"latency":"203.2389ms","ip":"127.0.0.1","trace_id":"4cf536c78a2f019aa82d9591"}
{"time":"2026-08-22T22:15:59.4212541+08:00","level":"INFO","msg":"HTTP 访问","method":"GET","path":"/api/system/status","status":200,"latency":"202.7744ms","ip":"::1","trace_id":"3d1b8d1e119165c6c2df068e"}
{"time":"2026-08-22T22:16:02.9028369+08:00","level":"INFO","msg":"HTTP 访问","method":"GET","path":"/api/files","status":200,"latency":"0s","ip":"::1","trace_id":"6904c1b5d464ed1e1b7e3a08"}
{"time":"2026-08-22T22:16:02.9066671+08:00","level":"INFO","msg":"HTTP 访问","method":"GET","path":"/api/storage/stats","status":200,"latency":"0s","ip":"::1","trace_id":"be7dcbe2e2c8beaa80bd50e7"}
{"time":"2026-08-22T22:16:04.2146076+08:00","level":"INFO","msg":"HTTP 访问","method":"GET","path":"/api/system/status","status":200,"latency":"203.7321ms","ip":"::1","trace_id":"9ca7403fb9285e649c0e3cdd"}
{"time":"2026-08-22T22:16:06.6741855+08:00","level":"INFO","msg":"HTTP 访问","method":"GET","path":"/api/files","status":200,"latency":"0s","ip":"::1","trace_id":"5df2b49b7cf1315ebf7b63f3"}
{"time":"2026-08-22T22:16:06.6778053+08:00","level":"INFO","msg":"HTTP 访问","method":"GET","path":"/api/storage/stats","status":200,"latency":"0s","ip":"::1","trace_id":"84f215f30437335a39717d41"}
{"time":"2026-08-22T22:16:09.2141248+08:00","level":"INFO","msg":"HTTP 访问","method":"GET","path":"/api/system/status","status":200,"latency":"203.6775ms","ip":"::1","trace_id":"8177374aefcef70d0b640d66"}
{"time":"2026-08-22T22:16:11.6278321+08:00","level":"INFO","msg":"HTTP 访问","method":"GET","path":"/api/files/trash","status":200,"latency":"0s","ip":"::1","trace_id":"8d8fee11c9144b8131c3b2d1"}
{"time":"2026-08-22T22:16:13.0906495+08:00","level":"INFO","msg":"HTTP 访问","method":"GET","path":"/api/files","status":200,"latency":"0s","ip":"::1","trace_id":"acd28222174bed65177a2b19"}
{"time":"2026-08-22T22:16:13.1007296+08:00","level":"INFO","msg":"HTTP 访问","method":"GET","path":"/api/storage/stats","status":200,"latency":"0s","ip":"::1","trace_id":"f98e4a63f6eee7fd30f14df7"}
{"time":"2026-08-22T22:16:14.2247493+08:00","level":"INFO","msg":"HTTP 访问","method":"GET","path":"/api/system/status","status":200,"latency":"202.736ms","ip":"::1","trace_id":"35251ce521eb4791ac6a47b6"}
{"time":"2026-08-22T22:16:14.2705471+08:00","level":"INFO","msg":"HTTP 访问","method":"GET","path":"/api/admin/users","status":200,"latency":"0s","ip":"::1","trace_id":"d3529daf9a6420c6c70aaae4"}
{"time":"2026-08-22T22:16:14.2705471+08:00","level":"INFO","msg":"HTTP 访问","method":"GET","path":"/api/admin/settings","status":200,"latency":"0s","ip":"::1","trace_id":"fd655ededf4e127f16f191a9"}
{"time":"2026-08-22T22:16:14.2710698+08:00","level":"INFO","msg":"HTTP 访问","method":"GET","path":"/api/plugins","status":200,"latency":"0s","ip":"::1","trace_id":"457ddadf25a75c211709bffc"}
{"time":"2026-08-22T22:16:19.2243921+08:00","level":"INFO","msg":"HTTP 访问","method":"GET","path":"/api/system/status","status":200,"latency":"202.5424ms","ip":"::1","trace_id":"96bb60c2105f1d7b2deef67e"}
{"time":"2026-08-22T22:16:24.2274306+08:00","level":"INFO","msg":"HTTP 访问","method":"GET","path":"/api/system/status","status":200,"latency":"203.3305ms","ip":"::1","trace_id":"bd04e29f2834b64b092bcfbc"}
{"time":"2026-08-22T22:16:24.4463389+08:00","level":"INFO","msg":"HTTP 访问","method":"POST","path":"/api/admin/pick-folder","status":200,"latency":"3.4989857s","ip":"::1","trace_id":"da5ff863636ef351035ba2aa"}
{"time":"2026-08-22T22:16:26.8986856+08:00","level":"INFO","msg":"HTTP 访问","method":"POST","path":"/api/admin/pick-folder","status":200,"latency":"1.4069577s","ip":"::1","trace_id":"d1b4fd03148f9461902e2465"}
{"time":"2026-08-22T22:16:29.217628+08:00","level":"INFO","msg":"HTTP 访问","method":"GET","path":"/api/system/status","status":200,"latency":"202.7875ms","ip":"::1","trace_id":"7d51c7cedd5886ebec6c2792"}
{"time":"2026-08-22T22:16:31.2942643+08:00","level":"INFO","msg":"HTTP 访问","method":"GET","path":"/api/files/trash","status":200,"latency":"0s","ip":"::1","trace_id":"295a57d2e61e88b95820d2f3"}
{"time":"2026-08-22T22:16:34.2951048+08:00","level":"INFO","msg":"HTTP 访问","method":"GET","path":"/api/system/status","status":200,"latency":"203.2434ms","ip":"::1","trace_id":"3416a3f67784c594bb164e35"}
{"time":"2026-08-22T22:16:39.2997531+08:00","level":"INFO","msg":"HTTP 访问","method":"GET","path":"/api/system/status","status":200,"latency":"205.9297ms","ip":"::1","trace_id":"0ab98b22fd71f802e0cf1d2a"}
{"time":"2026-08-22T22:16:44.2931571+08:00","level":"INFO","msg":"HTTP 访问","method":"GET","path":"/api/system/status","status":200,"latency":"206.2458ms","ip":"::1","trace_id":"0d46e3dbd8529d8bae6069fa"}
{"time":"2026-08-22T22:16:48.0767973+08:00","level":"INFO","msg":"HTTP 访问","method":"GET","path":"/api/files","status":200,"latency":"503µs","ip":"::1","trace_id":"62b6b0bcd2c82d469c69ef2b"}
{"time":"2026-08-22T22:16:48.08609+08:00","level":"INFO","msg":"HTTP 访问","method":"GET","path":"/api/storage/stats","status":200,"latency":"0s","ip":"::1","trace_id":"897c6de8145ff02e547b12e6"}
{"time":"2026-08-22T22:16:49.2359613+08:00","level":"INFO","msg":"HTTP 访问","method":"GET","path":"/api/system/status","status":200,"latency":"219.0837ms","ip":"::1","trace_id":"894a91373ecef288904eb1ee"}
{"time":"2026-08-22T22:16:54.2240707+08:00","level":"INFO","msg":"HTTP 访问","method":"GET","path":"/api/system/status","status":200,"latency":"203.0553ms","ip":"::1","trace_id":"0f02c85494d5dce0fd710b75"}
{"time":"2026-08-22T22:16:55.9624631+08:00","level":"INFO","msg":"HTTP 访问","method":"GET","path":"/api/system/status","status":200,"latency":"203.8305ms","ip":"::1","trace_id":"f99c8baff695763ca8633926"}
{"time":"2026-08-22T22:16:56.1681168+08:00","level":"INFO","msg":"HTTP 访问","method":"GET","path":"/api/system/status","status":200,"latency":"205.1446ms","ip":"::1","trace_id":"2c1711ecc3416d358945c508"}
{"time":"2026-08-22T22:16:57.0737911+08:00","level":"INFO","msg":"HTTP 访问","method":"GET","path":"/api/files/trash","status":200,"latency":"0s","ip":"::1","trace_id":"e068979aa9d48b4c4c2c08b1"}
{"time":"2026-08-22T22:16:58.0164993+08:00","level":"INFO","msg":"HTTP 访问","method":"GET","path":"/api/files","status":200,"latency":"503.1µs","ip":"::1","trace_id":"091eab61a46b3afaf115637b"}
{"time":"2026-08-22T22:16:58.0259088+08:00","level":"INFO","msg":"HTTP 访问","method":"GET","path":"/api/storage/stats","status":200,"latency":"0s","ip":"::1","trace_id":"c8a52cd55c79fc98788595c8"}
{"time":"2026-08-22T22:17:00.9767657+08:00","level":"INFO","msg":"HTTP 访问","method":"GET","path":"/api/system/status","status":200,"latency":"203.4084ms","ip":"::1","trace_id":"98b19aaa64a08fc2301c541a"}
{"time":"2026-08-22T22:17:05.9721819+08:00","level":"INFO","msg":"HTTP 访问","method":"GET","path":"/api/system/status","status":200,"latency":"204.262ms","ip":"::1","trace_id":"d159c5775ae94419b26248c6"}
{"time":"2026-08-22T22:17:07.0673111+08:00","level":"INFO","msg":"HTTP 访问","method":"GET","path":"/api/admin/users","status":200,"latency":"0s","ip":"::1","trace_id":"02c6e609003b17148c9da574"}
{"time":"2026-08-22T22:17:07.0673111+08:00","level":"INFO","msg":"HTTP 访问","method":"GET","path":"/api/admin/settings","status":200,"latency":"0s","ip":"::1","trace_id":"cf54614b91bb8e162ab32552"}
{"time":"2026-08-22T22:17:07.0673111+08:00","level":"INFO","msg":"HTTP 访问","method":"GET","path":"/api/plugins","status":200,"latency":"0s","ip":"::1","trace_id":"5b7f1a9755de3959f4d22e09"}
{"time":"2026-08-22T22:17:08.8689981+08:00","level":"INFO","msg":"HTTP 访问","method":"GET","path":"/api/files","status":200,"latency":"504.1µs","ip":"::1","trace_id":"cf6f223b6c9eb8a75eb821d7"}
{"time":"2026-08-22T22:17:08.8785307+08:00","level":"INFO","msg":"HTTP 访问","method":"GET","path":"/api/storage/stats","status":200,"latency":"0s","ip":"::1","trace_id":"5a2ef59eb7db7ad5c285f675"}
{"time":"2026-08-22T22:17:10.963109+08:00","level":"INFO","msg":"HTTP 访问","method":"GET","path":"/api/system/status","status":200,"latency":"203.479ms","ip":"::1","trace_id":"a740a0a850dd3fe8a399b386"}
{"time":"2026-08-22T22:17:12.690673+08:00","level":"INFO","msg":"HTTP 访问","method":"GET","path":"/api/files/13/versions","status":200,"latency":"0s","ip":"::1","trace_id":"464dc5503f2aff5392a1ab77"}
{"time":"2026-08-22T22:17:15.9623167+08:00","level":"INFO","msg":"HTTP 访问","method":"GET","path":"/api/system/status","status":200,"latency":"204.3432ms","ip":"::1","trace_id":"8d1dea5ffcdfc277dde0c9ad"}
{"time":"2026-08-22T22:17:17.9568038+08:00","level":"INFO","msg":"HTTP 访问","method":"GET","path":"/api/files","status":200,"latency":"0s","ip":"::1","trace_id":"8286b9baf555216f2421d75f"}
{"time":"2026-08-22T22:17:17.9598895+08:00","level":"INFO","msg":"HTTP 访问","method":"GET","path":"/api/storage/stats","status":200,"latency":"0s","ip":"::1","trace_id":"1231f5255d557c9a547e1c0f"}
{"time":"2026-08-22T22:17:20.8296346+08:00","level":"INFO","msg":"HTTP 访问","method":"GET","path":"/api/files/trash","status":200,"latency":"0s","ip":"::1","trace_id":"716c4628e1d27075a7fea6ee"}
{"time":"2026-08-22T22:17:20.9629304+08:00","level":"INFO","msg":"HTTP 访问","method":"GET","path":"/api/system/status","status":200,"latency":"203.2718ms","ip":"::1","trace_id":"34e11a63337cee75d0253022"}
{"time":"2026-08-22T22:17:21.5625216+08:00","level":"INFO","msg":"HTTP 访问","method":"GET","path":"/api/admin/users","status":200,"latency":"0s","ip":"::1","trace_id":"ed11ed392c17057dcc9a7f1f"}
{"time":"2026-08-22T22:17:21.5625216+08:00","level":"INFO","msg":"HTTP 访问","method":"GET","path":"/api/admin/settings","status":200,"latency":"0s","ip":"::1","trace_id":"affa9a8c57812d59d8d8fc64"}
{"time":"2026-08-22T22:17:21.5625216+08:00","level":"INFO","msg":"HTTP 访问","method":"GET","path":"/api/plugins","status":200,"latency":"0s","ip":"::1","trace_id":"3a9f58ebbd84d11eec56bcf5"}
{"time":"2026-08-22T22:17:25.8403058+08:00","level":"INFO","msg":"HTTP 访问","method":"GET","path":"/api/system/status","status":200,"latency":"203.5659ms","ip":"::1","trace_id":"f6f9852ddf61bbd736238b48"}
{"time":"2026-08-22T22:17:26.0452837+08:00","level":"INFO","msg":"HTTP 访问","method":"GET","path":"/api/system/status","status":200,"latency":"204.4749ms","ip":"::1","trace_id":"62448feab080d4b70c066633"}
{"time":"2026-08-22T22:17:29.7935591+08:00","level":"INFO","msg":"收到退出信号，开始优雅关闭"}
{"time":"2026-08-22T22:17:29.7935591+08:00","level":"INFO","msg":"定时任务调度器已停止"}
{"time":"2026-08-22T22:17:29.7935591+08:00","level":"INFO","msg":"定时任务调度器已停止"}
{"time":"2026-08-22T22:17:29.7935591+08:00","level":"INFO","msg":"WebSocket Hub 已关闭"}
{"time":"2026-08-22T22:22:08.885595+08:00","level":"WARN","msg":"默认主人账号已就绪","username":"admin","role":"master","id":0,"提示":"主人密码仅可通过 config.toml 的 [auth] 段修改"}
{"time":"2026-08-22T22:22:08.8865943+08:00","level":"INFO","msg":"定时任务调度器已启动","count":0}
{"time":"2026-08-22T22:22:08.8865943+08:00","level":"INFO","msg":"异步任务 Worker 已启动","size":4}
{"time":"2026-08-22T22:22:08.887595+08:00","level":"WARN","msg":"MQTT 连接失败（降级运行，仅支持本地设备）","broker":"tcp://localhost:1883","error":"连接 MQTT broker 失败: dial tcp :1883: connectex: No connection could be made because the target machine actively refused it."}
{"time":"2026-08-22T22:22:08.887595+08:00","level":"INFO","msg":"定时任务调度器已启动","count":0}
{"time":"2026-08-22T22:22:08.887595+08:00","level":"INFO","msg":"IoT 服务已启动"}
{"time":"2026-08-22T22:22:08.887595+08:00","level":"INFO","msg":"WebDAV 已挂载","prefix":"/dav"}
{"time":"2026-08-22T22:22:08.887595+08:00","level":"INFO","msg":"HTTP 服务启动","addr":":8080"}
{"time":"2026-08-22T22:22:19.7531077+08:00","level":"INFO","msg":"HTTP 访问","method":"GET","path":"/api/system/status","status":200,"latency":"206.243ms","ip":"::1","trace_id":"1eae9cfc0b1159815551c256"}
{"time":"2026-08-22T22:22:21.2882944+08:00","level":"INFO","msg":"HTTP 访问","method":"GET","path":"/api/system/status","status":200,"latency":"204.1781ms","ip":"::1","trace_id":"ad9229ff605295f9f5c6336b"}
{"time":"2026-08-22T22:22:23.9799366+08:00","level":"INFO","msg":"HTTP 访问","method":"GET","path":"/","status":304,"latency":"0s","ip":"::1","trace_id":"44e8947ebcdd709b80df2f34"}
{"time":"2026-08-22T22:22:24.0052938+08:00","level":"INFO","msg":"HTTP 访问","method":"GET","path":"/api/auth/me","status":200,"latency":"0s","ip":"::1","trace_id":"20bbc601b017cc1404f3d554"}
{"time":"2026-08-22T22:22:24.0166704+08:00","level":"INFO","msg":"HTTP 访问","method":"GET","path":"/api/admin/settings","status":200,"latency":"0s","ip":"::1","trace_id":"49fd19880afc72ca8941f496"}
{"time":"2026-08-22T22:22:24.2274753+08:00","level":"INFO","msg":"HTTP 访问","method":"GET","path":"/api/system/status","status":200,"latency":"206.7898ms","ip":"::1","trace_id":"41748c23c2fc9110bc5155f5"}
{"time":"2026-08-22T22:22:24.4348221+08:00","level":"INFO","msg":"HTTP 访问","method":"GET","path":"/api/system/status","status":200,"latency":"206.2938ms","ip":"::1","trace_id":"ae5391e2aac70204cea1af07"}
{"time":"2026-08-22T22:22:25.0756351+08:00","level":"INFO","msg":"HTTP 访问","method":"GET","path":"/api/files","status":200,"latency":"956.7µs","ip":"::1","trace_id":"0a369f73b42895c7b7215b3b"}
{"time":"2026-08-22T22:22:25.0786612+08:00","level":"INFO","msg":"HTTP 访问","method":"GET","path":"/api/storage/stats","status":200,"latency":"0s","ip":"::1","trace_id":"3c06a1d9e5887e1cb34d8e32"}
{"time":"2026-08-22T22:22:25.552218+08:00","level":"INFO","msg":"HTTP 访问","method":"GET","path":"/api/files/trash","status":200,"latency":"723µs","ip":"::1","trace_id":"bfdb0ca45f829c64828d6b3a"}
{"time":"2026-08-22T22:22:29.2299018+08:00","level":"INFO","msg":"HTTP 访问","method":"GET","path":"/api/system/status","status":200,"latency":"205.153ms","ip":"::1","trace_id":"943864b91bf3e433006feb7e"}
{"time":"2026-08-22T22:22:34.238056+08:00","level":"INFO","msg":"HTTP 访问","method":"GET","path":"/api/system/status","status":200,"latency":"204.2756ms","ip":"::1","trace_id":"384d319e6f721080eb5bb7d5"}
{"time":"2026-08-22T22:22:39.2390474+08:00","level":"INFO","msg":"HTTP 访问","method":"GET","path":"/api/system/status","status":200,"latency":"205.2983ms","ip":"::1","trace_id":"b38eef498c3d60e3bcfc5fe1"}
{"time":"2026-08-22T22:22:44.2306582+08:00","level":"INFO","msg":"HTTP 访问","method":"GET","path":"/api/system/status","status":200,"latency":"205.6888ms","ip":"::1","trace_id":"575defdb320e72d62c717245"}
{"time":"2026-08-22T22:22:49.2392634+08:00","level":"INFO","msg":"HTTP 访问","method":"GET","path":"/api/system/status","status":200,"latency":"208.9376ms","ip":"::1","trace_id":"e562576f7c769a529af26275"}
{"time":"2026-08-22T22:22:54.252249+08:00","level":"INFO","msg":"HTTP 访问","method":"GET","path":"/api/system/status","status":200,"latency":"217.8075ms","ip":"::1","trace_id":"3899c28b3ddec494e7b7a61d"}
{"time":"2026-08-22T22:22:55.4828916+08:00","level":"INFO","msg":"HTTP 访问","method":"GET","path":"/api/system/status","status":200,"latency":"205.7595ms","ip":"::1","trace_id":"36c9d711ac3ff542697b5356"}
{"time":"2026-08-22T22:22:55.6901429+08:00","level":"INFO","msg":"HTTP 访问","method":"GET","path":"/api/system/status","status":200,"latency":"206.0516ms","ip":"::1","trace_id":"7536aa18b46627d1df561867"}
{"time":"2026-08-22T22:23:00.501731+08:00","level":"INFO","msg":"HTTP 访问","method":"GET","path":"/api/system/status","status":200,"latency":"217.857ms","ip":"::1","trace_id":"31f57fe033c80ac28b09d627"}
{"time":"2026-08-22T22:23:05.4957+08:00","level":"INFO","msg":"HTTP 访问","method":"GET","path":"/api/system/status","status":200,"latency":"207.2126ms","ip":"::1","trace_id":"d4900c844dcc39af4b797426"}
{"time":"2026-08-22T22:23:10.4974423+08:00","level":"INFO","msg":"HTTP 访问","method":"GET","path":"/api/system/status","status":200,"latency":"206.0945ms","ip":"::1","trace_id":"1725e983fb22d425adee3509"}
{"time":"2026-08-22T22:23:15.4838003+08:00","level":"INFO","msg":"HTTP 访问","method":"GET","path":"/api/system/status","status":200,"latency":"205.8991ms","ip":"::1","trace_id":"48691c4dd2c9a50813cb7431"}
{"time":"2026-08-22T22:23:20.4925897+08:00","level":"INFO","msg":"HTTP 访问","method":"GET","path":"/api/system/status","status":200,"latency":"203.2544ms","ip":"::1","trace_id":"ad288e613781103a8da6149a"}
{"time":"2026-08-22T22:23:25.4943512+08:00","level":"INFO","msg":"HTTP 访问","method":"GET","path":"/api/system/status","status":200,"latency":"203.3214ms","ip":"::1","trace_id":"4096257c031681bfe987f415"}
{"time":"2026-08-22T22:23:30.4968616+08:00","level":"INFO","msg":"HTTP 访问","method":"GET","path":"/api/system/status","status":200,"latency":"205.6194ms","ip":"::1","trace_id":"2538f80900a633240ffb0538"}
{"time":"2026-08-22T22:23:35.487373+08:00","level":"INFO","msg":"HTTP 访问","method":"GET","path":"/api/system/status","status":200,"latency":"207.5197ms","ip":"::1","trace_id":"2d321e45f1af1e1106fadc91"}
{"time":"2026-08-22T22:23:40.5229002+08:00","level":"INFO","msg":"HTTP 访问","method":"GET","path":"/api/system/status","status":200,"latency":"209.0605ms","ip":"::1","trace_id":"ce7d8da25659109c7e80c1c4"}
{"time":"2026-08-22T22:23:45.4814725+08:00","level":"INFO","msg":"HTTP 访问","method":"GET","path":"/api/system/status","status":200,"latency":"203.3667ms","ip":"::1","trace_id":"dbc854b937d515ca67269368"}
{"time":"2026-08-22T22:23:50.4854249+08:00","level":"INFO","msg":"HTTP 访问","method":"GET","path":"/api/system/status","status":200,"latency":"207.1146ms","ip":"::1","trace_id":"ffef8e9ee2c65a10bc4bc67c"}
{"time":"2026-08-22T22:23:55.5850872+08:00","level":"INFO","msg":"HTTP 访问","method":"GET","path":"/api/system/status","status":200,"latency":"300.4506ms","ip":"::1","trace_id":"f3ee5219158bdb1ea5900bdb"}
{"time":"2026-08-22T22:23:55.8189473+08:00","level":"INFO","msg":"HTTP 访问","method":"GET","path":"/api/system/status","status":200,"latency":"208.7569ms","ip":"::1","trace_id":"7dad9c138ee54158c74af066"}
{"time":"2026-08-22T22:24:00.4943672+08:00","level":"INFO","msg":"HTTP 访问","method":"GET","path":"/api/system/status","status":200,"latency":"205.5906ms","ip":"::1","trace_id":"ba0d27808ab07e9a0445452b"}
{"time":"2026-08-22T22:24:05.4874834+08:00","level":"INFO","msg":"HTTP 访问","method":"GET","path":"/api/system/status","status":200,"latency":"205.783ms","ip":"::1","trace_id":"c95f4d3bf3388e17b1aacd02"}
{"time":"2026-08-22T22:24:10.4977919+08:00","level":"INFO","msg":"HTTP 访问","method":"GET","path":"/api/system/status","status":200,"latency":"203.1615ms","ip":"::1","trace_id":"a695780b0b16ddea69d361e3"}
{"time":"2026-08-22T22:24:15.5532804+08:00","level":"INFO","msg":"HTTP 访问","method":"GET","path":"/api/system/status","status":200,"latency":"264.1063ms","ip":"::1","trace_id":"5f99840c09178f34ee390c3d"}
{"time":"2026-08-22T22:24:20.4919858+08:00","level":"INFO","msg":"HTTP 访问","method":"GET","path":"/api/system/status","status":200,"latency":"206.3449ms","ip":"::1","trace_id":"1793c7b963acd482a486e554"}
{"time":"2026-08-22T22:24:25.4966466+08:00","level":"INFO","msg":"HTTP 访问","method":"GET","path":"/api/system/status","status":200,"latency":"210.8465ms","ip":"::1","trace_id":"af1ffb4208d5adaebd9b4818"}
{"time":"2026-08-22T22:24:30.5090084+08:00","level":"INFO","msg":"HTTP 访问","method":"GET","path":"/api/system/status","status":200,"latency":"209.4642ms","ip":"::1","trace_id":"a29a0520765ee54b06084861"}
{"time":"2026-08-22T22:24:35.5500091+08:00","level":"INFO","msg":"HTTP 访问","method":"GET","path":"/api/system/status","status":200,"latency":"211.4147ms","ip":"::1","trace_id":"e3d601c8a165fb0e8c308377"}
{"time":"2026-08-22T22:24:40.4921938+08:00","level":"INFO","msg":"HTTP 访问","method":"GET","path":"/api/system/status","status":200,"latency":"203.0169ms","ip":"::1","trace_id":"876891160cac082330edae51"}
{"time":"2026-08-22T22:24:45.56226+08:00","level":"INFO","msg":"HTTP 访问","method":"GET","path":"/api/system/status","status":200,"latency":"280.045ms","ip":"::1","trace_id":"496123b299748aaa815da9fa"}
{"time":"2026-08-22T22:24:50.4931764+08:00","level":"INFO","msg":"HTTP 访问","method":"GET","path":"/api/system/status","status":200,"latency":"203.7842ms","ip":"::1","trace_id":"5b0de642c60aef33e2fb9f30"}
{"time":"2026-08-22T22:24:55.4847589+08:00","level":"INFO","msg":"HTTP 访问","method":"GET","path":"/api/system/status","status":200,"latency":"202.9653ms","ip":"::1","trace_id":"da400711c61622a6871b20a0"}
{"time":"2026-08-22T22:24:55.691406+08:00","level":"INFO","msg":"HTTP 访问","method":"GET","path":"/api/system/status","status":200,"latency":"205.1191ms","ip":"::1","trace_id":"6d74fbaa9bb6a77691f94a9e"}
{"time":"2026-08-22T22:25:00.4935555+08:00","level":"INFO","msg":"HTTP 访问","method":"GET","path":"/api/system/status","status":200,"latency":"206.3847ms","ip":"::1","trace_id":"a18ffc94566b4e80b10e0f9d"}
{"time":"2026-08-22T22:25:05.4832207+08:00","level":"INFO","msg":"HTTP 访问","method":"GET","path":"/api/system/status","status":200,"latency":"203.2233ms","ip":"::1","trace_id":"546c954b140bb58602d9ee4d"}
{"time":"2026-08-22T22:25:10.4984551+08:00","level":"INFO","msg":"HTTP 访问","method":"GET","path":"/api/system/status","status":200,"latency":"210.3123ms","ip":"::1","trace_id":"d985dd2852a97588000834ee"}
{"time":"2026-08-22T22:25:15.49689+08:00","level":"INFO","msg":"HTTP 访问","method":"GET","path":"/api/system/status","status":200,"latency":"210.664ms","ip":"::1","trace_id":"de63b2dca9c40589eeb58313"}
{"time":"2026-08-22T22:25:20.4984549+08:00","level":"INFO","msg":"HTTP 访问","method":"GET","path":"/api/system/status","status":200,"latency":"207.1106ms","ip":"::1","trace_id":"76c1c57abd494fd6cebd9da3"}
{"time":"2026-08-22T22:25:25.4955622+08:00","level":"INFO","msg":"HTTP 访问","method":"GET","path":"/api/system/status","status":200,"latency":"205.8187ms","ip":"::1","trace_id":"a8a568c000b372d022c700e6"}
{"time":"2026-08-22T22:25:30.4862796+08:00","level":"INFO","msg":"HTTP 访问","method":"GET","path":"/api/system/status","status":200,"latency":"203.6447ms","ip":"::1","trace_id":"40b6de3b92b49b407a3d0d9c"}
{"time":"2026-08-22T22:25:35.4994266+08:00","level":"INFO","msg":"HTTP 访问","method":"GET","path":"/api/system/status","status":200,"latency":"207.0706ms","ip":"::1","trace_id":"1d1708be9c2cda890cc76264"}
{"time":"2026-08-22T22:25:40.5009369+08:00","level":"INFO","msg":"HTTP 访问","method":"GET","path":"/api/system/status","status":200,"latency":"204.1902ms","ip":"::1","trace_id":"9758de7faac07e75eef71fa1"}
{"time":"2026-08-22T22:25:45.4992699+08:00","level":"INFO","msg":"HTTP 访问","method":"GET","path":"/api/system/status","status":200,"latency":"210.9739ms","ip":"::1","trace_id":"ae618a355b6fb381d24d0ab4"}
{"time":"2026-08-22T22:25:50.4925687+08:00","level":"INFO","msg":"HTTP 访问","method":"GET","path":"/api/system/status","status":200,"latency":"204.38ms","ip":"::1","trace_id":"2225e0ca63d7f9f660730be4"}
{"time":"2026-08-22T22:25:55.4867537+08:00","level":"INFO","msg":"HTTP 访问","method":"GET","path":"/api/system/status","status":200,"latency":"203.4335ms","ip":"::1","trace_id":"283b87963534ad1b4d8d549f"}
{"time":"2026-08-22T22:25:55.6931723+08:00","level":"INFO","msg":"HTTP 访问","method":"GET","path":"/api/system/status","status":200,"latency":"205.8565ms","ip":"::1","trace_id":"106825f269a1ffada73d63b1"}
{"time":"2026-08-22T22:26:00.4904121+08:00","level":"INFO","msg":"HTTP 访问","method":"GET","path":"/api/system/status","status":200,"latency":"202.9546ms","ip":"::1","trace_id":"39f8c51b8d237a79dbe82424"}
{"time":"2026-08-22T22:26:05.6369028+08:00","level":"INFO","msg":"HTTP 访问","method":"GET","path":"/api/system/status","status":200,"latency":"324.7567ms","ip":"::1","trace_id":"fbd094b0376d97270df9eb28"}
{"time":"2026-08-22T22:26:10.4962867+08:00","level":"INFO","msg":"HTTP 访问","method":"GET","path":"/api/system/status","status":200,"latency":"206.6025ms","ip":"::1","trace_id":"2b7a30c16df8a3040faf71c9"}
{"time":"2026-08-22T22:26:15.4865234+08:00","level":"INFO","msg":"HTTP 访问","method":"GET","path":"/api/system/status","status":200,"latency":"207.2872ms","ip":"::1","trace_id":"e9dd8467ee24779d21021047"}
{"time":"2026-08-22T22:26:20.4884906+08:00","level":"INFO","msg":"HTTP 访问","method":"GET","path":"/api/system/status","status":200,"latency":"207.2939ms","ip":"::1","trace_id":"bfaccb3b8ca6badef48cfae6"}
{"time":"2026-08-22T22:26:25.5037708+08:00","level":"INFO","msg":"HTTP 访问","method":"GET","path":"/api/system/status","status":200,"latency":"218.8606ms","ip":"::1","trace_id":"bdb35ad6bbb658bc04fd44c8"}
{"time":"2026-08-22T22:26:30.4852666+08:00","level":"INFO","msg":"HTTP 访问","method":"GET","path":"/api/system/status","status":200,"latency":"206.0644ms","ip":"::1","trace_id":"703b6dc9a94b82fb645139b8"}
{"time":"2026-08-22T22:26:35.4880733+08:00","level":"INFO","msg":"HTTP 访问","method":"GET","path":"/api/system/status","status":200,"latency":"205.9072ms","ip":"::1","trace_id":"cb0d2a71cfb789fb3a22ac17"}
{"time":"2026-08-22T22:26:40.4937552+08:00","level":"INFO","msg":"HTTP 访问","method":"GET","path":"/api/system/status","status":200,"latency":"208.4277ms","ip":"::1","trace_id":"2e2be7c188779ec3745bf1dd"}
{"time":"2026-08-22T22:26:45.4853161+08:00","level":"INFO","msg":"HTTP 访问","method":"GET","path":"/api/system/status","status":200,"latency":"203.5018ms","ip":"::1","trace_id":"e3e552e582132cc9874b112e"}
{"time":"2026-08-22T22:26:50.5126153+08:00","level":"INFO","msg":"HTTP 访问","method":"GET","path":"/api/system/status","status":200,"latency":"214.5627ms","ip":"::1","trace_id":"e5dcbbed82ca889780f114e1"}
{"time":"2026-08-22T22:26:55.4900122+08:00","level":"INFO","msg":"HTTP 访问","method":"GET","path":"/api/system/status","status":200,"latency":"205.3422ms","ip":"::1","trace_id":"678be690c2e6403a7651ecb8"}
{"time":"2026-08-22T22:26:55.6983438+08:00","level":"INFO","msg":"HTTP 访问","method":"GET","path":"/api/system/status","status":200,"latency":"206.2788ms","ip":"::1","trace_id":"61cb8c01afb9ceb911a2fe34"}
{"time":"2026-08-22T22:27:00.4882048+08:00","level":"INFO","msg":"HTTP 访问","method":"GET","path":"/api/system/status","status":200,"latency":"205.7817ms","ip":"::1","trace_id":"b85d842ea4e55006401b205d"}
{"time":"2026-08-22T22:27:05.4840563+08:00","level":"INFO","msg":"HTTP 访问","method":"GET","path":"/api/system/status","status":200,"latency":"202.8788ms","ip":"::1","trace_id":"7e4b01a81dc15ab6150971ab"}
{"time":"2026-08-22T22:27:10.496709+08:00","level":"INFO","msg":"HTTP 访问","method":"GET","path":"/api/system/status","status":200,"latency":"205.5249ms","ip":"::1","trace_id":"63d5f653d2ba23e1b62806c6"}
{"time":"2026-08-22T22:27:15.4937751+08:00","level":"INFO","msg":"HTTP 访问","method":"GET","path":"/api/system/status","status":200,"latency":"206.5996ms","ip":"::1","trace_id":"a0480bb18908232a82248076"}
{"time":"2026-08-22T22:27:20.4920391+08:00","level":"INFO","msg":"HTTP 访问","method":"GET","path":"/api/system/status","status":200,"latency":"205.9558ms","ip":"::1","trace_id":"93d1db36ec56ca415655b5ec"}
{"time":"2026-08-22T22:27:25.4996461+08:00","level":"INFO","msg":"HTTP 访问","method":"GET","path":"/api/system/status","status":200,"latency":"222.7658ms","ip":"::1","trace_id":"c41f4655d3e3ff834e226607"}
{"time":"2026-08-22T22:27:30.4956715+08:00","level":"INFO","msg":"HTTP 访问","method":"GET","path":"/api/system/status","status":200,"latency":"218.4576ms","ip":"::1","trace_id":"e752e2eb673453973a6fb040"}
{"time":"2026-08-22T22:27:35.4859712+08:00","level":"INFO","msg":"HTTP 访问","method":"GET","path":"/api/system/status","status":200,"latency":"205.9322ms","ip":"::1","trace_id":"77b163d66b3899dec2d1cc2a"}
{"time":"2026-08-22T22:27:40.4989759+08:00","level":"INFO","msg":"HTTP 访问","method":"GET","path":"/api/system/status","status":200,"latency":"219.3515ms","ip":"::1","trace_id":"438967b147ba7c86cb211042"}
{"time":"2026-08-22T22:27:45.4946917+08:00","level":"INFO","msg":"HTTP 访问","method":"GET","path":"/api/system/status","status":200,"latency":"206.4917ms","ip":"::1","trace_id":"f49a990452aaf5716e2439f5"}
{"time":"2026-08-22T22:27:50.4873068+08:00","level":"INFO","msg":"HTTP 访问","method":"GET","path":"/api/system/status","status":200,"latency":"205.87ms","ip":"::1","trace_id":"b644cfe5659aad8758bb6ef6"}
{"time":"2026-08-22T22:27:55.4869317+08:00","level":"INFO","msg":"HTTP 访问","method":"GET","path":"/api/system/status","status":200,"latency":"206.0642ms","ip":"::1","trace_id":"c84323157d31eeb5201596ee"}
{"time":"2026-08-22T22:27:55.6927563+08:00","level":"INFO","msg":"HTTP 访问","method":"GET","path":"/api/system/status","status":200,"latency":"204.8031ms","ip":"::1","trace_id":"477b16c2771ee885ec011654"}
{"time":"2026-08-22T22:28:00.4892239+08:00","level":"INFO","msg":"HTTP 访问","method":"GET","path":"/api/system/status","status":200,"latency":"211.7534ms","ip":"::1","trace_id":"d14f5c8517b354091a23278b"}
{"time":"2026-08-22T22:28:05.5121962+08:00","level":"INFO","msg":"HTTP 访问","method":"GET","path":"/api/system/status","status":200,"latency":"207.4688ms","ip":"::1","trace_id":"368ed91b97892b4bf5212206"}
{"time":"2026-08-22T22:28:10.4840231+08:00","level":"INFO","msg":"HTTP 访问","method":"GET","path":"/api/system/status","status":200,"latency":"206.8588ms","ip":"::1","trace_id":"3bc7aae9018b1874ac0fce4c"}
{"time":"2026-08-22T22:28:15.4921624+08:00","level":"INFO","msg":"HTTP 访问","method":"GET","path":"/api/system/status","status":200,"latency":"213.4147ms","ip":"::1","trace_id":"affadce9223f33defb9c20e5"}
{"time":"2026-08-22T22:28:20.5426649+08:00","level":"INFO","msg":"HTTP 访问","method":"GET","path":"/api/system/status","status":200,"latency":"255.3532ms","ip":"::1","trace_id":"8e7e6e4f9384a557908ea063"}
{"time":"2026-08-22T22:28:25.4878193+08:00","level":"INFO","msg":"HTTP 访问","method":"GET","path":"/api/system/status","status":200,"latency":"206.568ms","ip":"::1","trace_id":"204076f54f7f931622f949cb"}
{"time":"2026-08-22T22:28:30.4985717+08:00","level":"INFO","msg":"HTTP 访问","method":"GET","path":"/api/system/status","status":200,"latency":"207.3795ms","ip":"::1","trace_id":"ec98b5c7d30f7c0435197dee"}
{"time":"2026-08-22T22:28:35.4954698+08:00","level":"INFO","msg":"HTTP 访问","method":"GET","path":"/api/system/status","status":200,"latency":"203.5094ms","ip":"::1","trace_id":"e4954540e576452f186ede01"}
{"time":"2026-08-22T22:28:40.5011522+08:00","level":"INFO","msg":"HTTP 访问","method":"GET","path":"/api/system/status","status":200,"latency":"208.9195ms","ip":"::1","trace_id":"c2600701d99d70178f575e6c"}
{"time":"2026-08-22T22:28:45.3486124+08:00","level":"WARN","msg":"默认主人账号已就绪","username":"admin","role":"master","id":0,"提示":"主人密码仅可通过 config.toml 的 [auth] 段修改"}
{"time":"2026-08-22T22:28:45.3486124+08:00","level":"INFO","msg":"定时任务调度器已启动","count":0}
{"time":"2026-08-22T22:28:45.3486124+08:00","level":"INFO","msg":"异步任务 Worker 已启动","size":4}
{"time":"2026-08-22T22:28:45.3501222+08:00","level":"WARN","msg":"MQTT 连接失败（降级运行，仅支持本地设备）","broker":"tcp://localhost:1883","error":"连接 MQTT broker 失败: dial tcp :1883: connectex: No connection could be made because the target machine actively refused it."}
{"time":"2026-08-22T22:28:45.3511271+08:00","level":"INFO","msg":"定时任务调度器已启动","count":0}
{"time":"2026-08-22T22:28:45.3511271+08:00","level":"INFO","msg":"IoT 服务已启动"}
{"time":"2026-08-22T22:28:45.3511271+08:00","level":"INFO","msg":"WebDAV 已挂载","prefix":"/dav"}
{"time":"2026-08-22T22:28:45.3511271+08:00","level":"INFO","msg":"HTTP 服务启动","addr":":8080"}
{"time":"2026-08-22T22:28:45.3521266+08:00","level":"ERROR","msg":"HTTP 服务异常退出","error":"listen tcp :8080: bind: Only one usage of each socket address (protocol/network address/port) is normally permitted."}
{"time":"2026-08-22T22:28:45.3521266+08:00","level":"INFO","msg":"定时任务调度器已停止"}
{"time":"2026-08-22T22:28:45.3521266+08:00","level":"INFO","msg":"定时任务调度器已停止"}
{"time":"2026-08-22T22:28:45.3521266+08:00","level":"INFO","msg":"WebSocket Hub 已关闭"}
{"time":"2026-08-22T22:28:45.4850964+08:00","level":"INFO","msg":"HTTP 访问","method":"GET","path":"/api/system/status","status":200,"latency":"206.6364ms","ip":"::1","trace_id":"5090480d10081216f94fb76b"}
{"time":"2026-08-22T22:28:49.5223606+08:00","level":"INFO","msg":"HTTP 访问","method":"POST","path":"/api/auth/login","status":200,"latency":"45.4376ms","ip":"::1","trace_id":"230c8497616508054432a2df"}
{"time":"2026-08-22T22:28:49.5567448+08:00","level":"INFO","msg":"HTTP 访问","method":"GET","path":"/api/files","status":200,"latency":"504.1µs","ip":"::1","trace_id":"c899e75860c367268b7f7552"}
{"time":"2026-08-22T22:28:49.6525786+08:00","level":"INFO","msg":"HTTP 访问","method":"GET","path":"/api/files","status":200,"latency":"691.4µs","ip":"::1","trace_id":"4f157be6cca1b107ee1ecfba"}
{"time":"2026-08-22T22:28:50.4946151+08:00","level":"INFO","msg":"HTTP 访问","method":"GET","path":"/api/system/status","status":200,"latency":"205.9128ms","ip":"::1","trace_id":"af9ef5f79a1fe3abe569d443"}
{"time":"2026-08-22T22:28:56.3099632+08:00","level":"INFO","msg":"HTTP 访问","method":"GET","path":"/api/system/status","status":200,"latency":"209.3964ms","ip":"::1","trace_id":"08bbd27e3e89e1694b5d2461"}
{"time":"2026-08-22T22:28:56.5261755+08:00","level":"INFO","msg":"HTTP 访问","method":"GET","path":"/api/system/status","status":200,"latency":"213.1945ms","ip":"::1","trace_id":"e0128f3a748c14f7d3530eb7"}
{"time":"2026-08-22T22:29:01.2912917+08:00","level":"INFO","msg":"HTTP 访问","method":"GET","path":"/api/system/status","status":200,"latency":"203.9563ms","ip":"::1","trace_id":"9ec01f61278aaafe32660ed9"}
{"time":"2026-08-22T22:29:06.2918341+08:00","level":"INFO","msg":"HTTP 访问","method":"GET","path":"/api/system/status","status":200,"latency":"204.4223ms","ip":"::1","trace_id":"eadba834e9a49c58bd8dd1f7"}
{"time":"2026-08-22T22:29:11.291683+08:00","level":"INFO","msg":"HTTP 访问","method":"GET","path":"/api/system/status","status":200,"latency":"206.7709ms","ip":"::1","trace_id":"468959c70a90f2dc1e1bb0c6"}
{"time":"2026-08-22T22:29:16.2885341+08:00","level":"INFO","msg":"HTTP 访问","method":"GET","path":"/api/system/status","status":200,"latency":"205.5645ms","ip":"::1","trace_id":"8bfead3948d774812c0e5d53"}
{"time":"2026-08-22T22:29:21.2940576+08:00","level":"INFO","msg":"HTTP 访问","method":"GET","path":"/api/system/status","status":200,"latency":"206.3654ms","ip":"::1","trace_id":"7de5ba69db0dfd24050d7d46"}
{"time":"2026-08-22T22:29:26.3137625+08:00","level":"INFO","msg":"HTTP 访问","method":"GET","path":"/api/system/status","status":200,"latency":"219.6262ms","ip":"::1","trace_id":"9a4f52616d5731f9fecad570"}
{"time":"2026-08-22T22:29:31.3024401+08:00","level":"INFO","msg":"HTTP 访问","method":"GET","path":"/api/system/status","status":200,"latency":"211.099ms","ip":"::1","trace_id":"ff6fe96ad9980b793af768b5"}
{"time":"2026-08-22T22:29:36.3046117+08:00","level":"INFO","msg":"HTTP 访问","method":"GET","path":"/api/system/status","status":200,"latency":"207.9202ms","ip":"::1","trace_id":"518179e5c868e442beea02c7"}
{"time":"2026-08-22T22:29:41.2933944+08:00","level":"INFO","msg":"HTTP 访问","method":"GET","path":"/api/system/status","status":200,"latency":"204.4851ms","ip":"::1","trace_id":"aeb8fa46c2e4f3d57ebf8bac"}
{"time":"2026-08-22T22:29:46.2983001+08:00","level":"INFO","msg":"HTTP 访问","method":"GET","path":"/api/system/status","status":200,"latency":"206.4976ms","ip":"::1","trace_id":"e9921ecc5313ac0f29b10c36"}
{"time":"2026-08-22T22:29:51.2962882+08:00","level":"INFO","msg":"HTTP 访问","method":"GET","path":"/api/system/status","status":200,"latency":"203.0857ms","ip":"::1","trace_id":"24c1416106a91563d9a71d88"}
{"time":"2026-08-22T22:30:27.3327649+08:00","level":"INFO","msg":"HTTP 访问","method":"GET","path":"/api/system/status","status":200,"latency":"251.1085ms","ip":"::1","trace_id":"21415c4e739fb98b891da2bb"}
{"time":"2026-08-22T22:30:27.5395623+08:00","level":"INFO","msg":"HTTP 访问","method":"GET","path":"/api/system/status","status":200,"latency":"206.2734ms","ip":"::1","trace_id":"45c7889216779e2738f4db94"}
{"time":"2026-08-22T22:31:13.8934425+08:00","level":"WARN","msg":"默认主人账号已就绪","username":"admin","role":"master","id":0,"提示":"主人密码仅可通过 config.toml 的 [auth] 段修改"}
{"time":"2026-08-22T22:31:13.8944844+08:00","level":"INFO","msg":"定时任务调度器已启动","count":0}
{"time":"2026-08-22T22:31:13.8944844+08:00","level":"INFO","msg":"异步任务 Worker 已启动","size":4}
{"time":"2026-08-22T22:31:13.8955183+08:00","level":"WARN","msg":"MQTT 连接失败（降级运行，仅支持本地设备）","broker":"tcp://localhost:1883","error":"连接 MQTT broker 失败: dial tcp :1883: connectex: No connection could be made because the target machine actively refused it."}
{"time":"2026-08-22T22:31:13.8955183+08:00","level":"INFO","msg":"定时任务调度器已启动","count":0}
{"time":"2026-08-22T22:31:13.8960268+08:00","level":"INFO","msg":"IoT 服务已启动"}
{"time":"2026-08-22T22:31:13.8960268+08:00","level":"INFO","msg":"WebDAV 已挂载","prefix":"/dav"}
{"time":"2026-08-22T22:31:13.8960268+08:00","level":"INFO","msg":"HTTP 服务启动","addr":":8080"}
{"time":"2026-08-22T22:31:18.9190185+08:00","level":"INFO","msg":"HTTP 访问","method":"GET","path":"/api/files","status":200,"latency":"1.0176ms","ip":"::1","trace_id":"92c02a4019303b180bdb4f01"}
{"time":"2026-08-22T22:31:27.3127057+08:00","level":"INFO","msg":"HTTP 访问","method":"GET","path":"/api/system/status","status":200,"latency":"205.4251ms","ip":"::1","trace_id":"fc9bf2502cc0263c49b9a51a"}
{"time":"2026-08-22T22:31:27.5170268+08:00","level":"INFO","msg":"HTTP 访问","method":"GET","path":"/api/system/status","status":200,"latency":"203.2799ms","ip":"::1","trace_id":"927c88369613f7e66999fe81"}
{"time":"2026-08-22T22:31:33.0968815+08:00","level":"INFO","msg":"HTTP 访问","method":"GET","path":"/api/files","status":200,"latency":"31.5153ms","ip":"::1","trace_id":"240145afc36a77fba5d03f03"}
{"time":"2026-08-22T22:32:13.9084047+08:00","level":"WARN","msg":"默认主人账号已就绪","username":"admin","role":"master","id":0,"提示":"主人密码仅可通过 config.toml 的 [auth] 段修改"}
{"time":"2026-08-22T22:32:13.9094104+08:00","level":"INFO","msg":"定时任务调度器已启动","count":0}
{"time":"2026-08-22T22:32:13.9094104+08:00","level":"INFO","msg":"异步任务 Worker 已启动","size":4}
{"time":"2026-08-22T22:32:13.9104105+08:00","level":"WARN","msg":"MQTT 连接失败（降级运行，仅支持本地设备）","broker":"tcp://localhost:1883","error":"连接 MQTT broker 失败: dial tcp :1883: connectex: No connection could be made because the target machine actively refused it."}
{"time":"2026-08-22T22:32:13.9104105+08:00","level":"INFO","msg":"定时任务调度器已启动","count":0}
{"time":"2026-08-22T22:32:13.9104105+08:00","level":"INFO","msg":"IoT 服务已启动"}
{"time":"2026-08-22T22:32:13.9114081+08:00","level":"INFO","msg":"WebDAV 已挂载","prefix":"/dav"}
{"time":"2026-08-22T22:32:13.9114081+08:00","level":"INFO","msg":"HTTP 服务启动","addr":":8080"}
{"time":"2026-08-22T22:32:18.999265+08:00","level":"INFO","msg":"HTTP 访问","method":"GET","path":"/api/files","status":200,"latency":"502.8µs","ip":"::1","trace_id":"f80f1db7add9305be8fbf72e"}
{"time":"2026-08-22T22:32:19.0738505+08:00","level":"INFO","msg":"HTTP 访问","method":"GET","path":"/api/files","status":200,"latency":"0s","ip":"::1","trace_id":"6052017c352190a511ac00c1"}
{"time":"2026-08-22T22:32:19.1766371+08:00","level":"INFO","msg":"HTTP 访问","method":"POST","path":"/api/files/mkdir","status":200,"latency":"2.8542ms","ip":"::1","trace_id":"1203bb707e5cc5f44f7fe18f"}
{"time":"2026-08-22T22:32:19.2160533+08:00","level":"INFO","msg":"HTTP 访问","method":"DELETE","path":"/api/files","status":200,"latency":"4.1163ms","ip":"::1","trace_id":"0d1e3a23ac29bca27037974c"}
{"time":"2026-08-22T22:32:19.2431884+08:00","level":"INFO","msg":"HTTP 访问","method":"GET","path":"/api/files/trash","status":200,"latency":"0s","ip":"::1","trace_id":"00a3898d1aac890344d08965"}
{"time":"2026-08-22T22:32:19.3093203+08:00","level":"WARN","msg":"回收站条目还原失败","id":343,"error":"受保护的系统文件，禁止访问或操作"}
{"time":"2026-08-22T22:32:19.3093203+08:00","level":"WARN","msg":"回收站条目还原失败","id":62,"error":"受保护的系统文件，禁止访问或操作"}
{"time":"2026-08-22T22:32:19.3093203+08:00","level":"WARN","msg":"回收站条目还原失败","id":78,"error":"受保护的系统文件，禁止访问或操作"}
{"time":"2026-08-22T22:32:19.3093203+08:00","level":"INFO","msg":"HTTP 访问","method":"POST","path":"/api/files/trash/restore-all","status":200,"latency":"0s","ip":"::1","trace_id":"c3476370748e8ee20d5dd726"}
{"time":"2026-08-22T22:32:19.4020768+08:00","level":"INFO","msg":"HTTP 访问","method":"DELETE","path":"/api/files","status":200,"latency":"3.062ms","ip":"::1","trace_id":"3ec542110ba8d73e0280dfc2"}
{"time":"2026-08-22T22:32:19.4337669+08:00","level":"INFO","msg":"HTTP 访问","method":"POST","path":"/api/files/trash/purge","status":200,"latency":"3.1112ms","ip":"::1","trace_id":"c55eb72e5ff5f9b1fc0058e1"}
{"time":"2026-08-22T22:32:27.3026234+08:00","level":"INFO","msg":"HTTP 访问","method":"GET","path":"/api/system/status","status":200,"latency":"206.7086ms","ip":"::1","trace_id":"213629fb5b1653280feddb9e"}
{"time":"2026-08-22T22:32:27.5066816+08:00","level":"INFO","msg":"HTTP 访问","method":"GET","path":"/api/system/status","status":200,"latency":"203.1228ms","ip":"::1","trace_id":"00b79576f51d1bc83a38f668"}
{"time":"2026-08-22T22:33:02.6999975+08:00","level":"WARN","msg":"默认主人账号已就绪","username":"admin","role":"master","id":0,"提示":"主人密码仅可通过 config.toml 的 [auth] 段修改"}
{"time":"2026-08-22T22:33:02.7015002+08:00","level":"INFO","msg":"定时任务调度器已启动","count":0}
{"time":"2026-08-22T22:33:02.7015002+08:00","level":"INFO","msg":"异步任务 Worker 已启动","size":4}
{"time":"2026-08-22T22:33:02.7025213+08:00","level":"WARN","msg":"MQTT 连接失败（降级运行，仅支持本地设备）","broker":"tcp://localhost:1883","error":"连接 MQTT broker 失败: dial tcp :1883: connectex: No connection could be made because the target machine actively refused it."}
{"time":"2026-08-22T22:33:02.7025213+08:00","level":"INFO","msg":"定时任务调度器已启动","count":0}
{"time":"2026-08-22T22:33:02.7025213+08:00","level":"INFO","msg":"IoT 服务已启动"}
{"time":"2026-08-22T22:33:02.7025213+08:00","level":"INFO","msg":"WebDAV 已挂载","prefix":"/dav"}
{"time":"2026-08-22T22:33:02.7025213+08:00","level":"INFO","msg":"HTTP 服务启动","addr":":8080"}
{"time":"2026-08-22T22:33:07.7503504+08:00","level":"INFO","msg":"HTTP 访问","method":"POST","path":"/api/files/mkdir","status":200,"latency":"2.5528ms","ip":"::1","trace_id":"8ae47d9598f5111d6e0e1b99"}
{"time":"2026-08-22T22:33:07.8207355+08:00","level":"INFO","msg":"HTTP 访问","method":"DELETE","path":"/api/files","status":200,"latency":"3.7688ms","ip":"::1","trace_id":"0b0aaaa6ef7df05b279a6b4c"}
{"time":"2026-08-22T22:33:07.8508724+08:00","level":"WARN","msg":"回收站条目还原失败","id":62,"error":"open Y:\\.trash\\62_8月账号密码.xlsx: The system cannot find the path specified."}
{"time":"2026-08-22T22:33:07.8508724+08:00","level":"WARN","msg":"回收站条目还原失败","id":78,"error":"open Z:\\.trash\\78_寝室登记表.xlsx: The system cannot find the path specified."}
{"time":"2026-08-22T22:33:07.8508724+08:00","level":"INFO","msg":"HTTP 访问","method":"POST","path":"/api/files/trash/restore-all","status":200,"latency":"3.1197ms","ip":"::1","trace_id":"ae5db6c3c90a750719b81a56"}
{"time":"2026-08-22T22:33:07.9254278+08:00","level":"INFO","msg":"HTTP 访问","method":"DELETE","path":"/api/files","status":200,"latency":"4.1323ms","ip":"::1","trace_id":"0ef4c25c49870b9274f2350f"}
{"time":"2026-08-22T22:33:07.9681308+08:00","level":"INFO","msg":"HTTP 访问","method":"POST","path":"/api/files/trash/clear","status":200,"latency":"8.2229ms","ip":"::1","trace_id":"798232b01c65db0565f58686"}
{"time":"2026-08-22T22:33:22.0532783+08:00","level":"INFO","msg":"HTTP 访问","method":"PROPFIND","path":"/dav/","status":404,"latency":"0s","ip":"::1","trace_id":"0d77fa128a06b20dbee5277c"}
{"time":"2026-08-22T22:33:22.114698+08:00","level":"INFO","msg":"HTTP 访问","method":"PROPFIND","path":"/dav/trash/","status":404,"latency":"0s","ip":"::1","trace_id":"5ba2f5a9ead04b6376f67c2c"}
{"time":"2026-08-22T22:33:22.1427296+08:00","level":"INFO","msg":"HTTP 访问","method":"POST","path":"/api/files/upload/init","status":200,"latency":"0s","ip":"::1","trace_id":"2268899b99d703e1d2d058ee"}
{"time":"2026-08-22T22:33:22.3096311+08:00","level":"INFO","msg":"HTTP 访问","method":"POST","path":"/files/upload/a1d1f88d-3683-49cf-ab6c-5c831417","status":201,"latency":"1.0035ms","ip":"::1","trace_id":"b5a4727dd279ca156cc4a641"}
{"time":"2026-08-22T22:33:22.3492798+08:00","level":"INFO","msg":"HTTP 访问","method":"PATCH","path":"/files/upload/a1d1f88d-3683-49cf-ab6c-5c831417","status":204,"latency":"12.0869ms","ip":"::1","trace_id":"baa63fa7fb5a9a326b5e2b7e"}
{"time":"2026-08-22T22:33:22.3952702+08:00","level":"INFO","msg":"HTTP 访问","method":"GET","path":"/api/files","status":200,"latency":"0s","ip":"::1","trace_id":"6dcedd444aaa73ec2b65e8cc"}
{"time":"2026-08-22T22:33:22.478745+08:00","level":"INFO","msg":"HTTP 访问","method":"GET","path":"/api/files/344/download","status":200,"latency":"503µs","ip":"::1","trace_id":"8eac091872926bf1e2a82273"}
{"time":"2026-08-22T22:33:22.5169516+08:00","level":"INFO","msg":"HTTP 访问","method":"DELETE","path":"/api/files","status":200,"latency":"7.0493ms","ip":"::1","trace_id":"fd983793b24bf76bce00b7af"}
{"time":"2026-08-22T22:33:22.5557514+08:00","level":"INFO","msg":"HTTP 访问","method":"POST","path":"/api/files/trash/clear","status":200,"latency":"11.1282ms","ip":"::1","trace_id":"75846b4e32ca908d15553c96"}
{"time":"2026-08-22T22:33:27.3099304+08:00","level":"INFO","msg":"HTTP 访问","method":"GET","path":"/api/system/status","status":200,"latency":"217.1294ms","ip":"::1","trace_id":"3039b88f4d6efbc0e5b6cf57"}
{"time":"2026-08-22T22:33:27.5255764+08:00","level":"INFO","msg":"HTTP 访问","method":"GET","path":"/api/system/status","status":200,"latency":"214.9882ms","ip":"::1","trace_id":"e6253e3859add90a252e38f0"}
{"time":"2026-08-22T22:33:32.8848376+08:00","level":"INFO","msg":"HTTP 访问","method":"PROPFIND","path":"/dav/","status":404,"latency":"0s","ip":"::1","trace_id":"14f05241880716d1c9ecf3bc"}
{"time":"2026-08-22T22:33:32.9924472+08:00","level":"INFO","msg":"HTTP 访问","method":"PUT","path":"/dav/webdav-test.xml","status":201,"latency":"57.3374ms","ip":"::1","trace_id":"6aba6b49533a192a07b952d6"}
{"time":"2026-08-22T22:33:33.0748839+08:00","level":"INFO","msg":"HTTP 访问","method":"PUT","path":"/dav/trash/xx.xml","status":404,"latency":"56.2819ms","ip":"::1","trace_id":"2cd5350daa68e48e27970bbd"}
{"time":"2026-08-22T22:33:33.1039459+08:00","level":"INFO","msg":"HTTP 访问","method":"PROPFIND","path":"/dav/","status":404,"latency":"0s","ip":"::1","trace_id":"0e354a4207729a15355511a6"}
{"time":"2026-08-22T22:34:19.5742403+08:00","level":"WARN","msg":"默认主人账号已就绪","username":"admin","role":"master","id":0,"提示":"主人密码仅可通过 config.toml 的 [auth] 段修改"}
{"time":"2026-08-22T22:34:19.5753001+08:00","level":"INFO","msg":"定时任务调度器已启动","count":0}
{"time":"2026-08-22T22:34:19.5753001+08:00","level":"INFO","msg":"异步任务 Worker 已启动","size":4}
{"time":"2026-08-22T22:34:19.5763035+08:00","level":"WARN","msg":"MQTT 连接失败（降级运行，仅支持本地设备）","broker":"tcp://localhost:1883","error":"连接 MQTT broker 失败: dial tcp :1883: connectex: No connection could be made because the target machine actively refused it."}
{"time":"2026-08-22T22:34:19.5763035+08:00","level":"INFO","msg":"定时任务调度器已启动","count":0}
{"time":"2026-08-22T22:34:19.577303+08:00","level":"INFO","msg":"IoT 服务已启动"}
{"time":"2026-08-22T22:34:19.577303+08:00","level":"INFO","msg":"WebDAV 已挂载","prefix":"/dav"}
{"time":"2026-08-22T22:34:19.577303+08:00","level":"INFO","msg":"HTTP 服务启动","addr":":8080"}
{"time":"2026-08-22T22:34:24.5700027+08:00","level":"INFO","msg":"HTTP 访问","method":"PROPFIND","path":"/dav/","status":207,"latency":"23.8311ms","ip":"::1","trace_id":"b4597ba0125d938993c36467"}
{"time":"2026-08-22T22:34:24.6925726+08:00","level":"INFO","msg":"HTTP 访问","method":"PROPFIND","path":"/dav/","status":207,"latency":"61.793ms","ip":"::1","trace_id":"f58acafa93d2d4910548ec4e"}
{"time":"2026-08-22T22:34:24.7444028+08:00","level":"INFO","msg":"HTTP 访问","method":"MKCOL","path":"/dav/newdir","status":201,"latency":"23.1277ms","ip":"::1","trace_id":"92f7ff82a024c7105cb0afb8"}
{"time":"2026-08-22T22:34:24.793917+08:00","level":"INFO","msg":"HTTP 访问","method":"GET","path":"/dav/webdav-check.txt","status":200,"latency":"22.8789ms","ip":"::1","trace_id":"a9746b0502d25e6bd0d45584"}
{"time":"2026-08-22T22:36:35.1901697+08:00","level":"WARN","msg":"默认主人账号已就绪","username":"admin","role":"master","id":0,"提示":"主人密码仅可通过 config.toml 的 [auth] 段修改"}
{"time":"2026-08-22T22:36:35.1911742+08:00","level":"INFO","msg":"定时任务调度器已启动","count":0}
{"time":"2026-08-22T22:36:35.1921742+08:00","level":"INFO","msg":"异步任务 Worker 已启动","size":4}
{"time":"2026-08-22T22:36:35.1931737+08:00","level":"WARN","msg":"MQTT 连接失败（降级运行，仅支持本地设备）","broker":"tcp://localhost:1883","error":"连接 MQTT broker 失败: dial tcp :1883: connectex: No connection could be made because the target machine actively refused it."}
{"time":"2026-08-22T22:36:35.1931737+08:00","level":"INFO","msg":"定时任务调度器已启动","count":0}
{"time":"2026-08-22T22:36:35.1931737+08:00","level":"INFO","msg":"IoT 服务已启动"}
{"time":"2026-08-22T22:36:35.1931737+08:00","level":"INFO","msg":"WebDAV 已挂载","prefix":"/dav"}
{"time":"2026-08-22T22:36:35.1931737+08:00","level":"INFO","msg":"HTTP 服务启动","addr":":8080"}
{"time":"2026-08-22T22:36:39.5280672+08:00","level":"INFO","msg":"HTTP 访问","method":"GET","path":"/api/system/status","status":200,"latency":"205.2455ms","ip":"::1","trace_id":"1e068d7c16ff831743850dce"}
{"time":"2026-08-22T22:36:39.7324248+08:00","level":"INFO","msg":"HTTP 访问","method":"GET","path":"/api/system/status","status":200,"latency":"202.9144ms","ip":"::1","trace_id":"f111a5767c351d47b7778bc4"}
{"time":"2026-08-22T22:36:40.485585+08:00","level":"INFO","msg":"HTTP 访问","method":"GET","path":"/api/system/status","status":200,"latency":"204.1304ms","ip":"::1","trace_id":"b2ba2a739bde8e9a575999ba"}
{"time":"2026-08-22T22:36:41.1293551+08:00","level":"INFO","msg":"HTTP 访问","method":"GET","path":"/","status":200,"latency":"37.3698ms","ip":"::1","trace_id":"ee5284384c318f910d062e8b"}
{"time":"2026-08-22T22:36:41.1508658+08:00","level":"INFO","msg":"HTTP 访问","method":"GET","path":"/api/auth/me","status":200,"latency":"0s","ip":"::1","trace_id":"018d03a686834e18f2f70864"}
{"time":"2026-08-22T22:36:41.1751642+08:00","level":"INFO","msg":"HTTP 访问","method":"GET","path":"/api/admin/settings","status":200,"latency":"0s","ip":"::1","trace_id":"004bf9cc1cfc5a08cb5b53cd"}
{"time":"2026-08-22T22:36:41.176418+08:00","level":"INFO","msg":"HTTP 访问","method":"GET","path":"/favicon.ico","status":200,"latency":"1.2538ms","ip":"::1","trace_id":"c17121917348e7f9bfd191e1"}
{"time":"2026-08-22T22:36:41.4064597+08:00","level":"INFO","msg":"HTTP 访问","method":"GET","path":"/api/system/status","status":200,"latency":"203.0127ms","ip":"::1","trace_id":"622427c9e9f3f53445fa2d4d"}
{"time":"2026-08-22T22:36:41.6206258+08:00","level":"INFO","msg":"HTTP 访问","method":"GET","path":"/api/system/status","status":200,"latency":"213.6102ms","ip":"::1","trace_id":"92d5bf41f3c39350a2ffa8bb"}
{"time":"2026-08-22T22:36:43.9604558+08:00","level":"INFO","msg":"HTTP 访问","method":"GET","path":"/api/files","status":200,"latency":"2.9489ms","ip":"::1","trace_id":"dcf49f8cc160adaa7e496e7c"}
{"time":"2026-08-22T22:36:44.3417356+08:00","level":"INFO","msg":"HTTP 访问","method":"GET","path":"/api/storage/stats","status":200,"latency":"377.2657ms","ip":"::1","trace_id":"0e8817f0c342d9b2a550e9e1"}
{"time":"2026-08-22T22:36:46.4056452+08:00","level":"INFO","msg":"HTTP 访问","method":"GET","path":"/api/system/status","status":200,"latency":"204.0116ms","ip":"::1","trace_id":"3dc84349cef56925dfd6074e"}
{"time":"2026-08-22T22:36:46.6828282+08:00","level":"INFO","msg":"HTTP 访问","method":"GET","path":"/api/files","status":200,"latency":"0s","ip":"::1","trace_id":"c12792f00d4ccea75781c54b"}
{"time":"2026-08-22T22:36:46.6878791+08:00","level":"INFO","msg":"HTTP 访问","method":"GET","path":"/api/storage/stats","status":200,"latency":"2.53ms","ip":"::1","trace_id":"9bf3242f385dd4bbcf84a275"}
{"time":"2026-08-22T22:36:51.4172983+08:00","level":"INFO","msg":"HTTP 访问","method":"GET","path":"/api/system/status","status":200,"latency":"203.0216ms","ip":"::1","trace_id":"99cc317d0fb8a73bb07c5c9d"}
{"time":"2026-08-22T22:36:56.4070991+08:00","level":"INFO","msg":"HTTP 访问","method":"GET","path":"/api/system/status","status":200,"latency":"203.1028ms","ip":"::1","trace_id":"2aa9e530ca43c2122758f722"}
{"time":"2026-08-22T22:37:01.4214089+08:00","level":"INFO","msg":"HTTP 访问","method":"GET","path":"/api/system/status","status":200,"latency":"204.4816ms","ip":"::1","trace_id":"fe6af497436c5eaf07fd082e"}
{"time":"2026-08-22T22:37:05.6808616+08:00","level":"INFO","msg":"HTTP 访问","method":"GET","path":"/api/files/trash","status":200,"latency":"0s","ip":"::1","trace_id":"7b87f0c1ce1c3c0ea360f975"}
{"time":"2026-08-22T22:37:06.406889+08:00","level":"INFO","msg":"HTTP 访问","method":"GET","path":"/api/system/status","status":200,"latency":"203.8459ms","ip":"::1","trace_id":"973c7cdbe27b008a6085e8d0"}
{"time":"2026-08-22T22:37:11.4060957+08:00","level":"INFO","msg":"HTTP 访问","method":"GET","path":"/api/system/status","status":200,"latency":"204.1945ms","ip":"::1","trace_id":"e4dd2a8058805fb997f00f85"}
{"time":"2026-08-22T22:37:15.3502935+08:00","level":"INFO","msg":"HTTP 访问","method":"GET","path":"/api/admin/users","status":200,"latency":"0s","ip":"::1","trace_id":"8f4dd6b5f5f5a31324382b07"}
{"time":"2026-08-22T22:37:15.3507971+08:00","level":"INFO","msg":"HTTP 访问","method":"GET","path":"/api/admin/settings","status":200,"latency":"0s","ip":"::1","trace_id":"5cff90205e472e62ce8fa42a"}
{"time":"2026-08-22T22:37:15.3507971+08:00","level":"INFO","msg":"HTTP 访问","method":"GET","path":"/api/plugins","status":200,"latency":"0s","ip":"::1","trace_id":"73dda7f768edf92865133f48"}
{"time":"2026-08-22T22:37:16.4058178+08:00","level":"INFO","msg":"HTTP 访问","method":"GET","path":"/api/system/status","status":200,"latency":"203.0357ms","ip":"::1","trace_id":"93f6f0f60554a87ebae2c57c"}
{"time":"2026-08-22T22:37:21.4155574+08:00","level":"INFO","msg":"HTTP 访问","method":"GET","path":"/api/system/status","status":200,"latency":"202.7532ms","ip":"::1","trace_id":"6e00174cf9150329646f86e3"}
{"time":"2026-08-22T22:37:24.1600308+08:00","level":"INFO","msg":"HTTP 访问","method":"GET","path":"/api/system/status","status":200,"latency":"202.8216ms","ip":"::1","trace_id":"aed9ee62ac64f789ff86d3e4"}
{"time":"2026-08-22T22:37:24.3676461+08:00","level":"INFO","msg":"HTTP 访问","method":"GET","path":"/api/system/status","status":200,"latency":"204.3148ms","ip":"::1","trace_id":"ad3823f9715a09cc0501914d"}
{"time":"2026-08-22T22:37:26.6365589+08:00","level":"INFO","msg":"HTTP 访问","method":"GET","path":"/api/files","status":200,"latency":"929.8µs","ip":"::1","trace_id":"4aa055307dad54fdd9010224"}
{"time":"2026-08-22T22:37:26.6464799+08:00","level":"INFO","msg":"HTTP 访问","method":"GET","path":"/api/storage/stats","status":200,"latency":"2.0457ms","ip":"::1","trace_id":"56fcd8a3ea902664f1119c2b"}
{"time":"2026-08-22T22:37:29.1622678+08:00","level":"INFO","msg":"HTTP 访问","method":"GET","path":"/api/system/status","status":200,"latency":"203.2436ms","ip":"::1","trace_id":"0d43eac94a63406012b240c0"}
{"time":"2026-08-22T22:37:34.1669895+08:00","level":"INFO","msg":"HTTP 访问","method":"GET","path":"/api/system/status","status":200,"latency":"203.1727ms","ip":"::1","trace_id":"a04ce4d99e49bdbf135f31c0"}
{"time":"2026-08-22T22:37:36.2201449+08:00","level":"INFO","msg":"HTTP 访问","method":"GET","path":"/api/files","status":200,"latency":"54.0367ms","ip":"::1","trace_id":"a2aa62545c962da3fb46f2a1"}
{"time":"2026-08-22T22:37:36.2324216+08:00","level":"INFO","msg":"HTTP 访问","method":"GET","path":"/api/storage/stats","status":200,"latency":"2.1622ms","ip":"::1","trace_id":"e634c920dfc73a7555df9800"}
{"time":"2026-08-22T22:37:39.1613573+08:00","level":"INFO","msg":"HTTP 访问","method":"GET","path":"/api/system/status","status":200,"latency":"203.2557ms","ip":"::1","trace_id":"419843f8b6f379a999b7371d"}
{"time":"2026-08-22T22:37:44.1643962+08:00","level":"INFO","msg":"HTTP 访问","method":"GET","path":"/api/system/status","status":200,"latency":"202.929ms","ip":"::1","trace_id":"2fd7f7f4f2728d662725e6f0"}
{"time":"2026-08-22T22:37:49.1608123+08:00","level":"INFO","msg":"HTTP 访问","method":"GET","path":"/api/system/status","status":200,"latency":"203.3135ms","ip":"::1","trace_id":"55cf238ccf7450824ec5c4c5"}
{"time":"2026-08-22T22:37:51.5147851+08:00","level":"INFO","msg":"HTTP 访问","method":"GET","path":"/api/files","status":200,"latency":"1.0044ms","ip":"::1","trace_id":"6d648da01bb89ab63df8abf8"}
{"time":"2026-08-22T22:37:51.5274968+08:00","level":"INFO","msg":"HTTP 访问","method":"GET","path":"/api/storage/stats","status":200,"latency":"3.578ms","ip":"::1","trace_id":"2d5324be4daf4158bdab2137"}
{"time":"2026-08-22T22:37:54.1601201+08:00","level":"INFO","msg":"HTTP 访问","method":"GET","path":"/api/system/status","status":200,"latency":"202.6184ms","ip":"::1","trace_id":"d7fec8cf241743e95b18eb02"}
{"time":"2026-08-22T22:37:56.1201986+08:00","level":"INFO","msg":"HTTP 访问","method":"GET","path":"/api/files","status":200,"latency":"0s","ip":"::1","trace_id":"760cc6f36d21f34151b33205"}
{"time":"2026-08-22T22:37:56.12579+08:00","level":"INFO","msg":"HTTP 访问","method":"GET","path":"/api/storage/stats","status":200,"latency":"2.5554ms","ip":"::1","trace_id":"278ce63a1ea711d199824b9a"}
{"time":"2026-08-22T22:37:57.0799665+08:00","level":"INFO","msg":"HTTP 访问","method":"GET","path":"/api/files","status":200,"latency":"0s","ip":"::1","trace_id":"1a42f96ed6e2211922b5341a"}
{"time":"2026-08-22T22:37:57.0849183+08:00","level":"INFO","msg":"HTTP 访问","method":"GET","path":"/api/storage/stats","status":200,"latency":"2.0414ms","ip":"::1","trace_id":"26c04a6c0551282849626d8a"}
{"time":"2026-08-22T22:37:58.150767+08:00","level":"INFO","msg":"HTTP 访问","method":"GET","path":"/api/files","status":200,"latency":"0s","ip":"::1","trace_id":"0a40c767313f01def69b2f7c"}
{"time":"2026-08-22T22:37:58.1558526+08:00","level":"INFO","msg":"HTTP 访问","method":"GET","path":"/api/storage/stats","status":200,"latency":"3.0619ms","ip":"::1","trace_id":"101515a2aca3db4cf8349002"}
{"time":"2026-08-22T22:37:59.1619731+08:00","level":"INFO","msg":"HTTP 访问","method":"GET","path":"/api/system/status","status":200,"latency":"204.0127ms","ip":"::1","trace_id":"af1d3085477fd48393fc8827"}
{"time":"2026-08-22T22:38:02.7211459+08:00","level":"INFO","msg":"HTTP 访问","method":"GET","path":"/api/files","status":200,"latency":"5.7171ms","ip":"::1","trace_id":"047e586af0000c29e5d1aa20"}
{"time":"2026-08-22T22:38:02.7263081+08:00","level":"INFO","msg":"HTTP 访问","method":"GET","path":"/api/storage/stats","status":200,"latency":"3.1387ms","ip":"::1","trace_id":"af5cfdf92cbde14523f360f9"}
{"time":"2026-08-22T22:38:03.8072946+08:00","level":"INFO","msg":"HTTP 访问","method":"GET","path":"/api/files","status":200,"latency":"13.1603ms","ip":"::1","trace_id":"fc455c4ebe706be52dedb6f7"}
{"time":"2026-08-22T22:38:03.8122621+08:00","level":"INFO","msg":"HTTP 访问","method":"GET","path":"/api/storage/stats","status":200,"latency":"2.0469ms","ip":"::1","trace_id":"9aa32f8dcaf73f39308c87c7"}
{"time":"2026-08-22T22:38:04.1685844+08:00","level":"INFO","msg":"HTTP 访问","method":"GET","path":"/api/system/status","status":200,"latency":"203.2377ms","ip":"::1","trace_id":"8a30f0cd53ed09a3728ecded"}
{"time":"2026-08-22T22:38:05.1890189+08:00","level":"INFO","msg":"HTTP 访问","method":"GET","path":"/api/files","status":200,"latency":"66.3019ms","ip":"::1","trace_id":"e889ac444ddd29c32cb2f395"}
{"time":"2026-08-22T22:38:05.1946152+08:00","level":"INFO","msg":"HTTP 访问","method":"GET","path":"/api/storage/stats","status":200,"latency":"2.5066ms","ip":"::1","trace_id":"9d8de411956337beac82411c"}
{"time":"2026-08-22T22:38:07.6911227+08:00","level":"INFO","msg":"HTTP 访问","method":"GET","path":"/api/files","status":200,"latency":"8.2601ms","ip":"::1","trace_id":"31da02eced7e6e4c88d66075"}
{"time":"2026-08-22T22:38:07.6967765+08:00","level":"INFO","msg":"HTTP 访问","method":"GET","path":"/api/storage/stats","status":200,"latency":"2.6216ms","ip":"::1","trace_id":"85fddf964e0c34bd388b8e8c"}
{"time":"2026-08-22T22:38:09.1616445+08:00","level":"INFO","msg":"HTTP 访问","method":"GET","path":"/api/system/status","status":200,"latency":"204.3472ms","ip":"::1","trace_id":"69c7b9376e87b901391ddfe3"}
{"time":"2026-08-22T22:38:11.568843+08:00","level":"INFO","msg":"HTTP 访问","method":"GET","path":"/api/files","status":200,"latency":"999.6µs","ip":"::1","trace_id":"1cad3d14c7d68313d77adcf3"}
{"time":"2026-08-22T22:38:11.5742991+08:00","level":"INFO","msg":"HTTP 访问","method":"GET","path":"/api/storage/stats","status":200,"latency":"2.5501ms","ip":"::1","trace_id":"efc34d0f2fd0ab4d3532b133"}
{"time":"2026-08-22T22:38:12.8092968+08:00","level":"INFO","msg":"HTTP 访问","method":"GET","path":"/api/files","status":200,"latency":"114.7761ms","ip":"::1","trace_id":"28ef09566d957c06aa171713"}
{"time":"2026-08-22T22:38:12.8157897+08:00","level":"INFO","msg":"HTTP 访问","method":"GET","path":"/api/storage/stats","status":200,"latency":"2.5541ms","ip":"::1","trace_id":"cbd60edeb9d3f9bf3a692414"}
{"time":"2026-08-22T22:38:14.1687342+08:00","level":"INFO","msg":"HTTP 访问","method":"GET","path":"/api/system/status","status":200,"latency":"202.9137ms","ip":"::1","trace_id":"6f2a52c227f19ecd0da95375"}
{"time":"2026-08-22T22:38:15.4270877+08:00","level":"INFO","msg":"HTTP 访问","method":"GET","path":"/api/files/404/download","status":200,"latency":"27.8009ms","ip":"::1","trace_id":"28f1f17ce78aa41ea7520fc0"}
{"time":"2026-08-22T22:38:19.1654696+08:00","level":"INFO","msg":"HTTP 访问","method":"GET","path":"/api/system/status","status":200,"latency":"203.0494ms","ip":"::1","trace_id":"6e0200e37fd33184bb145bb3"}
{"time":"2026-08-22T22:38:19.5915876+08:00","level":"INFO","msg":"HTTP 访问","method":"GET","path":"/api/files/406/download","status":200,"latency":"32.4681ms","ip":"::1","trace_id":"b53b0d248bd6738957d97dc9"}
{"time":"2026-08-22T22:38:21.9994307+08:00","level":"INFO","msg":"HTTP 访问","method":"GET","path":"/api/files/409/download","status":200,"latency":"32.9229ms","ip":"::1","trace_id":"6c7c503b7e70eb4e327e2663"}
{"time":"2026-08-22T22:38:24.1619515+08:00","level":"INFO","msg":"HTTP 访问","method":"GET","path":"/api/system/status","status":200,"latency":"204.2918ms","ip":"::1","trace_id":"ac2c22cea98ccc0e251bd386"}
{"time":"2026-08-22T22:38:24.3657524+08:00","level":"INFO","msg":"HTTP 访问","method":"GET","path":"/api/system/status","status":200,"latency":"203.2461ms","ip":"::1","trace_id":"4b764297319679c3f5a17608"}
{"time":"2026-08-22T22:38:26.0826131+08:00","level":"INFO","msg":"HTTP 访问","method":"GET","path":"/api/files/414/download","status":200,"latency":"1.6463499s","ip":"::1","trace_id":"3a1fccc7bb4d358271017dd3"}
{"time":"2026-08-22T22:38:30.4822792+08:00","level":"INFO","msg":"HTTP 访问","method":"GET","path":"/api/system/status","status":200,"latency":"204.3471ms","ip":"::1","trace_id":"2efc2ec30bbbcf2bdca97fc2"}
{"time":"2026-08-22T22:38:34.1621366+08:00","level":"INFO","msg":"HTTP 访问","method":"GET","path":"/api/system/status","status":200,"latency":"205.6984ms","ip":"::1","trace_id":"7b780e4f5abed9438a6416be"}
{"time":"2026-08-22T22:38:38.698418+08:00","level":"INFO","msg":"HTTP 访问","method":"GET","path":"/api/files","status":200,"latency":"0s","ip":"::1","trace_id":"dbbdaede6c3a9bbd5aefa640"}
{"time":"2026-08-22T22:38:38.7048433+08:00","level":"INFO","msg":"HTTP 访问","method":"GET","path":"/api/storage/stats","status":200,"latency":"3.5355ms","ip":"::1","trace_id":"932367164e9367f83dabeee4"}
{"time":"2026-08-22T22:38:39.1654515+08:00","level":"INFO","msg":"HTTP 访问","method":"GET","path":"/api/system/status","status":200,"latency":"203.4923ms","ip":"::1","trace_id":"593e7c5ea7657c49ba8323d7"}
{"time":"2026-08-22T22:38:39.8147797+08:00","level":"INFO","msg":"HTTP 访问","method":"GET","path":"/api/files","status":200,"latency":"0s","ip":"::1","trace_id":"e73bf414f9eb09c535577a40"}
{"time":"2026-08-22T22:38:39.8236359+08:00","level":"INFO","msg":"HTTP 访问","method":"GET","path":"/api/storage/stats","status":200,"latency":"2.5519ms","ip":"::1","trace_id":"f2277a68207cbe8a8b61a457"}
{"time":"2026-08-22T22:38:40.411785+08:00","level":"INFO","msg":"HTTP 访问","method":"GET","path":"/api/files","status":200,"latency":"502.9µs","ip":"::1","trace_id":"0311268baa699ebef60ddbec"}
{"time":"2026-08-22T22:38:40.4168625+08:00","level":"INFO","msg":"HTTP 访问","method":"GET","path":"/api/storage/stats","status":200,"latency":"2.5645ms","ip":"::1","trace_id":"ec6d1b3040a05487c65e24f9"}
{"time":"2026-08-22T22:38:44.163595+08:00","level":"INFO","msg":"HTTP 访问","method":"GET","path":"/api/system/status","status":200,"latency":"203.1934ms","ip":"::1","trace_id":"d6a484893b499c11b15f41f2"}
{"time":"2026-08-22T22:38:48.4427442+08:00","level":"INFO","msg":"HTTP 访问","method":"GET","path":"/api/system/status","status":200,"latency":"203.3371ms","ip":"::1","trace_id":"e6eacdc91a3bf6af2bd2b2ee"}
{"time":"2026-08-22T22:38:48.647431+08:00","level":"INFO","msg":"HTTP 访问","method":"GET","path":"/api/system/status","status":200,"latency":"204.0746ms","ip":"::1","trace_id":"8f60e705e34a9edcb54b027c"}
{"time":"2026-08-22T22:38:49.0371344+08:00","level":"INFO","msg":"HTTP 访问","method":"GET","path":"/api/files","status":200,"latency":"590.1µs","ip":"::1","trace_id":"bd7e9782873b0490af761db2"}
{"time":"2026-08-22T22:38:49.0440156+08:00","level":"INFO","msg":"HTTP 访问","method":"GET","path":"/api/storage/stats","status":200,"latency":"2.538ms","ip":"::1","trace_id":"4d099abadf9a095ef2c1947e"}
{"time":"2026-08-22T22:38:51.7020594+08:00","level":"INFO","msg":"HTTP 访问","method":"GET","path":"/api/files","status":200,"latency":"1.5034ms","ip":"::1","trace_id":"6c0f0f4ac6888e71df66d278"}
{"time":"2026-08-22T22:38:51.7077335+08:00","level":"INFO","msg":"HTTP 访问","method":"GET","path":"/api/storage/stats","status":200,"latency":"2.6991ms","ip":"::1","trace_id":"530537db93fcbf24d8cc41fd"}
{"time":"2026-08-22T22:38:53.4545456+08:00","level":"INFO","msg":"HTTP 访问","method":"GET","path":"/api/system/status","status":200,"latency":"203.1009ms","ip":"::1","trace_id":"f75f838ff93e4d40f565adb3"}
{"time":"2026-08-22T22:38:58.4500381+08:00","level":"INFO","msg":"HTTP 访问","method":"GET","path":"/api/system/status","status":200,"latency":"202.8714ms","ip":"::1","trace_id":"e0470431d2ddb55d5c3a4086"}
{"time":"2026-08-22T22:39:03.445378+08:00","level":"INFO","msg":"HTTP 访问","method":"GET","path":"/api/system/status","status":200,"latency":"203.308ms","ip":"::1","trace_id":"371336edfd3157958c8477f8"}
{"time":"2026-08-22T22:39:09.3003361+08:00","level":"INFO","msg":"HTTP 访问","method":"GET","path":"/api/system/status","status":200,"latency":"203.8156ms","ip":"::1","trace_id":"7c88954a3905a1bf64a0d2aa"}
{"time":"2026-08-22T22:39:11.5196958+08:00","level":"INFO","msg":"收到退出信号，开始优雅关闭"}
{"time":"2026-08-22T22:39:11.5196958+08:00","level":"INFO","msg":"定时任务调度器已停止"}
{"time":"2026-08-22T22:39:11.5196958+08:00","level":"INFO","msg":"定时任务调度器已停止"}
{"time":"2026-08-22T22:39:11.5196958+08:00","level":"INFO","msg":"WebSocket Hub 已关闭"}
{"time":"2026-08-22T23:05:07.3787109+08:00","level":"INFO","msg":"旧版元数据已迁移至 SQLite","files":399,"versions":0,"db":"S:\\Code\\Go\\project\\AI-OSS\\smart-nas\\data\\files\\metadata.db"}
{"time":"2026-08-22T23:05:07.4064757+08:00","level":"WARN","msg":"默认主人账号已就绪","username":"admin","role":"master","id":0,"提示":"主人密码仅可通过 config.toml 的 [auth] 段修改"}
{"time":"2026-08-22T23:05:07.4074801+08:00","level":"INFO","msg":"定时任务调度器已启动","count":0}
{"time":"2026-08-22T23:05:07.4074801+08:00","level":"INFO","msg":"异步任务 Worker 已启动","size":4}
{"time":"2026-08-22T23:05:07.4079847+08:00","level":"WARN","msg":"MQTT 连接失败（降级运行，仅支持本地设备）","broker":"tcp://localhost:1883","error":"连接 MQTT broker 失败: dial tcp :1883: connectex: No connection could be made because the target machine actively refused it."}
{"time":"2026-08-22T23:05:07.450405+08:00","level":"INFO","msg":"定时任务调度器已启动","count":0}
{"time":"2026-08-22T23:05:07.450405+08:00","level":"INFO","msg":"IoT 服务已启动"}
{"time":"2026-08-22T23:05:07.450405+08:00","level":"INFO","msg":"WebDAV 已挂载","prefix":"/dav"}
{"time":"2026-08-22T23:05:07.450405+08:00","level":"INFO","msg":"HTTP 服务启动","addr":":8080"}
{"time":"2026-08-22T23:05:12.3435042+08:00","level":"INFO","msg":"HTTP 访问","method":"POST","path":"/api/auth/login","status":200,"latency":"23.7041ms","ip":"::1","trace_id":"8a7eb0be4d9cf8ec78154b40"}
{"time":"2026-08-22T23:05:12.4538845+08:00","level":"INFO","msg":"HTTP 访问","method":"GET","path":"/api/files","status":200,"latency":"4.6704ms","ip":"::1","trace_id":"645487d88418deec474d5898"}
{"time":"2026-08-22T23:05:12.5141567+08:00","level":"INFO","msg":"HTTP 访问","method":"GET","path":"/api/files","status":200,"latency":"1.019ms","ip":"::1","trace_id":"e69164e215ff18945a7a7295"}
{"time":"2026-08-22T23:05:40.1852512+08:00","level":"INFO","msg":"HTTP 访问","method":"PROPFIND","path":"/dav/","status":207,"latency":"25.2591ms","ip":"::1","trace_id":"7cba8d5c06b8e01ed3575a16"}
{"time":"2026-08-22T23:05:40.2237016+08:00","level":"INFO","msg":"HTTP 访问","method":"POST","path":"/api/files/upload/init","status":200,"latency":"0s","ip":"::1","trace_id":"b0931eef6be0be05b73192d5"}
{"time":"2026-08-22T23:05:40.3315537+08:00","level":"INFO","msg":"HTTP 访问","method":"POST","path":"/files/upload/c10de472-19e1-413c-8d8e-175cb96b","status":201,"latency":"570.4µs","ip":"::1","trace_id":"3930a136162180ddbded6600"}
{"time":"2026-08-22T23:05:40.3671331+08:00","level":"INFO","msg":"HTTP 访问","method":"PATCH","path":"/files/upload/c10de472-19e1-413c-8d8e-175cb96b","status":204,"latency":"5.6997ms","ip":"::1","trace_id":"af1d45c9a8c28b28930cedac"}
{"time":"2026-08-22T23:05:40.4091524+08:00","level":"INFO","msg":"HTTP 访问","method":"GET","path":"/api/files","status":200,"latency":"0s","ip":"::1","trace_id":"de1e4cfc16a1eb77987d6459"}
{"time":"2026-08-22T23:05:40.473042+08:00","level":"INFO","msg":"HTTP 访问","method":"DELETE","path":"/api/files","status":200,"latency":"522.1µs","ip":"::1","trace_id":"d082c0feea6037ebda4d5c5b"}
{"time":"2026-08-22T23:05:40.5005524+08:00","level":"INFO","msg":"HTTP 访问","method":"POST","path":"/api/files/trash/restore-all","status":200,"latency":"503.2µs","ip":"::1","trace_id":"b507002b0db2204a4d541011"}
{"time":"2026-08-22T23:05:40.61542+08:00","level":"INFO","msg":"HTTP 访问","method":"GET","path":"/api/files","status":200,"latency":"0s","ip":"::1","trace_id":"c030716ee8575e0e8a46881e"}
{"time":"2026-08-22T23:05:42.0787282+08:00","level":"WARN","msg":"默认主人账号已就绪","username":"admin","role":"master","id":0,"提示":"主人密码仅可通过 config.toml 的 [auth] 段修改"}
{"time":"2026-08-22T23:05:42.0787282+08:00","level":"INFO","msg":"定时任务调度器已启动","count":0}
{"time":"2026-08-22T23:05:42.079728+08:00","level":"INFO","msg":"异步任务 Worker 已启动","size":4}
{"time":"2026-08-22T23:05:42.079728+08:00","level":"WARN","msg":"MQTT 连接失败（降级运行，仅支持本地设备）","broker":"tcp://localhost:1883","error":"连接 MQTT broker 失败: dial tcp :1883: connectex: No connection could be made because the target machine actively refused it."}
{"time":"2026-08-22T23:05:42.079728+08:00","level":"INFO","msg":"定时任务调度器已启动","count":0}
{"time":"2026-08-22T23:05:42.079728+08:00","level":"INFO","msg":"IoT 服务已启动"}
{"time":"2026-08-22T23:05:42.079728+08:00","level":"INFO","msg":"WebDAV 已挂载","prefix":"/dav"}
{"time":"2026-08-22T23:05:42.079728+08:00","level":"INFO","msg":"HTTP 服务启动","addr":":8080"}
{"time":"2026-08-22T23:05:47.1515236+08:00","level":"INFO","msg":"HTTP 访问","method":"POST","path":"/api/auth/login","status":200,"latency":"25.6487ms","ip":"::1","trace_id":"ed18b1d9f54c86bd090a13bf"}
{"time":"2026-08-22T23:05:47.2043591+08:00","level":"INFO","msg":"HTTP 访问","method":"GET","path":"/api/files","status":200,"latency":"0s","ip":"::1","trace_id":"9617c1fa01243debc1e857bc"}
{"time":"2026-08-22T23:05:47.2813597+08:00","level":"INFO","msg":"HTTP 访问","method":"DELETE","path":"/api/files","status":200,"latency":"1.1569ms","ip":"::1","trace_id":"82bd25fc3161b58a41b3b6b9"}
{"time":"2026-08-22T23:05:47.3098683+08:00","level":"INFO","msg":"HTTP 访问","method":"POST","path":"/api/files/trash/purge","status":200,"latency":"785.2µs","ip":"::1","trace_id":"c6b5f74d2af36e1e6d21a398"}
{"time":"2026-08-22T23:06:03.955194+08:00","level":"INFO","msg":"HTTP 访问","method":"POST","path":"/api/files/mkdir","status":200,"latency":"503.7µs","ip":"::1","trace_id":"ba8dc93e87ba693a18448030"}
{"time":"2026-08-22T23:06:04.5151609+08:00","level":"INFO","msg":"HTTP 访问","method":"GET","path":"/api/files","status":200,"latency":"427.8408ms","ip":"::1","trace_id":"6287ab4a919771569552c679"}
{"time":"2026-08-22T23:06:04.840465+08:00","level":"INFO","msg":"HTTP 访问","method":"GET","path":"/api/files","status":200,"latency":"296.4861ms","ip":"::1","trace_id":"6feb1d18f890e86297e25a8c"}
{"time":"2026-08-22T23:06:05.1699145+08:00","level":"INFO","msg":"HTTP 访问","method":"GET","path":"/api/files","status":200,"latency":"292.3145ms","ip":"::1","trace_id":"0727aa9427587fe53ee42cb5"}
{"time":"2026-08-22T23:06:05.2812529+08:00","level":"INFO","msg":"HTTP 访问","method":"DELETE","path":"/api/files","status":200,"latency":"2.1743ms","ip":"::1","trace_id":"682298a872cd5df5fc4b518c"}
{"time":"2026-08-22T23:06:05.4725319+08:00","level":"INFO","msg":"HTTP 访问","method":"POST","path":"/api/files/trash/clear","status":200,"latency":"163.9921ms","ip":"::1","trace_id":"167f2666d3987774396ca8f1"}
{"time":"2026-08-22T23:06:19.9435307+08:00","level":"WARN","msg":"默认主人账号已就绪","username":"admin","role":"master","id":0,"提示":"主人密码仅可通过 config.toml 的 [auth] 段修改"}
{"time":"2026-08-22T23:06:19.9435307+08:00","level":"INFO","msg":"定时任务调度器已启动","count":0}
{"time":"2026-08-22T23:06:19.9435307+08:00","level":"INFO","msg":"异步任务 Worker 已启动","size":4}
{"time":"2026-08-22T23:06:19.9455969+08:00","level":"WARN","msg":"MQTT 连接失败（降级运行，仅支持本地设备）","broker":"tcp://localhost:1883","error":"连接 MQTT broker 失败: dial tcp :1883: connectex: No connection could be made because the target machine actively refused it."}
{"time":"2026-08-22T23:06:19.9455969+08:00","level":"INFO","msg":"定时任务调度器已启动","count":0}
{"time":"2026-08-22T23:06:19.9455969+08:00","level":"INFO","msg":"IoT 服务已启动"}
{"time":"2026-08-22T23:06:19.9455969+08:00","level":"INFO","msg":"WebDAV 已挂载","prefix":"/dav"}
{"time":"2026-08-22T23:06:19.9455969+08:00","level":"INFO","msg":"HTTP 服务启动","addr":":8080"}
{"time":"2026-08-22T23:06:24.9793639+08:00","level":"INFO","msg":"HTTP 访问","method":"POST","path":"/api/auth/login","status":200,"latency":"23.0047ms","ip":"::1","trace_id":"7e1e4352d06fdda707213d64"}
{"time":"2026-08-22T23:06:25.0816698+08:00","level":"INFO","msg":"HTTP 访问","method":"GET","path":"/api/files","status":200,"latency":"1.0052ms","ip":"::1","trace_id":"6cfea482cb4a725b2f4ecb1f"}
{"time":"2026-08-22T23:06:26.5198687+08:00","level":"WARN","msg":"默认主人账号已就绪","username":"admin","role":"master","id":0,"提示":"主人密码仅可通过 config.toml 的 [auth] 段修改"}
{"time":"2026-08-22T23:06:26.5213724+08:00","level":"INFO","msg":"定时任务调度器已启动","count":0}
{"time":"2026-08-22T23:06:26.5213724+08:00","level":"INFO","msg":"异步任务 Worker 已启动","size":4}
{"time":"2026-08-22T23:06:26.5224744+08:00","level":"WARN","msg":"MQTT 连接失败（降级运行，仅支持本地设备）","broker":"tcp://localhost:1883","error":"连接 MQTT broker 失败: dial tcp :1883: connectex: No connection could be made because the target machine actively refused it."}
{"time":"2026-08-22T23:06:26.5224744+08:00","level":"INFO","msg":"定时任务调度器已启动","count":0}
{"time":"2026-08-22T23:06:26.5224744+08:00","level":"INFO","msg":"IoT 服务已启动"}
{"time":"2026-08-22T23:06:26.5224744+08:00","level":"INFO","msg":"WebDAV 已挂载","prefix":"/dav"}
{"time":"2026-08-22T23:06:26.5224744+08:00","level":"INFO","msg":"HTTP 服务启动","addr":":8080"}
{"time":"2026-08-22T23:06:31.5361163+08:00","level":"INFO","msg":"HTTP 访问","method":"POST","path":"/api/auth/login","status":200,"latency":"25.0538ms","ip":"::1","trace_id":"32909e9616f8af7258578f99"}
{"time":"2026-08-22T23:06:31.6017552+08:00","level":"INFO","msg":"HTTP 访问","method":"GET","path":"/api/files","status":200,"latency":"25.8413ms","ip":"::1","trace_id":"685639c862520db3d47cada3"}
{"time":"2026-08-22T23:09:32.9430521+08:00","level":"WARN","msg":"默认主人账号已就绪","username":"admin","role":"master","id":0,"提示":"主人密码仅可通过 config.toml 的 [auth] 段修改"}
{"time":"2026-08-22T23:09:32.9440518+08:00","level":"INFO","msg":"定时任务调度器已启动","count":0}
{"time":"2026-08-22T23:09:32.9440518+08:00","level":"INFO","msg":"异步任务 Worker 已启动","size":4}
{"time":"2026-08-22T23:09:32.9456839+08:00","level":"WARN","msg":"MQTT 连接失败（降级运行，仅支持本地设备）","broker":"tcp://localhost:1883","error":"连接 MQTT broker 失败: dial tcp :1883: connectex: No connection could be made because the target machine actively refused it."}
{"time":"2026-08-22T23:09:32.9456839+08:00","level":"INFO","msg":"定时任务调度器已启动","count":0}
{"time":"2026-08-22T23:09:32.9456839+08:00","level":"INFO","msg":"IoT 服务已启动"}
{"time":"2026-08-22T23:09:32.9456839+08:00","level":"INFO","msg":"WebDAV 已挂载","prefix":"/dav"}
{"time":"2026-08-22T23:09:32.9456839+08:00","level":"INFO","msg":"HTTP 服务启动","addr":":8080"}
{"time":"2026-08-22T23:09:38.9857182+08:00","level":"INFO","msg":"HTTP 访问","method":"GET","path":"/api/system/status","status":200,"latency":"205.8141ms","ip":"::1","trace_id":"9db6da3dcc8dde9b0d00ab28"}
{"time":"2026-08-22T23:09:39.1906566+08:00","level":"INFO","msg":"HTTP 访问","method":"GET","path":"/api/system/status","status":200,"latency":"203.4316ms","ip":"::1","trace_id":"4149d87361679abf191354d3"}
{"time":"2026-08-22T23:09:40.0375663+08:00","level":"INFO","msg":"HTTP 访问","method":"GET","path":"/","status":304,"latency":"0s","ip":"::1","trace_id":"a08ff16844caecacd089f6e9"}
{"time":"2026-08-22T23:09:40.0663624+08:00","level":"INFO","msg":"HTTP 访问","method":"GET","path":"/api/auth/me","status":200,"latency":"0s","ip":"::1","trace_id":"7e6bcf4938a61347e2aab542"}
{"time":"2026-08-22T23:09:40.0924052+08:00","level":"INFO","msg":"HTTP 访问","method":"GET","path":"/api/admin/settings","status":200,"latency":"0s","ip":"::1","trace_id":"463c62876a8d09fee1c2a8e4"}
{"time":"2026-08-22T23:09:40.0924052+08:00","level":"INFO","msg":"HTTP 访问","method":"GET","path":"/favicon.ico","status":304,"latency":"0s","ip":"::1","trace_id":"8fe7e23114006fcd345c311e"}
{"time":"2026-08-22T23:09:40.3041303+08:00","level":"INFO","msg":"HTTP 访问","method":"GET","path":"/api/system/status","status":200,"latency":"206.1195ms","ip":"::1","trace_id":"5ccd3de427f4deaeccc0b31a"}
{"time":"2026-08-22T23:09:40.5078242+08:00","level":"INFO","msg":"HTTP 访问","method":"GET","path":"/api/system/status","status":200,"latency":"203.1478ms","ip":"::1","trace_id":"9d30bd6fd57bdd506da659d1"}
{"time":"2026-08-22T23:09:45.3019164+08:00","level":"INFO","msg":"HTTP 访问","method":"GET","path":"/api/system/status","status":200,"latency":"203.5971ms","ip":"::1","trace_id":"151d16e804536d318185c49c"}
{"time":"2026-08-22T23:09:51.2899136+08:00","level":"INFO","msg":"HTTP 访问","method":"GET","path":"/api/system/status","status":200,"latency":"203.0158ms","ip":"::1","trace_id":"6d2c97bd3f6b78e9a48f0d70"}
{"time":"2026-08-22T23:09:56.2838294+08:00","level":"INFO","msg":"HTTP 访问","method":"GET","path":"/api/system/status","status":200,"latency":"202.9427ms","ip":"::1","trace_id":"8137f37d41e0d040e695fed5"}
{"time":"2026-08-22T23:10:01.2978347+08:00","level":"INFO","msg":"HTTP 访问","method":"GET","path":"/api/system/status","status":200,"latency":"203.7804ms","ip":"::1","trace_id":"edae1757bbebb2c2bc00351f"}
{"time":"2026-08-22T23:10:06.2936496+08:00","level":"INFO","msg":"HTTP 访问","method":"GET","path":"/api/system/status","status":200,"latency":"203.8403ms","ip":"::1","trace_id":"1130cec9b5a0b39ffcc9cd0a"}
{"time":"2026-08-22T23:10:11.2882066+08:00","level":"INFO","msg":"HTTP 访问","method":"GET","path":"/api/system/status","status":200,"latency":"203.1875ms","ip":"::1","trace_id":"51fd9d25512d2097e2bcb565"}
{"time":"2026-08-22T23:10:16.3589204+08:00","level":"INFO","msg":"HTTP 访问","method":"GET","path":"/api/system/status","status":200,"latency":"270.6036ms","ip":"::1","trace_id":"81ed1b2d8d7ea883e581a840"}
{"time":"2026-08-22T23:10:21.3108726+08:00","level":"INFO","msg":"HTTP 访问","method":"GET","path":"/api/system/status","status":200,"latency":"210.817ms","ip":"::1","trace_id":"aa99d89c909b9009e702fc3f"}
{"time":"2026-08-22T23:10:26.3012506+08:00","level":"INFO","msg":"HTTP 访问","method":"GET","path":"/api/system/status","status":200,"latency":"213.4683ms","ip":"::1","trace_id":"7cdfc6971219753615b4780b"}
{"time":"2026-08-22T23:10:31.2953918+08:00","level":"INFO","msg":"HTTP 访问","method":"GET","path":"/api/system/status","status":200,"latency":"202.6148ms","ip":"::1","trace_id":"871016de3a1fcd0a3f2d4a51"}
{"time":"2026-08-22T23:10:36.2974891+08:00","level":"INFO","msg":"HTTP 访问","method":"GET","path":"/api/system/status","status":200,"latency":"202.9354ms","ip":"::1","trace_id":"1ab1ab24692b2da56035c3b3"}
{"time":"2026-08-22T23:10:41.2919138+08:00","level":"INFO","msg":"HTTP 访问","method":"GET","path":"/api/system/status","status":200,"latency":"203.5613ms","ip":"::1","trace_id":"9e03e285d4720add7e67a5a9"}
{"time":"2026-08-22T23:10:41.4964475+08:00","level":"INFO","msg":"HTTP 访问","method":"GET","path":"/api/system/status","status":200,"latency":"203.4765ms","ip":"::1","trace_id":"ddabfdb216bf5e4be5cc4d5f"}
{"time":"2026-08-22T23:10:49.2401871+08:00","level":"INFO","msg":"HTTP 访问","method":"GET","path":"/api/system/status","status":200,"latency":"203.3692ms","ip":"::1","trace_id":"e15fd0b3faf0ccc206678621"}
{"time":"2026-08-22T23:10:50.1418037+08:00","level":"INFO","msg":"HTTP 访问","method":"GET","path":"/api/files","status":200,"latency":"52.2135ms","ip":"::1","trace_id":"60bbbdc97aa6711a21a6d865"}
{"time":"2026-08-22T23:10:50.1899396+08:00","level":"INFO","msg":"HTTP 访问","method":"GET","path":"/api/storage/stats","status":200,"latency":"45.1361ms","ip":"::1","trace_id":"3fc02fedbe7426d73a88f24e"}
{"time":"2026-08-22T23:10:50.303933+08:00","level":"INFO","msg":"HTTP 访问","method":"GET","path":"/api/system/status","status":200,"latency":"206.1335ms","ip":"::1","trace_id":"e96aeb61db6d4e5d5b2ee688"}
{"time":"2026-08-22T23:10:51.2411458+08:00","level":"INFO","msg":"HTTP 访问","method":"GET","path":"/api/files","status":200,"latency":"2.0413ms","ip":"::1","trace_id":"27ec1a60b14bfa5866e098fe"}
{"time":"2026-08-22T23:10:51.2795387+08:00","level":"INFO","msg":"HTTP 访问","method":"GET","path":"/api/storage/stats","status":200,"latency":"35.5251ms","ip":"::1","trace_id":"53cc8fc252c02716110a55b5"}
{"time":"2026-08-22T23:10:52.2053763+08:00","level":"INFO","msg":"HTTP 访问","method":"GET","path":"/api/files","status":200,"latency":"1.8102ms","ip":"::1","trace_id":"3ba0005a3553a3b8f643693a"}
{"time":"2026-08-22T23:10:52.2412653+08:00","level":"INFO","msg":"HTTP 访问","method":"GET","path":"/api/storage/stats","status":200,"latency":"33.339ms","ip":"::1","trace_id":"9e9001408c777e2509f397ba"}
{"time":"2026-08-22T23:10:55.3237421+08:00","level":"INFO","msg":"HTTP 访问","method":"GET","path":"/api/system/status","status":200,"latency":"215.5217ms","ip":"::1","trace_id":"e29b65c79ff3d67c43e5b0f7"}
{"time":"2026-08-22T23:11:01.3019078+08:00","level":"INFO","msg":"HTTP 访问","method":"GET","path":"/api/system/status","status":200,"latency":"218.2031ms","ip":"::1","trace_id":"553f1a5ef9e73c36aa13be9b"}
{"time":"2026-08-22T23:11:06.2853683+08:00","level":"INFO","msg":"HTTP 访问","method":"GET","path":"/api/system/status","status":200,"latency":"203.2079ms","ip":"::1","trace_id":"1718566f1040c5c334d23d8a"}
{"time":"2026-08-22T23:11:11.2892982+08:00","level":"INFO","msg":"HTTP 访问","method":"GET","path":"/api/system/status","status":200,"latency":"203.2783ms","ip":"::1","trace_id":"ad4db48253fa1ccef1e2597d"}
{"time":"2026-08-22T23:11:16.292761+08:00","level":"INFO","msg":"HTTP 访问","method":"GET","path":"/api/system/status","status":200,"latency":"202.9351ms","ip":"::1","trace_id":"247c68cb0867070eeb18dda3"}
{"time":"2026-08-22T23:11:21.2893549+08:00","level":"INFO","msg":"HTTP 访问","method":"GET","path":"/api/system/status","status":200,"latency":"204.22ms","ip":"::1","trace_id":"8d29e58b18cd76eb17a580c2"}
{"time":"2026-08-22T23:11:26.2928444+08:00","level":"INFO","msg":"HTTP 访问","method":"GET","path":"/api/system/status","status":200,"latency":"203.0786ms","ip":"::1","trace_id":"bbd8ae17409cac65abfb252f"}
{"time":"2026-08-22T23:11:29.6112165+08:00","level":"INFO","msg":"收到退出信号，开始优雅关闭"}
{"time":"2026-08-22T23:11:29.6174358+08:00","level":"INFO","msg":"定时任务调度器已停止"}
{"time":"2026-08-22T23:11:29.6174358+08:00","level":"INFO","msg":"定时任务调度器已停止"}
{"time":"2026-08-22T23:11:29.6174358+08:00","level":"INFO","msg":"WebSocket Hub 已关闭"}
{"time":"2026-08-22T23:22:56.3532571+08:00","level":"WARN","msg":"默认主人账号已就绪","username":"admin","role":"master","id":0,"提示":"主人密码仅可通过 config.toml 的 [auth] 段修改"}
{"time":"2026-08-22T23:22:56.3542575+08:00","level":"INFO","msg":"定时任务调度器已启动","count":0}
{"time":"2026-08-22T23:22:56.3542575+08:00","level":"INFO","msg":"异步任务 Worker 已启动","size":4}
{"time":"2026-08-22T23:22:56.3553744+08:00","level":"WARN","msg":"MQTT 连接失败（降级运行，仅支持本地设备）","broker":"tcp://localhost:1883","error":"连接 MQTT broker 失败: dial tcp :1883: connectex: No connection could be made because the target machine actively refused it."}
{"time":"2026-08-22T23:22:56.3553744+08:00","level":"INFO","msg":"定时任务调度器已启动","count":0}
{"time":"2026-08-22T23:22:56.3553744+08:00","level":"INFO","msg":"IoT 服务已启动"}
{"time":"2026-08-22T23:22:56.3563735+08:00","level":"INFO","msg":"WebDAV 已挂载","prefix":"/dav"}
{"time":"2026-08-22T23:22:56.3563735+08:00","level":"INFO","msg":"HTTP 服务启动","addr":":8080"}
{"time":"2026-08-22T23:23:00.3166265+08:00","level":"INFO","msg":"HTTP 访问","method":"GET","path":"/api/system/status","status":200,"latency":"205.8111ms","ip":"::1","trace_id":"9c6a082415bb52c42f94244a"}
{"time":"2026-08-22T23:23:01.119691+08:00","level":"INFO","msg":"HTTP 访问","method":"GET","path":"/","status":304,"latency":"0s","ip":"::1","trace_id":"8851eebf9a51fa6dd46b3e0b"}
{"time":"2026-08-22T23:23:01.1463675+08:00","level":"INFO","msg":"HTTP 访问","method":"GET","path":"/api/auth/me","status":200,"latency":"0s","ip":"::1","trace_id":"7d1fefcfc13226a7e6ec0c01"}
{"time":"2026-08-22T23:23:01.173013+08:00","level":"INFO","msg":"HTTP 访问","method":"GET","path":"/api/admin/settings","status":200,"latency":"0s","ip":"::1","trace_id":"9583614b91d588b4c012e44d"}
{"time":"2026-08-22T23:23:01.1740292+08:00","level":"INFO","msg":"HTTP 访问","method":"GET","path":"/favicon.ico","status":304,"latency":"0s","ip":"::1","trace_id":"b5eb533a805a3bcfe8bbbec3"}
{"time":"2026-08-22T23:23:01.4087181+08:00","level":"INFO","msg":"HTTP 访问","method":"GET","path":"/api/system/status","status":200,"latency":"204.3364ms","ip":"::1","trace_id":"9d5642df18f2042011953e8d"}
{"time":"2026-08-22T23:23:01.6126046+08:00","level":"INFO","msg":"HTTP 访问","method":"GET","path":"/api/system/status","status":200,"latency":"203.323ms","ip":"::1","trace_id":"64c8cb0d63e036009002dd83"}
{"time":"2026-08-22T23:23:03.220091+08:00","level":"INFO","msg":"HTTP 访问","method":"GET","path":"/api/system/status","status":200,"latency":"203.0498ms","ip":"::1","trace_id":"d7b0b3892f95b67906956d0d"}
{"time":"2026-08-22T23:23:06.4232876+08:00","level":"INFO","msg":"HTTP 访问","method":"GET","path":"/api/system/status","status":200,"latency":"218.2658ms","ip":"::1","trace_id":"2b79c60371d7e244062da414"}
{"time":"2026-08-22T23:23:11.4218447+08:00","level":"INFO","msg":"HTTP 访问","method":"GET","path":"/api/system/status","status":200,"latency":"203.6107ms","ip":"::1","trace_id":"556dcbfaea661bc39c232c08"}
{"time":"2026-08-22T23:23:16.4141127+08:00","level":"INFO","msg":"HTTP 访问","method":"GET","path":"/api/system/status","status":200,"latency":"203.3122ms","ip":"::1","trace_id":"585d9a9e866035777314b6c7"}
{"time":"2026-08-22T23:23:21.4126955+08:00","level":"INFO","msg":"HTTP 访问","method":"GET","path":"/api/system/status","status":200,"latency":"202.7613ms","ip":"::1","trace_id":"a9dca867b444fd34f30dea66"}
{"time":"2026-08-22T23:23:26.4223149+08:00","level":"INFO","msg":"HTTP 访问","method":"GET","path":"/api/system/status","status":200,"latency":"203.3239ms","ip":"::1","trace_id":"c0c07259058f2ce54fb34b51"}
{"time":"2026-08-22T23:23:31.4083317+08:00","level":"INFO","msg":"HTTP 访问","method":"GET","path":"/api/system/status","status":200,"latency":"202.7719ms","ip":"::1","trace_id":"306c487a4013cbd19ff2837c"}
{"time":"2026-08-22T23:23:36.4216623+08:00","level":"INFO","msg":"HTTP 访问","method":"GET","path":"/api/system/status","status":200,"latency":"202.6059ms","ip":"::1","trace_id":"9066c98b5a62a26cbf0bb279"}
{"time":"2026-08-22T23:23:41.4167285+08:00","level":"INFO","msg":"HTTP 访问","method":"GET","path":"/api/system/status","status":200,"latency":"204.6569ms","ip":"::1","trace_id":"a0a56baf6a7c1af4b1bc50cf"}
{"time":"2026-08-22T23:23:46.4120129+08:00","level":"INFO","msg":"HTTP 访问","method":"GET","path":"/api/system/status","status":200,"latency":"202.8864ms","ip":"::1","trace_id":"16c590f37bb95333ff312ba1"}
{"time":"2026-08-22T23:23:51.4161256+08:00","level":"INFO","msg":"HTTP 访问","method":"GET","path":"/api/system/status","status":200,"latency":"203.0525ms","ip":"::1","trace_id":"aa8c43e18c7f85a286c05904"}
{"time":"2026-08-22T23:23:56.4118119+08:00","level":"INFO","msg":"HTTP 访问","method":"GET","path":"/api/system/status","status":200,"latency":"203.259ms","ip":"::1","trace_id":"b18a4c3c39cc52680b35beda"}
{"time":"2026-08-22T23:24:01.4087051+08:00","level":"INFO","msg":"HTTP 访问","method":"GET","path":"/api/system/status","status":200,"latency":"202.9597ms","ip":"::1","trace_id":"9677950bfbd9ecb6a230302f"}
{"time":"2026-08-22T23:24:01.6155569+08:00","level":"INFO","msg":"HTTP 访问","method":"GET","path":"/api/system/status","status":200,"latency":"205.2996ms","ip":"::1","trace_id":"34936817cf62e1e3a8f567b5"}
{"time":"2026-08-22T23:24:06.4127479+08:00","level":"INFO","msg":"HTTP 访问","method":"GET","path":"/api/system/status","status":200,"latency":"203.0249ms","ip":"::1","trace_id":"49c92b3c5cffe16981ec2b47"}
{"time":"2026-08-22T23:24:11.4092641+08:00","level":"INFO","msg":"HTTP 访问","method":"GET","path":"/api/system/status","status":200,"latency":"203.0542ms","ip":"::1","trace_id":"bd31476e8e2a17f078487c9e"}
{"time":"2026-08-22T23:24:16.4197836+08:00","level":"INFO","msg":"HTTP 访问","method":"GET","path":"/api/system/status","status":200,"latency":"203.7047ms","ip":"::1","trace_id":"f2275bcff1319f922d79fb7d"}
{"time":"2026-08-22T23:24:21.41499+08:00","level":"INFO","msg":"HTTP 访问","method":"GET","path":"/api/system/status","status":200,"latency":"202.5445ms","ip":"::1","trace_id":"3d2ba13a49ebed4a6bef4f03"}
{"time":"2026-08-22T23:24:26.4152465+08:00","level":"INFO","msg":"HTTP 访问","method":"GET","path":"/api/system/status","status":200,"latency":"202.7436ms","ip":"::1","trace_id":"eaf5d27b49865f9a3f31844f"}
{"time":"2026-08-22T23:24:29.6694376+08:00","level":"INFO","msg":"HTTP 访问","method":"GET","path":"/","status":200,"latency":"434.388ms","ip":"192.168.137.140","trace_id":"b99255aad2321e1471e74fb7"}
{"time":"2026-08-22T23:24:30.1672279+08:00","level":"INFO","msg":"HTTP 访问","method":"GET","path":"/favicon.ico","status":200,"latency":"236.7338ms","ip":"192.168.137.140","trace_id":"b8d72e272670b7feb60e1fa5"}
{"time":"2026-08-22T23:24:31.4084564+08:00","level":"INFO","msg":"HTTP 访问","method":"GET","path":"/api/system/status","status":200,"latency":"202.7915ms","ip":"::1","trace_id":"c1790d20655bc2943899920e"}
{"time":"2026-08-22T23:24:36.4081848+08:00","level":"INFO","msg":"HTTP 访问","method":"GET","path":"/api/system/status","status":200,"latency":"203.0406ms","ip":"::1","trace_id":"9b9910c78f30b7cef9271186"}
{"time":"2026-08-22T23:24:41.4121779+08:00","level":"INFO","msg":"HTTP 访问","method":"GET","path":"/api/system/status","status":200,"latency":"202.7906ms","ip":"::1","trace_id":"45706b89f0cd6bc650e526a8"}
{"time":"2026-08-22T23:24:41.7383212+08:00","level":"INFO","msg":"HTTP 访问","method":"POST","path":"/api/auth/login","status":200,"latency":"22.8904ms","ip":"192.168.137.140","trace_id":"00b42b83d910c62f7489ffea"}
{"time":"2026-08-22T23:24:42.0126939+08:00","level":"INFO","msg":"HTTP 访问","method":"GET","path":"/api/auth/me","status":200,"latency":"0s","ip":"192.168.137.140","trace_id":"ddc84da0b2700313f738be3b"}
{"time":"2026-08-22T23:24:42.0696592+08:00","level":"INFO","msg":"HTTP 访问","method":"GET","path":"/api/admin/settings","status":200,"latency":"0s","ip":"192.168.137.140","trace_id":"8b8e96d5498fdb952cd4444f"}
{"time":"2026-08-22T23:24:42.2940304+08:00","level":"INFO","msg":"HTTP 访问","method":"GET","path":"/api/system/status","status":200,"latency":"203.7425ms","ip":"192.168.137.140","trace_id":"a9e1ef02f4467454e153f8cd"}
{"time":"2026-08-22T23:24:42.5144924+08:00","level":"INFO","msg":"HTTP 访问","method":"GET","path":"/api/system/status","status":200,"latency":"203.345ms","ip":"192.168.137.140","trace_id":"6b6dfcfcf139c702221e32a8"}
{"time":"2026-08-22T23:24:46.4096425+08:00","level":"INFO","msg":"HTTP 访问","method":"GET","path":"/api/system/status","status":200,"latency":"203.4542ms","ip":"::1","trace_id":"7d99d13aac635efbefc308dd"}
{"time":"2026-08-22T23:24:47.302525+08:00","level":"INFO","msg":"HTTP 访问","method":"GET","path":"/api/system/status","status":200,"latency":"203.5329ms","ip":"192.168.137.140","trace_id":"a38cc0abffb34aa60d03a536"}
{"time":"2026-08-22T23:24:48.8630269+08:00","level":"INFO","msg":"HTTP 访问","method":"GET","path":"/api/system/status","status":200,"latency":"203.0875ms","ip":"192.168.137.140","trace_id":"5726e37d66dd50e98e5098c4"}
{"time":"2026-08-22T23:24:51.4112255+08:00","level":"INFO","msg":"HTTP 访问","method":"GET","path":"/api/system/status","status":200,"latency":"203.8507ms","ip":"::1","trace_id":"e366f459b1c2ec33f97f9b25"}
{"time":"2026-08-22T23:24:51.8300686+08:00","level":"INFO","msg":"HTTP 访问","method":"GET","path":"/api/files","status":200,"latency":"27.6858ms","ip":"192.168.137.140","trace_id":"d3c93d6c138273877bb94488"}
{"time":"2026-08-22T23:24:51.9030741+08:00","level":"INFO","msg":"HTTP 访问","method":"GET","path":"/api/storage/stats","status":200,"latency":"20.5902ms","ip":"192.168.137.140","trace_id":"611660a2b53d152fbda39019"}
{"time":"2026-08-22T23:24:52.2934355+08:00","level":"INFO","msg":"HTTP 访问","method":"GET","path":"/api/system/status","status":200,"latency":"203.398ms","ip":"192.168.137.140","trace_id":"5fc26c1f8173fa31c4debad4"}
{"time":"2026-08-22T23:24:56.4093212+08:00","level":"INFO","msg":"HTTP 访问","method":"GET","path":"/api/system/status","status":200,"latency":"202.2977ms","ip":"::1","trace_id":"d1d1fbd3310c6b7a4003ebf2"}
{"time":"2026-08-22T23:24:57.3227022+08:00","level":"INFO","msg":"HTTP 访问","method":"GET","path":"/api/system/status","status":200,"latency":"203.4395ms","ip":"192.168.137.140","trace_id":"09208eab6781d54efd5ff8ed"}
{"time":"2026-08-22T23:24:58.2263025+08:00","level":"INFO","msg":"HTTP 访问","method":"GET","path":"/api/files","status":200,"latency":"522.4µs","ip":"192.168.137.140","trace_id":"e0b1da5ebbcb36fce29eae5b"}
{"time":"2026-08-22T23:24:58.280933+08:00","level":"INFO","msg":"HTTP 访问","method":"GET","path":"/api/storage/stats","status":200,"latency":"21.2205ms","ip":"192.168.137.140","trace_id":"4a9aab0e3af49136af3438ad"}
{"time":"2026-08-22T23:25:01.4073499+08:00","level":"INFO","msg":"HTTP 访问","method":"GET","path":"/api/system/status","status":200,"latency":"202.8757ms","ip":"::1","trace_id":"15851cdf5c6b2ac30681e34c"}
{"time":"2026-08-22T23:25:01.6127105+08:00","level":"INFO","msg":"HTTP 访问","method":"GET","path":"/api/system/status","status":200,"latency":"204.4657ms","ip":"::1","trace_id":"9465bea037533d03461f9471"}
{"time":"2026-08-22T23:25:02.3278481+08:00","level":"INFO","msg":"HTTP 访问","method":"GET","path":"/api/system/status","status":200,"latency":"203.5836ms","ip":"192.168.137.140","trace_id":"782ac5f9eb2f010816c7221f"}
{"time":"2026-08-22T23:25:06.4153454+08:00","level":"INFO","msg":"HTTP 访问","method":"GET","path":"/api/system/status","status":200,"latency":"202.8371ms","ip":"::1","trace_id":"502c20e33233f1b07ca9e3b7"}
{"time":"2026-08-22T23:25:07.3023958+08:00","level":"INFO","msg":"HTTP 访问","method":"GET","path":"/api/system/status","status":200,"latency":"203.2437ms","ip":"192.168.137.140","trace_id":"3c87780cacc532614802d681"}
{"time":"2026-08-22T23:25:11.4073773+08:00","level":"INFO","msg":"HTTP 访问","method":"GET","path":"/api/system/status","status":200,"latency":"202.7053ms","ip":"::1","trace_id":"dde4dfa6c7e7a370a9acf975"}
{"time":"2026-08-22T23:25:12.3120659+08:00","level":"INFO","msg":"HTTP 访问","method":"GET","path":"/api/system/status","status":200,"latency":"203.1625ms","ip":"192.168.137.140","trace_id":"e2782af3b8beb75bbf5062fd"}
{"time":"2026-08-22T23:25:16.4137496+08:00","level":"INFO","msg":"HTTP 访问","method":"GET","path":"/api/system/status","status":200,"latency":"202.9744ms","ip":"::1","trace_id":"9bf485b655d527cb0ba048f0"}
{"time":"2026-08-22T23:25:17.4719031+08:00","level":"INFO","msg":"HTTP 访问","method":"GET","path":"/api/system/status","status":200,"latency":"203.1004ms","ip":"192.168.137.140","trace_id":"ded370cba53602f6f28a0b2e"}
{"time":"2026-08-22T23:25:18.3207672+08:00","level":"INFO","msg":"HTTP 访问","method":"GET","path":"/ws","status":200,"latency":"36.2239187s","ip":"192.168.137.140","trace_id":"9ab4e4c3ba799261f9626b4d"}
{"time":"2026-08-22T23:25:21.4225087+08:00","level":"INFO","msg":"HTTP 访问","method":"GET","path":"/api/system/status","status":200,"latency":"204.865ms","ip":"::1","trace_id":"cef572cfc427a9ceb53b8590"}
{"time":"2026-08-22T23:25:26.4186829+08:00","level":"INFO","msg":"HTTP 访问","method":"GET","path":"/api/system/status","status":200,"latency":"202.8741ms","ip":"::1","trace_id":"ea5edaafa22d4efc097ca749"}
{"time":"2026-08-22T23:25:31.4082528+08:00","level":"INFO","msg":"HTTP 访问","method":"GET","path":"/api/system/status","status":200,"latency":"203.7904ms","ip":"::1","trace_id":"03c2b3814da69229d8b261a9"}
{"time":"2026-08-22T23:25:36.4131274+08:00","level":"INFO","msg":"HTTP 访问","method":"GET","path":"/api/system/status","status":200,"latency":"203.0894ms","ip":"::1","trace_id":"e1e73be5aa19b3be7ae4143f"}
{"time":"2026-08-22T23:25:41.4109816+08:00","level":"INFO","msg":"HTTP 访问","method":"GET","path":"/api/system/status","status":200,"latency":"203.0601ms","ip":"::1","trace_id":"6e9c0d1b6e5930a0cc826d61"}
{"time":"2026-08-22T23:25:46.4221879+08:00","level":"INFO","msg":"HTTP 访问","method":"GET","path":"/api/system/status","status":200,"latency":"203.7263ms","ip":"::1","trace_id":"8ba0f82d79f329697468dd10"}
{"time":"2026-08-22T23:25:51.4247508+08:00","level":"INFO","msg":"HTTP 访问","method":"GET","path":"/api/system/status","status":200,"latency":"217.6224ms","ip":"::1","trace_id":"3fd9d42292a2acde9f9b62e0"}
{"time":"2026-08-22T23:25:56.4139211+08:00","level":"INFO","msg":"HTTP 访问","method":"GET","path":"/api/system/status","status":200,"latency":"202.9658ms","ip":"::1","trace_id":"4b1149d78fff1a16ef2698b2"}
{"time":"2026-08-22T23:26:01.4086996+08:00","level":"INFO","msg":"HTTP 访问","method":"GET","path":"/api/system/status","status":200,"latency":"203.075ms","ip":"::1","trace_id":"87d78e3ddf940cb2cf47c95d"}
{"time":"2026-08-22T23:26:01.6123316+08:00","level":"INFO","msg":"HTTP 访问","method":"GET","path":"/api/system/status","status":200,"latency":"203.0884ms","ip":"::1","trace_id":"c1d86cd8d58cab76632ab589"}
{"time":"2026-08-22T23:26:06.418223+08:00","level":"INFO","msg":"HTTP 访问","method":"GET","path":"/api/system/status","status":200,"latency":"203.5331ms","ip":"::1","trace_id":"c06190724c85c02ea7e6a846"}
{"time":"2026-08-22T23:26:11.4101886+08:00","level":"INFO","msg":"HTTP 访问","method":"GET","path":"/api/system/status","status":200,"latency":"202.7319ms","ip":"::1","trace_id":"5ebeba12aa1d0528e121c133"}
{"time":"2026-08-22T23:26:16.4212781+08:00","level":"INFO","msg":"HTTP 访问","method":"GET","path":"/api/system/status","status":200,"latency":"204.3149ms","ip":"::1","trace_id":"702b1748c370d0d9ab73d9a9"}
{"time":"2026-08-22T23:26:21.4080901+08:00","level":"INFO","msg":"HTTP 访问","method":"GET","path":"/api/system/status","status":200,"latency":"202.7293ms","ip":"::1","trace_id":"99e898d5308ecb0ad39d0e16"}
{"time":"2026-08-22T23:26:26.4140081+08:00","level":"INFO","msg":"HTTP 访问","method":"GET","path":"/api/system/status","status":200,"latency":"204.797ms","ip":"::1","trace_id":"36b0b30e8f88ec9997566024"}
{"time":"2026-08-22T23:26:31.4087292+08:00","level":"INFO","msg":"HTTP 访问","method":"GET","path":"/api/system/status","status":200,"latency":"203.166ms","ip":"::1","trace_id":"82f3ab294e718a4f774e3016"}
{"time":"2026-08-22T23:26:36.4091461+08:00","level":"INFO","msg":"HTTP 访问","method":"GET","path":"/api/system/status","status":200,"latency":"204.427ms","ip":"::1","trace_id":"b9b02ede03c9c1d43098689f"}
{"time":"2026-08-22T23:26:41.4184358+08:00","level":"INFO","msg":"HTTP 访问","method":"GET","path":"/api/system/status","status":200,"latency":"203.2339ms","ip":"::1","trace_id":"a73f1e447387fb2bd329334e"}
{"time":"2026-08-22T23:26:46.4104651+08:00","level":"INFO","msg":"HTTP 访问","method":"GET","path":"/api/system/status","status":200,"latency":"203.0441ms","ip":"::1","trace_id":"d69dce094e159bc4fb7f2241"}
{"time":"2026-08-22T23:26:51.4156757+08:00","level":"INFO","msg":"HTTP 访问","method":"GET","path":"/api/system/status","status":200,"latency":"203.1127ms","ip":"::1","trace_id":"bb23a230df125aee6be86668"}
{"time":"2026-08-22T23:26:56.4098636+08:00","level":"INFO","msg":"HTTP 访问","method":"GET","path":"/api/system/status","status":200,"latency":"204.3003ms","ip":"::1","trace_id":"149c02de7b9ac504f8169b86"}
{"time":"2026-08-22T23:27:01.4089344+08:00","level":"INFO","msg":"HTTP 访问","method":"GET","path":"/api/system/status","status":200,"latency":"202.531ms","ip":"::1","trace_id":"0e5c83424ce37e307fea9597"}
{"time":"2026-08-22T23:27:01.6136121+08:00","level":"INFO","msg":"HTTP 访问","method":"GET","path":"/api/system/status","status":200,"latency":"203.6223ms","ip":"::1","trace_id":"b498a9f693409ec48721fed1"}
{"time":"2026-08-22T23:27:06.4231264+08:00","level":"INFO","msg":"HTTP 访问","method":"GET","path":"/api/system/status","status":200,"latency":"207.3003ms","ip":"::1","trace_id":"b3cce4d7b0e8476fd63e90d2"}
{"time":"2026-08-22T23:27:11.4219181+08:00","level":"INFO","msg":"HTTP 访问","method":"GET","path":"/api/system/status","status":200,"latency":"202.9648ms","ip":"::1","trace_id":"8357b6a50bad24a8e1371000"}
{"time":"2026-08-22T23:27:16.4178869+08:00","level":"INFO","msg":"HTTP 访问","method":"GET","path":"/api/system/status","status":200,"latency":"206.888ms","ip":"::1","trace_id":"6dbd4879aa8139e36d4c635a"}
{"time":"2026-08-22T23:27:21.4091492+08:00","level":"INFO","msg":"HTTP 访问","method":"GET","path":"/api/system/status","status":200,"latency":"203.1299ms","ip":"::1","trace_id":"b8c055e7a4ee644b2bfc60a4"}
{"time":"2026-08-22T23:27:26.4120046+08:00","level":"INFO","msg":"HTTP 访问","method":"GET","path":"/api/system/status","status":200,"latency":"203.1135ms","ip":"::1","trace_id":"27ce05be866209580564e9e1"}
{"time":"2026-08-22T23:27:31.4083172+08:00","level":"INFO","msg":"HTTP 访问","method":"GET","path":"/api/system/status","status":200,"latency":"202.7508ms","ip":"::1","trace_id":"0eb50627ce0f38db9522d7a8"}
{"time":"2026-08-22T23:27:36.4197352+08:00","level":"INFO","msg":"HTTP 访问","method":"GET","path":"/api/system/status","status":200,"latency":"203.6071ms","ip":"::1","trace_id":"7a7b111ee32a90500dfca1fd"}
{"time":"2026-08-22T23:27:41.4153971+08:00","level":"INFO","msg":"HTTP 访问","method":"GET","path":"/api/system/status","status":200,"latency":"202.6629ms","ip":"::1","trace_id":"18d1854f7241bc20f352d32f"}
{"time":"2026-08-22T23:27:46.4125587+08:00","level":"INFO","msg":"HTTP 访问","method":"GET","path":"/api/system/status","status":200,"latency":"204.582ms","ip":"::1","trace_id":"53c4505a6fe0bfa2c277a3fc"}
{"time":"2026-08-22T23:27:51.4140198+08:00","level":"INFO","msg":"HTTP 访问","method":"GET","path":"/api/system/status","status":200,"latency":"203.2565ms","ip":"::1","trace_id":"e0d4992d0f33cbc71cf521f8"}
{"time":"2026-08-22T23:27:56.4149222+08:00","level":"INFO","msg":"HTTP 访问","method":"GET","path":"/api/system/status","status":200,"latency":"202.9335ms","ip":"::1","trace_id":"06aa9ea4fc8da51dac9c734d"}
{"time":"2026-08-22T23:28:01.4082468+08:00","level":"INFO","msg":"HTTP 访问","method":"GET","path":"/api/system/status","status":200,"latency":"203.8894ms","ip":"::1","trace_id":"e4d235c756f95f0b40b89a73"}
{"time":"2026-08-22T23:28:01.613507+08:00","level":"INFO","msg":"HTTP 访问","method":"GET","path":"/api/system/status","status":200,"latency":"204.716ms","ip":"::1","trace_id":"3df65d9a8329cc3c4883df73"}
{"time":"2026-08-22T23:28:06.4124743+08:00","level":"INFO","msg":"HTTP 访问","method":"GET","path":"/api/system/status","status":200,"latency":"203.6823ms","ip":"::1","trace_id":"6b427609b3b969df6675e4d9"}
{"time":"2026-08-22T23:28:11.4189017+08:00","level":"INFO","msg":"HTTP 访问","method":"GET","path":"/api/system/status","status":200,"latency":"203.0661ms","ip":"::1","trace_id":"b4c040b91a109550e0c5d4c1"}
{"time":"2026-08-22T23:28:16.4224225+08:00","level":"INFO","msg":"HTTP 访问","method":"GET","path":"/api/system/status","status":200,"latency":"203.3706ms","ip":"::1","trace_id":"604cd35f974879890044e1f5"}
{"time":"2026-08-22T23:28:21.4195192+08:00","level":"INFO","msg":"HTTP 访问","method":"GET","path":"/api/system/status","status":200,"latency":"203.6493ms","ip":"::1","trace_id":"ceee772023e4d318c094de31"}
{"time":"2026-08-22T23:28:26.40838+08:00","level":"INFO","msg":"HTTP 访问","method":"GET","path":"/api/system/status","status":200,"latency":"203.3136ms","ip":"::1","trace_id":"c734228d3f4d88d2e6f6945a"}
{"time":"2026-08-22T23:28:31.247387+08:00","level":"INFO","msg":"HTTP 访问","method":"GET","path":"/api/system/status","status":200,"latency":"203.1957ms","ip":"192.168.137.140","trace_id":"dabaafbf0aa563e50e7dcbed"}
{"time":"2026-08-22T23:28:31.4374977+08:00","level":"INFO","msg":"HTTP 访问","method":"GET","path":"/api/system/status","status":200,"latency":"232.1587ms","ip":"::1","trace_id":"069f863b3e827cea81aec58c"}
{"time":"2026-08-22T23:28:31.4829573+08:00","level":"INFO","msg":"HTTP 访问","method":"GET","path":"/api/system/status","status":200,"latency":"203.4373ms","ip":"192.168.137.140","trace_id":"5f2d6a3981163ddb8c11f88e"}
{"time":"2026-08-22T23:28:35.0120925+08:00","level":"INFO","msg":"HTTP 访问","method":"GET","path":"/api/system/status","status":200,"latency":"202.8398ms","ip":"192.168.137.140","trace_id":"c06ce4fdfc6368abb02a9c35"}
{"time":"2026-08-22T23:28:36.4176206+08:00","level":"INFO","msg":"HTTP 访问","method":"GET","path":"/api/system/status","status":200,"latency":"202.6145ms","ip":"::1","trace_id":"cb5f4112fcb2acdb47121b49"}
{"time":"2026-08-22T23:28:40.0217263+08:00","level":"INFO","msg":"HTTP 访问","method":"GET","path":"/api/system/status","status":200,"latency":"205.6411ms","ip":"192.168.137.140","trace_id":"e2829ef80e4ff9fe291d95b8"}
{"time":"2026-08-22T23:28:41.4158316+08:00","level":"INFO","msg":"HTTP 访问","method":"GET","path":"/api/system/status","status":200,"latency":"204.2724ms","ip":"::1","trace_id":"f03f8d7518cf2cd950810b97"}
{"time":"2026-08-22T23:28:45.0662751+08:00","level":"INFO","msg":"HTTP 访问","method":"GET","path":"/api/system/status","status":200,"latency":"204.0542ms","ip":"192.168.137.140","trace_id":"a082d9b8fb25f5172efc2a67"}
{"time":"2026-08-22T23:28:46.4155381+08:00","level":"INFO","msg":"HTTP 访问","method":"GET","path":"/api/system/status","status":200,"latency":"202.6861ms","ip":"::1","trace_id":"cfef0845e714d35ac2decf92"}
{"time":"2026-08-22T23:28:50.0622404+08:00","level":"INFO","msg":"HTTP 访问","method":"GET","path":"/api/system/status","status":200,"latency":"203.2369ms","ip":"192.168.137.140","trace_id":"e461db096072ba3e50524f1f"}
{"time":"2026-08-22T23:28:51.4085216+08:00","level":"INFO","msg":"HTTP 访问","method":"GET","path":"/api/system/status","status":200,"latency":"203.1489ms","ip":"::1","trace_id":"f88742859efd9f31ed75bf24"}
{"time":"2026-08-22T23:28:55.0280118+08:00","level":"INFO","msg":"HTTP 访问","method":"GET","path":"/api/system/status","status":200,"latency":"203.5439ms","ip":"192.168.137.140","trace_id":"5123aed367535266a5bd6148"}
{"time":"2026-08-22T23:28:56.4121357+08:00","level":"INFO","msg":"HTTP 访问","method":"GET","path":"/api/system/status","status":200,"latency":"203.4556ms","ip":"::1","trace_id":"338256d32d031d727cbf3ca8"}
{"time":"2026-08-22T23:29:00.1921883+08:00","level":"INFO","msg":"HTTP 访问","method":"GET","path":"/api/system/status","status":200,"latency":"204.4718ms","ip":"192.168.137.140","trace_id":"7a658a75bcb485b040ebe89c"}
{"time":"2026-08-22T23:29:01.4091543+08:00","level":"INFO","msg":"HTTP 访问","method":"GET","path":"/api/system/status","status":200,"latency":"203.4985ms","ip":"::1","trace_id":"9863d0acecdafd51c98f5138"}
{"time":"2026-08-22T23:29:01.6152077+08:00","level":"INFO","msg":"HTTP 访问","method":"GET","path":"/api/system/status","status":200,"latency":"205.5513ms","ip":"::1","trace_id":"1b2ce4f17bfd36bb2f6c285d"}
{"time":"2026-08-22T23:29:06.4091908+08:00","level":"INFO","msg":"HTTP 访问","method":"GET","path":"/api/system/status","status":200,"latency":"203.0164ms","ip":"::1","trace_id":"cdd3f8424bdbce84cf592ddd"}
{"time":"2026-08-22T23:29:11.4145963+08:00","level":"INFO","msg":"HTTP 访问","method":"GET","path":"/api/system/status","status":200,"latency":"202.9771ms","ip":"::1","trace_id":"57029b03a554a12ee8270eda"}
{"time":"2026-08-22T23:29:17.2964106+08:00","level":"INFO","msg":"HTTP 访问","method":"GET","path":"/api/system/status","status":200,"latency":"202.9942ms","ip":"::1","trace_id":"723b72ed781b784006c0c687"}
{"time":"2026-08-22T23:29:22.2881124+08:00","level":"INFO","msg":"HTTP 访问","method":"GET","path":"/api/system/status","status":200,"latency":"206.0656ms","ip":"::1","trace_id":"c875cf6733933114ba892344"}
{"time":"2026-08-22T23:29:27.3107446+08:00","level":"INFO","msg":"HTTP 访问","method":"GET","path":"/api/system/status","status":200,"latency":"216.3594ms","ip":"::1","trace_id":"84076ccd77ab3eafd8fa06b3"}
{"time":"2026-08-22T23:29:32.2882655+08:00","level":"INFO","msg":"HTTP 访问","method":"GET","path":"/api/system/status","status":200,"latency":"206.5874ms","ip":"::1","trace_id":"e8d8e88e66e4bdf0dcc5e7c1"}
{"time":"2026-08-22T23:29:37.2933431+08:00","level":"INFO","msg":"HTTP 访问","method":"GET","path":"/api/system/status","status":200,"latency":"205.9714ms","ip":"::1","trace_id":"4ed4b4f55e3afbfb6535560c"}
{"time":"2026-08-22T23:29:42.284827+08:00","level":"INFO","msg":"HTTP 访问","method":"GET","path":"/api/system/status","status":200,"latency":"204.8442ms","ip":"::1","trace_id":"1b6b14018870c13d9598374a"}
{"time":"2026-08-22T23:29:47.291446+08:00","level":"INFO","msg":"HTTP 访问","method":"GET","path":"/api/system/status","status":200,"latency":"208.0887ms","ip":"::1","trace_id":"9e4f925f96818c5cf2bd8885"}
{"time":"2026-08-22T23:29:52.2930204+08:00","level":"INFO","msg":"HTTP 访问","method":"GET","path":"/api/system/status","status":200,"latency":"206.3283ms","ip":"::1","trace_id":"54b43fad715de708a8a4a030"}
{"time":"2026-08-22T23:29:57.3313554+08:00","level":"INFO","msg":"HTTP 访问","method":"GET","path":"/api/system/status","status":200,"latency":"238.8578ms","ip":"::1","trace_id":"ce754bfdce5f21a08356969a"}
{"time":"2026-08-22T23:30:02.2895801+08:00","level":"INFO","msg":"HTTP 访问","method":"GET","path":"/api/system/status","status":200,"latency":"204.9365ms","ip":"::1","trace_id":"25767040ccf90e2ee8786bac"}
{"time":"2026-08-22T23:30:02.5029928+08:00","level":"INFO","msg":"HTTP 访问","method":"GET","path":"/api/system/status","status":200,"latency":"212.2777ms","ip":"::1","trace_id":"ec48edcf034e7ea03e672393"}
{"time":"2026-08-22T23:30:07.2941706+08:00","level":"INFO","msg":"HTTP 访问","method":"GET","path":"/api/system/status","status":200,"latency":"206.0923ms","ip":"::1","trace_id":"1dd1a7fabb2433a08fd4c5eb"}
{"time":"2026-08-22T23:30:12.3006607+08:00","level":"INFO","msg":"HTTP 访问","method":"GET","path":"/api/system/status","status":200,"latency":"207.0838ms","ip":"::1","trace_id":"9cf2caedb6b84dade1811d7d"}
{"time":"2026-08-22T23:30:27.3009289+08:00","level":"INFO","msg":"HTTP 访问","method":"GET","path":"/api/system/status","status":200,"latency":"206.3149ms","ip":"::1","trace_id":"e8c10bbb16475b66bb86b56a"}
{"time":"2026-08-22T23:31:27.3058609+08:00","level":"INFO","msg":"HTTP 访问","method":"GET","path":"/api/system/status","status":200,"latency":"207.927ms","ip":"::1","trace_id":"6057e169e3fe1cb4eacc8f5f"}
{"time":"2026-08-22T23:31:27.5123837+08:00","level":"INFO","msg":"HTTP 访问","method":"GET","path":"/api/system/status","status":200,"latency":"205.977ms","ip":"::1","trace_id":"adec5514209bd463a8717fbd"}
{"time":"2026-08-22T23:32:27.3401409+08:00","level":"INFO","msg":"HTTP 访问","method":"GET","path":"/api/system/status","status":200,"latency":"257.0634ms","ip":"::1","trace_id":"433a24fc166c603abbed13da"}
{"time":"2026-08-22T23:32:27.5670797+08:00","level":"INFO","msg":"HTTP 访问","method":"GET","path":"/api/system/status","status":200,"latency":"223.7145ms","ip":"::1","trace_id":"b5ac97cb2387c624da0d9a0e"}
{"time":"2026-08-22T23:33:27.2892966+08:00","level":"INFO","msg":"HTTP 访问","method":"GET","path":"/api/system/status","status":200,"latency":"206.864ms","ip":"::1","trace_id":"343ee3cd47f91b0174e13939"}
{"time":"2026-08-22T23:33:27.5007711+08:00","level":"INFO","msg":"HTTP 访问","method":"GET","path":"/api/system/status","status":200,"latency":"210.9029ms","ip":"::1","trace_id":"377a1096b322630cbfcedf67"}
{"time":"2026-08-22T23:38:38.6148999+08:00","level":"INFO","msg":"HTTP 访问","method":"GET","path":"/api/system/status","status":200,"latency":"207.3742ms","ip":"::1","trace_id":"d569e4ff48ed063cd3019f43"}
{"time":"2026-08-22T23:38:38.8207812+08:00","level":"INFO","msg":"HTTP 访问","method":"GET","path":"/api/system/status","status":200,"latency":"204.7415ms","ip":"::1","trace_id":"fa959569c0e4ac322e619251"}
{"time":"2026-08-22T23:38:39.4102874+08:00","level":"INFO","msg":"HTTP 访问","method":"GET","path":"/api/admin/users","status":200,"latency":"0s","ip":"::1","trace_id":"0252677f8012fd2fe513f9b4"}
{"time":"2026-08-22T23:38:39.4102874+08:00","level":"INFO","msg":"HTTP 访问","method":"GET","path":"/api/admin/settings","status":200,"latency":"0s","ip":"::1","trace_id":"a998a81e3c1933f62b30bf99"}
{"time":"2026-08-22T23:38:39.410791+08:00","level":"INFO","msg":"HTTP 访问","method":"GET","path":"/api/plugins","status":200,"latency":"0s","ip":"::1","trace_id":"3966dc0d59fb090e25044ca3"}
{"time":"2026-08-22T23:38:40.861659+08:00","level":"INFO","msg":"HTTP 访问","method":"GET","path":"/api/files/trash","status":200,"latency":"734.8µs","ip":"::1","trace_id":"2f534796032c78dc46a31f27"}
{"time":"2026-08-22T23:38:41.4323578+08:00","level":"INFO","msg":"HTTP 访问","method":"GET","path":"/api/system/status","status":200,"latency":"212.8481ms","ip":"::1","trace_id":"aaa60182117c593e9161a989"}
{"time":"2026-08-22T23:38:42.2200081+08:00","level":"INFO","msg":"HTTP 访问","method":"GET","path":"/api/files","status":200,"latency":"54.9915ms","ip":"::1","trace_id":"2fe31fe262cd5d5df75e282f"}
{"time":"2026-08-22T23:38:42.283017+08:00","level":"INFO","msg":"HTTP 访问","method":"GET","path":"/api/storage/stats","status":200,"latency":"52.2521ms","ip":"::1","trace_id":"8a571c948fb9bd69dbc360e5"}
{"time":"2026-08-22T23:38:43.2457353+08:00","level":"INFO","msg":"HTTP 访问","method":"GET","path":"/api/system/status","status":200,"latency":"217.0075ms","ip":"::1","trace_id":"96d6f25600effc95e12cdad9"}
{"time":"2026-08-22T23:38:43.4824164+08:00","level":"INFO","msg":"HTTP 访问","method":"GET","path":"/api/system/status","status":200,"latency":"226.7433ms","ip":"::1","trace_id":"2010a3252d2865c049707567"}
{"time":"2026-08-22T23:38:44.0621705+08:00","level":"INFO","msg":"HTTP 访问","method":"GET","path":"/api/files","status":200,"latency":"61.3471ms","ip":"::1","trace_id":"cc0b969027bb883afd640a68"}
{"time":"2026-08-22T23:38:44.1180491+08:00","level":"INFO","msg":"HTTP 访问","method":"GET","path":"/api/storage/stats","status":200,"latency":"53.7432ms","ip":"::1","trace_id":"8a034ac209d1e3903c080615"}
{"time":"2026-08-22T23:38:47.0625186+08:00","level":"INFO","msg":"HTTP 访问","method":"GET","path":"/api/files","status":200,"latency":"1.5335ms","ip":"::1","trace_id":"1cb22dbc7da688a40c5e5854"}
{"time":"2026-08-22T23:38:47.1137784+08:00","level":"INFO","msg":"HTTP 访问","method":"GET","path":"/api/storage/stats","status":200,"latency":"49.2216ms","ip":"::1","trace_id":"4a0bf77d7720def68bc17ab7"}
{"time":"2026-08-22T23:38:48.2414315+08:00","level":"INFO","msg":"HTTP 访问","method":"GET","path":"/api/system/status","status":200,"latency":"209.6642ms","ip":"::1","trace_id":"a0915daa1e35937d62a08392"}
{"time":"2026-08-22T23:38:53.3382384+08:00","level":"INFO","msg":"HTTP 访问","method":"GET","path":"/api/system/status","status":200,"latency":"217.5986ms","ip":"::1","trace_id":"d84135fecdde5ffe9579dda7"}
{"time":"2026-08-22T23:38:58.3028131+08:00","level":"INFO","msg":"HTTP 访问","method":"GET","path":"/api/system/status","status":200,"latency":"207.8204ms","ip":"::1","trace_id":"ad2dfba1b0701971af62c7d6"}
{"time":"2026-08-22T23:39:03.3049515+08:00","level":"INFO","msg":"HTTP 访问","method":"GET","path":"/api/system/status","status":200,"latency":"204.2118ms","ip":"::1","trace_id":"eddc0328d1afe2bb5424de32"}
{"time":"2026-08-22T23:39:08.3018885+08:00","level":"INFO","msg":"HTTP 访问","method":"GET","path":"/api/system/status","status":200,"latency":"210.416ms","ip":"::1","trace_id":"3473bc03b608094990db0863"}
{"time":"2026-08-22T23:39:13.2905634+08:00","level":"INFO","msg":"HTTP 访问","method":"GET","path":"/api/system/status","status":200,"latency":"204.6843ms","ip":"::1","trace_id":"eb0adfea3f0ce4df422e82b9"}
{"time":"2026-08-22T23:39:18.2858969+08:00","level":"INFO","msg":"HTTP 访问","method":"GET","path":"/api/system/status","status":200,"latency":"206.6795ms","ip":"::1","trace_id":"aa57f68e30a72106e436e146"}
{"time":"2026-08-22T23:39:23.2979123+08:00","level":"INFO","msg":"HTTP 访问","method":"GET","path":"/api/system/status","status":200,"latency":"207.841ms","ip":"::1","trace_id":"f8f2db4a0dc7482534c643e6"}
{"time":"2026-08-22T23:39:28.2930536+08:00","level":"INFO","msg":"HTTP 访问","method":"GET","path":"/api/system/status","status":200,"latency":"203.4741ms","ip":"::1","trace_id":"715eef1d28e875634f48e152"}
{"time":"2026-08-22T23:39:33.282878+08:00","level":"INFO","msg":"HTTP 访问","method":"GET","path":"/api/system/status","status":200,"latency":"203.9284ms","ip":"::1","trace_id":"020bda399faaa3a4fc30ec51"}
{"time":"2026-08-22T23:39:38.2937091+08:00","level":"INFO","msg":"HTTP 访问","method":"GET","path":"/api/system/status","status":200,"latency":"208.2266ms","ip":"::1","trace_id":"96357ba5d60901b3d5d1e05c"}
{"time":"2026-08-22T23:39:43.2847269+08:00","level":"INFO","msg":"HTTP 访问","method":"GET","path":"/api/system/status","status":200,"latency":"202.7233ms","ip":"::1","trace_id":"ff8c15ea20963b03465978cc"}
{"time":"2026-08-22T23:39:43.4907704+08:00","level":"INFO","msg":"HTTP 访问","method":"GET","path":"/api/system/status","status":200,"latency":"202.6917ms","ip":"::1","trace_id":"77fef2c4fcd2ba25e10d9aee"}
{"time":"2026-08-22T23:39:48.2967192+08:00","level":"INFO","msg":"HTTP 访问","method":"GET","path":"/api/system/status","status":200,"latency":"202.9573ms","ip":"::1","trace_id":"a8f3ce4f02d7b2d2daa97978"}
{"time":"2026-08-22T23:40:27.3082019+08:00","level":"INFO","msg":"HTTP 访问","method":"GET","path":"/api/system/status","status":200,"latency":"206.9351ms","ip":"::1","trace_id":"cce6d82fb7aa1f6335717c04"}
{"time":"2026-08-22T23:40:28.3010402+08:00","level":"INFO","msg":"HTTP 访问","method":"GET","path":"/api/system/status","status":200,"latency":"202.9995ms","ip":"192.168.137.140","trace_id":"f7724419d0e147c47350769e"}
{"time":"2026-08-22T23:40:28.6745377+08:00","level":"INFO","msg":"HTTP 访问","method":"GET","path":"/api/system/status","status":200,"latency":"213.7996ms","ip":"192.168.137.140","trace_id":"298293475e8c245619dd0ef8"}
{"time":"2026-08-22T23:40:28.9087441+08:00","level":"INFO","msg":"HTTP 访问","method":"GET","path":"/api/system/status","status":200,"latency":"205.6555ms","ip":"192.168.137.140","trace_id":"d1a14963561dfe3ca4303e5c"}
{"time":"2026-08-22T23:40:30.9337701+08:00","level":"INFO","msg":"HTTP 访问","method":"GET","path":"/api/system/status","status":200,"latency":"203.2292ms","ip":"192.168.137.140","trace_id":"748f8baa5c3d5aa7bd730b10"}
{"time":"2026-08-22T23:40:35.3047721+08:00","level":"INFO","msg":"HTTP 访问","method":"POST","path":"/api/auth/login","status":200,"latency":"53.6578ms","ip":"192.168.137.140","trace_id":"977eae87819c953a8ed88e5d"}
{"time":"2026-08-22T23:40:35.4181153+08:00","level":"INFO","msg":"HTTP 访问","method":"GET","path":"/api/auth/me","status":200,"latency":"0s","ip":"192.168.137.140","trace_id":"573b485d55ebdaf091738b6d"}
{"time":"2026-08-22T23:40:35.4278221+08:00","level":"INFO","msg":"HTTP 访问","method":"GET","path":"/api/admin/settings","status":200,"latency":"0s","ip":"192.168.137.140","trace_id":"018e662415bf338bdcc96d67"}
{"time":"2026-08-22T23:40:35.6704939+08:00","level":"INFO","msg":"HTTP 访问","method":"GET","path":"/api/system/status","status":200,"latency":"208.9376ms","ip":"192.168.137.140","trace_id":"f7b0a1f25029c2e3702a42a6"}
{"time":"2026-08-22T23:40:35.958711+08:00","level":"INFO","msg":"HTTP 访问","method":"GET","path":"/api/system/status","status":200,"latency":"234.1879ms","ip":"192.168.137.140","trace_id":"d25cb6a1be397bce326f7572"}
{"time":"2026-08-22T23:40:40.664946+08:00","level":"INFO","msg":"HTTP 访问","method":"GET","path":"/api/system/status","status":200,"latency":"205.2012ms","ip":"192.168.137.140","trace_id":"84d1f2caf0ace94d09e30128"}
{"time":"2026-08-22T23:40:43.292938+08:00","level":"INFO","msg":"HTTP 访问","method":"GET","path":"/api/system/status","status":200,"latency":"205.9138ms","ip":"::1","trace_id":"7901e0848e6e991f037c28ba"}
{"time":"2026-08-22T23:40:45.4612424+08:00","level":"INFO","msg":"HTTP 访问","method":"GET","path":"/","status":304,"latency":"0s","ip":"192.168.137.140","trace_id":"1480a654c5399316fd854533"}
{"time":"2026-08-22T23:40:45.5416143+08:00","level":"INFO","msg":"HTTP 访问","method":"GET","path":"/ws","status":200,"latency":"10.0766682s","ip":"192.168.137.140","trace_id":"090e6c141f75bb7bd49a82bf"}
{"time":"2026-08-22T23:40:45.5416143+08:00","level":"INFO","msg":"HTTP 访问","method":"GET","path":"/api/auth/me","status":200,"latency":"0s","ip":"192.168.137.140","trace_id":"a2b9290852d7a55929f04ef6"}
{"time":"2026-08-22T23:40:45.6981634+08:00","level":"INFO","msg":"HTTP 访问","method":"GET","path":"/api/admin/settings","status":200,"latency":"0s","ip":"192.168.137.140","trace_id":"504828a6b90ae3eb276478c5"}
{"time":"2026-08-22T23:40:45.6981634+08:00","level":"INFO","msg":"HTTP 访问","method":"GET","path":"/favicon.ico","status":304,"latency":"0s","ip":"192.168.137.140","trace_id":"b41c22f84bd214a8bfdcf836"}
{"time":"2026-08-22T23:40:45.9170206+08:00","level":"INFO","msg":"HTTP 访问","method":"GET","path":"/api/system/status","status":200,"latency":"203.0568ms","ip":"192.168.137.140","trace_id":"97410f0aee9e206750d5c3ff"}
{"time":"2026-08-22T23:40:46.1251109+08:00","level":"INFO","msg":"HTTP 访问","method":"GET","path":"/api/system/status","status":200,"latency":"203.6462ms","ip":"192.168.137.140","trace_id":"7320dde384c39d6a54584e63"}
{"time":"2026-08-22T23:40:49.3866426+08:00","level":"INFO","msg":"HTTP 访问","method":"GET","path":"/api/files","status":200,"latency":"51.6736ms","ip":"192.168.137.140","trace_id":"d720df4832da9e7f6bd05dc6"}
{"time":"2026-08-22T23:40:49.4763028+08:00","level":"INFO","msg":"HTTP 访问","method":"GET","path":"/api/storage/stats","status":200,"latency":"61.4304ms","ip":"192.168.137.140","trace_id":"fd38e4fe6b6e8f32baeca557"}
{"time":"2026-08-22T23:40:50.943081+08:00","level":"INFO","msg":"HTTP 访问","method":"GET","path":"/api/system/status","status":200,"latency":"203.4234ms","ip":"192.168.137.140","trace_id":"b795d507dce8eb3567e84df8"}
{"time":"2026-08-22T23:40:55.1648495+08:00","level":"INFO","msg":"HTTP 访问","method":"GET","path":"/api/files","status":200,"latency":"0s","ip":"192.168.137.140","trace_id":"a62bf53d43b002818ac8f8b0"}
{"time":"2026-08-22T23:40:55.2108844+08:00","level":"INFO","msg":"HTTP 访问","method":"GET","path":"/api/storage/stats","status":200,"latency":"30.0522ms","ip":"192.168.137.140","trace_id":"ea3645f6e75e8ba167ee7ed6"}
{"time":"2026-08-22T23:40:55.9687188+08:00","level":"INFO","msg":"HTTP 访问","method":"GET","path":"/api/system/status","status":200,"latency":"209.0307ms","ip":"192.168.137.140","trace_id":"0bf08a0844524ced164113a2"}
{"time":"2026-08-22T23:40:58.795949+08:00","level":"INFO","msg":"HTTP 访问","method":"GET","path":"/api/files/trash","status":200,"latency":"1.0216ms","ip":"192.168.137.140","trace_id":"e964f97dcfee48a98bb24067"}
{"time":"2026-08-22T23:41:00.3737178+08:00","level":"INFO","msg":"HTTP 访问","method":"GET","path":"/api/admin/settings","status":200,"latency":"0s","ip":"192.168.137.140","trace_id":"43d6e1b89fa58d901e4b4158"}
{"time":"2026-08-22T23:41:00.3737178+08:00","level":"INFO","msg":"HTTP 访问","method":"GET","path":"/api/plugins","status":200,"latency":"0s","ip":"192.168.137.140","trace_id":"86c611b2abc74904b86b077e"}
{"time":"2026-08-22T23:41:00.3737178+08:00","level":"INFO","msg":"HTTP 访问","method":"GET","path":"/api/admin/users","status":200,"latency":"0s","ip":"192.168.137.140","trace_id":"8626b421198e850958d0c13c"}
{"time":"2026-08-22T23:41:00.9341358+08:00","level":"INFO","msg":"HTTP 访问","method":"GET","path":"/api/system/status","status":200,"latency":"214.8317ms","ip":"192.168.137.140","trace_id":"7d509f5db04fdb59f6679b5b"}
{"time":"2026-08-22T23:41:05.96556+08:00","level":"INFO","msg":"HTTP 访问","method":"GET","path":"/api/system/status","status":200,"latency":"226.9448ms","ip":"192.168.137.140","trace_id":"7fdc1d01a2e6b56f845eac67"}
{"time":"2026-08-22T23:41:07.8661486+08:00","level":"INFO","msg":"HTTP 访问","method":"GET","path":"/api/auth/me","status":200,"latency":"0s","ip":"192.168.137.140","trace_id":"1d2f56189db5d8aeff74dbf3"}
{"time":"2026-08-22T23:41:07.8874143+08:00","level":"INFO","msg":"HTTP 访问","method":"GET","path":"/api/admin/settings","status":200,"latency":"0s","ip":"192.168.137.140","trace_id":"3e52cdbc7b3d3bc47870e273"}
{"time":"2026-08-22T23:41:07.8894135+08:00","level":"INFO","msg":"HTTP 访问","method":"GET","path":"/ws","status":200,"latency":"22.1782797s","ip":"192.168.137.140","trace_id":"92b290f81f4cfb3b0fe7218a"}
{"time":"2026-08-22T23:41:08.1171418+08:00","level":"INFO","msg":"HTTP 访问","method":"GET","path":"/api/system/status","status":200,"latency":"204.1354ms","ip":"192.168.137.140","trace_id":"91fb55a276d3e1e8ecbe93db"}
{"time":"2026-08-22T23:41:08.3380172+08:00","level":"INFO","msg":"HTTP 访问","method":"GET","path":"/api/system/status","status":200,"latency":"206.8955ms","ip":"192.168.137.140","trace_id":"574c3fcfa06f0b968e134cea"}
{"time":"2026-08-22T23:41:08.79804+08:00","level":"INFO","msg":"HTTP 访问","method":"GET","path":"/ws","status":200,"latency":"881.8784ms","ip":"192.168.137.140","trace_id":"312c651c7eb99b81bd3d2eaf"}
{"time":"2026-08-22T23:41:19.9085769+08:00","level":"INFO","msg":"HTTP 访问","method":"POST","path":"/api/auth/login","status":200,"latency":"66.7804ms","ip":"192.168.137.140","trace_id":"f1e352150279cb58ebb174a2"}
{"time":"2026-08-22T23:41:19.9634882+08:00","level":"INFO","msg":"HTTP 访问","method":"GET","path":"/api/auth/me","status":200,"latency":"0s","ip":"192.168.137.140","trace_id":"248070dc5718eb817b0a1d03"}
{"time":"2026-08-22T23:41:19.978268+08:00","level":"INFO","msg":"HTTP 访问","method":"GET","path":"/api/admin/settings","status":200,"latency":"0s","ip":"192.168.137.140","trace_id":"a14f9542169b6e67c38e72bb"}
{"time":"2026-08-22T23:41:20.1942083+08:00","level":"INFO","msg":"HTTP 访问","method":"GET","path":"/api/system/status","status":200,"latency":"203.4515ms","ip":"192.168.137.140","trace_id":"91f89f3571b6fbaba7156448"}
{"time":"2026-08-22T23:41:20.4952111+08:00","level":"INFO","msg":"HTTP 访问","method":"GET","path":"/api/system/status","status":200,"latency":"215.9207ms","ip":"192.168.137.140","trace_id":"bd9e5059e46a67ca38b0c9eb"}
{"time":"2026-08-22T23:41:25.2089852+08:00","level":"INFO","msg":"HTTP 访问","method":"GET","path":"/api/system/status","status":200,"latency":"204.3162ms","ip":"192.168.137.140","trace_id":"b815bf03ba99669e0a9a7207"}
{"time":"2026-08-22T23:41:26.0326198+08:00","level":"INFO","msg":"HTTP 访问","method":"GET","path":"/api/plugins","status":200,"latency":"0s","ip":"192.168.137.140","trace_id":"f8b05a6506de862e016b3c8d"}
{"time":"2026-08-22T23:41:26.0336198+08:00","level":"INFO","msg":"HTTP 访问","method":"GET","path":"/api/admin/users","status":200,"latency":"0s","ip":"192.168.137.140","trace_id":"ad7b92b9139f1c78f77722ab"}
{"time":"2026-08-22T23:41:26.0336198+08:00","level":"INFO","msg":"HTTP 访问","method":"GET","path":"/api/admin/settings","status":200,"latency":"0s","ip":"192.168.137.140","trace_id":"9df1e88ec4169ba6755d29a4"}
{"time":"2026-08-22T23:41:27.3085546+08:00","level":"INFO","msg":"HTTP 访问","method":"GET","path":"/api/system/status","status":200,"latency":"215.1674ms","ip":"::1","trace_id":"cd22e473ab99f914ffb8e67b"}
{"time":"2026-08-22T23:41:30.2097907+08:00","level":"INFO","msg":"HTTP 访问","method":"GET","path":"/api/system/status","status":200,"latency":"204.3065ms","ip":"192.168.137.140","trace_id":"a01aad6233bcea26908ba936"}
{"time":"2026-08-22T23:41:35.2356572+08:00","level":"INFO","msg":"HTTP 访问","method":"GET","path":"/api/system/status","status":200,"latency":"203.9799ms","ip":"192.168.137.140","trace_id":"fe704eaa252d99b939fde6c8"}
{"time":"2026-08-22T23:41:40.2719258+08:00","level":"INFO","msg":"HTTP 访问","method":"GET","path":"/api/system/status","status":200,"latency":"251.6659ms","ip":"192.168.137.140","trace_id":"1f4e2d9f035afbc738dd0b97"}
{"time":"2026-08-22T23:41:43.2912509+08:00","level":"INFO","msg":"HTTP 访问","method":"GET","path":"/api/system/status","status":200,"latency":"206.0352ms","ip":"::1","trace_id":"2f2c01d90b79f8fc3f98bd3b"}
{"time":"2026-08-22T23:41:43.7414098+08:00","level":"INFO","msg":"HTTP 访问","method":"POST","path":"/api/admin/users","status":200,"latency":"51.4351ms","ip":"192.168.137.140","trace_id":"f966c64940217c7cf08de5b3"}
{"time":"2026-08-22T23:41:43.8491221+08:00","level":"INFO","msg":"HTTP 访问","method":"GET","path":"/api/admin/users","status":200,"latency":"0s","ip":"192.168.137.140","trace_id":"b8eefac16c4f73d03002fead"}
{"time":"2026-08-22T23:41:45.2219018+08:00","level":"INFO","msg":"HTTP 访问","method":"GET","path":"/api/system/status","status":200,"latency":"210.5189ms","ip":"192.168.137.140","trace_id":"4bc474c4242a4f0092cd6051"}
{"time":"2026-08-22T23:41:50.419184+08:00","level":"INFO","msg":"HTTP 访问","method":"GET","path":"/api/system/status","status":200,"latency":"209.9774ms","ip":"192.168.137.140","trace_id":"c628a8b66ff9d0881058dca6"}
{"time":"2026-08-22T23:41:55.2573196+08:00","level":"INFO","msg":"HTTP 访问","method":"GET","path":"/api/system/status","status":200,"latency":"244.2104ms","ip":"192.168.137.140","trace_id":"b545fd13cd94cb58a5855672"}
{"time":"2026-08-22T23:42:00.2181776+08:00","level":"INFO","msg":"HTTP 访问","method":"GET","path":"/api/system/status","status":200,"latency":"208.7007ms","ip":"192.168.137.140","trace_id":"45b2a4f036bc0ecea5528b5b"}
{"time":"2026-08-22T23:42:05.2613911+08:00","level":"INFO","msg":"HTTP 访问","method":"GET","path":"/api/system/status","status":200,"latency":"249.4807ms","ip":"192.168.137.140","trace_id":"8ce798d9d48ffe19b71bdd62"}
{"time":"2026-08-22T23:42:10.1931651+08:00","level":"INFO","msg":"HTTP 访问","method":"GET","path":"/api/system/status","status":200,"latency":"203.5044ms","ip":"192.168.137.140","trace_id":"ebda776b2ad7785d1c9a274c"}
{"time":"2026-08-22T23:42:18.1809579+08:00","level":"INFO","msg":"HTTP 访问","method":"GET","path":"/api/system/status","status":200,"latency":"203.1242ms","ip":"192.168.137.140","trace_id":"30fb15b9b780c5ab7dbe63c1"}
{"time":"2026-08-22T23:42:21.1713418+08:00","level":"INFO","msg":"HTTP 访问","method":"GET","path":"/api/system/status","status":200,"latency":"206.892ms","ip":"192.168.137.140","trace_id":"7a6344af2d400cd0321974a9"}
{"time":"2026-08-22T23:42:21.4975935+08:00","level":"INFO","msg":"HTTP 访问","method":"GET","path":"/api/system/status","status":200,"latency":"212.9679ms","ip":"192.168.137.140","trace_id":"02102309b7f9c7661f114e5d"}
{"time":"2026-08-22T23:42:23.090687+08:00","level":"INFO","msg":"HTTP 访问","method":"GET","path":"/ws","status":200,"latency":"1m3.097547s","ip":"192.168.137.140","trace_id":"53f7715b11534be50e9fd4cf"}
{"time":"2026-08-22T23:42:27.3074076+08:00","level":"INFO","msg":"HTTP 访问","method":"GET","path":"/api/system/status","status":200,"latency":"212.7348ms","ip":"::1","trace_id":"e27ad5162bd8a8ee67151ab8"}
{"time":"2026-08-22T23:42:43.3600885+08:00","level":"INFO","msg":"HTTP 访问","method":"GET","path":"/api/system/status","status":200,"latency":"272.7816ms","ip":"::1","trace_id":"10e8fb7df12cce7b71ba2a91"}
{"time":"2026-08-22T23:43:03.4322979+08:00","level":"INFO","msg":"HTTP 访问","method":"GET","path":"/api/system/status","status":200,"latency":"208.191ms","ip":"::1","trace_id":"82bbcc38c83dfedf2ad6539d"}
{"time":"2026-08-22T23:43:04.1284894+08:00","level":"INFO","msg":"HTTP 访问","method":"GET","path":"/api/admin/users","status":200,"latency":"0s","ip":"::1","trace_id":"b0bb1a26d20d195100846cb8"}
{"time":"2026-08-22T23:43:04.1293078+08:00","level":"INFO","msg":"HTTP 访问","method":"GET","path":"/api/admin/settings","status":200,"latency":"0s","ip":"::1","trace_id":"01236b24339445fde332016c"}
{"time":"2026-08-22T23:43:04.1293078+08:00","level":"INFO","msg":"HTTP 访问","method":"GET","path":"/api/plugins","status":200,"latency":"0s","ip":"::1","trace_id":"7b4fa7bc85cb1bb3ef49f799"}
{"time":"2026-08-22T23:43:08.2658973+08:00","level":"INFO","msg":"HTTP 访问","method":"GET","path":"/api/system/status","status":200,"latency":"215.619ms","ip":"::1","trace_id":"2c16d1b96bf81c1461d3ae84"}
{"time":"2026-08-22T23:43:13.2643702+08:00","level":"INFO","msg":"HTTP 访问","method":"GET","path":"/api/system/status","status":200,"latency":"216.7889ms","ip":"::1","trace_id":"631258c902285c586e77bff7"}
{"time":"2026-08-22T23:43:18.2980862+08:00","level":"INFO","msg":"HTTP 访问","method":"GET","path":"/api/system/status","status":200,"latency":"210.7726ms","ip":"::1","trace_id":"e8f58a796da762921098e419"}
{"time":"2026-08-22T23:43:23.3283402+08:00","level":"INFO","msg":"HTTP 访问","method":"GET","path":"/api/system/status","status":200,"latency":"208.9128ms","ip":"::1","trace_id":"d182fcf7738dad9b0890f2ca"}
{"time":"2026-08-22T23:43:28.2848772+08:00","level":"INFO","msg":"HTTP 访问","method":"GET","path":"/api/system/status","status":200,"latency":"205.9429ms","ip":"::1","trace_id":"6f10e77c6f5e0d551306e9a2"}
{"time":"2026-08-22T23:43:33.297638+08:00","level":"INFO","msg":"HTTP 访问","method":"GET","path":"/api/system/status","status":200,"latency":"205.5103ms","ip":"::1","trace_id":"bdbdbd31ca546613a1de7ba9"}
{"time":"2026-08-22T23:43:38.2908649+08:00","level":"INFO","msg":"HTTP 访问","method":"GET","path":"/api/system/status","status":200,"latency":"205.8698ms","ip":"::1","trace_id":"d896ff2ab96c372ae8ed4c47"}
{"time":"2026-08-22T23:43:43.2964662+08:00","level":"INFO","msg":"HTTP 访问","method":"GET","path":"/api/system/status","status":200,"latency":"204.0582ms","ip":"::1","trace_id":"ffdb51c042853e4c1745b1cb"}
{"time":"2026-08-22T23:43:43.5096602+08:00","level":"INFO","msg":"HTTP 访问","method":"GET","path":"/api/system/status","status":200,"latency":"209.0312ms","ip":"::1","trace_id":"630ecbc9cd6e307ddcba4776"}
{"time":"2026-08-22T23:43:48.2897111+08:00","level":"INFO","msg":"HTTP 访问","method":"GET","path":"/api/system/status","status":200,"latency":"204.6879ms","ip":"::1","trace_id":"583e711c6eb12dd3908669bf"}
{"time":"2026-08-22T23:43:53.2913472+08:00","level":"INFO","msg":"HTTP 访问","method":"GET","path":"/api/system/status","status":200,"latency":"205.7696ms","ip":"::1","trace_id":"df6d082b5c43a705b01f6584"}
{"time":"2026-08-22T23:43:58.2964302+08:00","level":"INFO","msg":"HTTP 访问","method":"GET","path":"/api/system/status","status":200,"latency":"208.5037ms","ip":"::1","trace_id":"b4f8cac6c08f9bd254c36bfe"}
{"time":"2026-08-22T23:44:03.2994082+08:00","level":"INFO","msg":"HTTP 访问","method":"GET","path":"/api/system/status","status":200,"latency":"206.4594ms","ip":"::1","trace_id":"38e308f6161fb75d97f8f983"}
{"time":"2026-08-22T23:44:08.2942877+08:00","level":"INFO","msg":"HTTP 访问","method":"GET","path":"/api/system/status","status":200,"latency":"206.2338ms","ip":"::1","trace_id":"d56816bd9d02815664280a82"}
{"time":"2026-08-22T23:44:13.3107008+08:00","level":"INFO","msg":"HTTP 访问","method":"GET","path":"/api/system/status","status":200,"latency":"206.1555ms","ip":"::1","trace_id":"364627e55f818ce04b218f59"}
{"time":"2026-08-22T23:44:27.2907436+08:00","level":"INFO","msg":"HTTP 访问","method":"GET","path":"/api/system/status","status":200,"latency":"205.4911ms","ip":"::1","trace_id":"9973e0f02e5687debb17d233"}
{"time":"2026-08-22T23:44:43.3043082+08:00","level":"INFO","msg":"HTTP 访问","method":"GET","path":"/api/system/status","status":200,"latency":"208.2268ms","ip":"::1","trace_id":"a39cd4a6ecc3407b39d402bf"}
{"time":"2026-08-22T23:45:17.9344339+08:00","level":"INFO","msg":"HTTP 访问","method":"GET","path":"/api/system/status","status":200,"latency":"203.1324ms","ip":"192.168.137.140","trace_id":"b8daf6a5355d06e5d4f2d001"}
{"time":"2026-08-22T23:45:18.1470353+08:00","level":"INFO","msg":"HTTP 访问","method":"GET","path":"/api/system/status","status":200,"latency":"203.0375ms","ip":"192.168.137.140","trace_id":"374149f52d37a61a511fa409"}
{"time":"2026-08-22T23:45:18.8012655+08:00","level":"INFO","msg":"HTTP 访问","method":"GET","path":"/api/admin/users","status":200,"latency":"0s","ip":"192.168.137.140","trace_id":"3c00039130a33faacaefd883"}
{"time":"2026-08-22T23:45:20.1973349+08:00","level":"INFO","msg":"HTTP 访问","method":"GET","path":"/api/system/status","status":200,"latency":"205.995ms","ip":"192.168.137.140","trace_id":"e7974a83c5ca8ceb7b2ad8f8"}
{"time":"2026-08-22T23:45:25.2213027+08:00","level":"INFO","msg":"HTTP 访问","method":"GET","path":"/api/system/status","status":200,"latency":"208.1755ms","ip":"192.168.137.140","trace_id":"666f3aff5c6592dc38ea4dd7"}
{"time":"2026-08-22T23:45:27.2936498+08:00","level":"INFO","msg":"HTTP 访问","method":"GET","path":"/api/system/status","status":200,"latency":"206.9953ms","ip":"::1","trace_id":"85126860e2f769ff52f8ea6c"}
{"time":"2026-08-22T23:45:28.7064035+08:00","level":"INFO","msg":"HTTP 访问","method":"GET","path":"/api/admin/users","status":200,"latency":"503µs","ip":"192.168.137.140","trace_id":"8c67a3b606073bb59f882423"}
{"time":"2026-08-22T23:45:30.2193121+08:00","level":"INFO","msg":"HTTP 访问","method":"GET","path":"/api/system/status","status":200,"latency":"207.8775ms","ip":"192.168.137.140","trace_id":"d726ce995b6b4085b2862596"}
{"time":"2026-08-22T23:45:34.303214+08:00","level":"INFO","msg":"HTTP 访问","method":"GET","path":"/api/admin/users","status":200,"latency":"302.4µs","ip":"192.168.137.140","trace_id":"e9d48a53877d998af92f7a1a"}
{"time":"2026-08-22T23:45:35.1935232+08:00","level":"INFO","msg":"HTTP 访问","method":"GET","path":"/api/system/status","status":200,"latency":"202.8686ms","ip":"192.168.137.140","trace_id":"5329706a464da862cf2f83b6"}
{"time":"2026-08-22T23:45:47.9271636+08:00","level":"INFO","msg":"HTTP 访问","method":"POST","path":"/api/admin/pick-folder","status":200,"latency":"26.135992s","ip":"192.168.137.140","trace_id":"066fe9285e7726a924626da5"}
{"time":"2026-08-22T23:45:48.1674527+08:00","level":"INFO","msg":"HTTP 访问","method":"GET","path":"/api/system/status","status":200,"latency":"229.315ms","ip":"192.168.137.140","trace_id":"17078b50857eb7078258dff9"}
{"time":"2026-08-22T23:45:49.8958212+08:00","level":"INFO","msg":"HTTP 访问","method":"POST","path":"/api/admin/pick-folder","status":200,"latency":"25.219208s","ip":"192.168.137.140","trace_id":"221c5f6920dbe342543c6129"}
{"time":"2026-08-22T23:45:50.4788185+08:00","level":"INFO","msg":"HTTP 访问","method":"POST","path":"/api/admin/pick-folder","status":200,"latency":"25.1759533s","ip":"192.168.137.140","trace_id":"a6ac2708e3140a1567661faa"}
{"time":"2026-08-22T23:45:51.0408273+08:00","level":"INFO","msg":"HTTP 访问","method":"POST","path":"/api/admin/pick-folder","status":200,"latency":"25.1702058s","ip":"192.168.137.140","trace_id":"2ef687612e760a3fda0023ec"}
{"time":"2026-08-22T23:45:51.6025205+08:00","level":"INFO","msg":"HTTP 访问","method":"POST","path":"/api/admin/pick-folder","status":200,"latency":"13.6761127s","ip":"192.168.137.140","trace_id":"9f4d01adf9c088718f6ea323"}
{"time":"2026-08-22T23:45:52.1385379+08:00","level":"INFO","msg":"HTTP 访问","method":"POST","path":"/api/admin/pick-folder","status":200,"latency":"12.3667294s","ip":"192.168.137.140","trace_id":"03b329f795fe1f92b3052b8b"}
{"time":"2026-08-22T23:45:52.6384584+08:00","level":"INFO","msg":"HTTP 访问","method":"POST","path":"/api/admin/pick-folder","status":200,"latency":"4.4496241s","ip":"192.168.137.140","trace_id":"620c20947693a562615760cb"}
{"time":"2026-08-22T23:45:53.1798638+08:00","level":"INFO","msg":"HTTP 访问","method":"POST","path":"/api/admin/pick-folder","status":200,"latency":"3.2003106s","ip":"192.168.137.140","trace_id":"9677c9047a287ac979dcccc9"}
{"time":"2026-08-22T23:45:53.6313452+08:00","level":"INFO","msg":"HTTP 访问","method":"POST","path":"/api/admin/pick-folder","status":200,"latency":"3.0379575s","ip":"192.168.137.140","trace_id":"21166b5838d0e95102350627"}
{"time":"2026-08-22T23:45:54.1235575+08:00","level":"INFO","msg":"HTTP 访问","method":"POST","path":"/api/admin/pick-folder","status":200,"latency":"3.019099s","ip":"192.168.137.140","trace_id":"44c2426ab74d4ad7b245d091"}
{"time":"2026-08-22T23:46:27.3033674+08:00","level":"INFO","msg":"HTTP 访问","method":"GET","path":"/api/system/status","status":200,"latency":"206.8866ms","ip":"::1","trace_id":"161bb4f5cb6b14a5575b34ff"}
{"time":"2026-08-22T23:46:27.5079649+08:00","level":"INFO","msg":"HTTP 访问","method":"GET","path":"/api/system/status","status":200,"latency":"204.0945ms","ip":"::1","trace_id":"0ff0576ce558da08597ebca1"}
{"time":"2026-08-22T23:47:27.3180378+08:00","level":"INFO","msg":"HTTP 访问","method":"GET","path":"/api/system/status","status":200,"latency":"232.1526ms","ip":"::1","trace_id":"37133c968e60cdb888197717"}
{"time":"2026-08-22T23:47:27.5327299+08:00","level":"INFO","msg":"HTTP 访问","method":"GET","path":"/api/system/status","status":200,"latency":"210.2229ms","ip":"::1","trace_id":"d0c5da616a43da74bfc43c90"}
{"time":"2026-08-22T23:48:45.7940233+08:00","level":"INFO","msg":"HTTP 访问","method":"GET","path":"/api/files","status":200,"latency":"59.798ms","ip":"192.168.137.140","trace_id":"12922f0cf81b07d6e4678252"}
{"time":"2026-08-22T23:48:57.8448394+08:00","level":"INFO","msg":"HTTP 访问","method":"POST","path":"/api/admin/pick-folder","status":200,"latency":"12.1106141s","ip":"192.168.137.140","trace_id":"cf5cb677bb8b962836cb06c2"}
{"time":"2026-08-22T23:48:58.0796042+08:00","level":"INFO","msg":"HTTP 访问","method":"GET","path":"/api/system/status","status":200,"latency":"206.7412ms","ip":"192.168.137.140","trace_id":"7659cc53b7c3ad7f25dbc204"}
{"time":"2026-08-22T23:49:00.0742903+08:00","level":"INFO","msg":"HTTP 访问","method":"POST","path":"/api/admin/pick-folder","status":200,"latency":"14.3385616s","ip":"192.168.137.140","trace_id":"7a51540f52fa802bf5c071d1"}
{"time":"2026-08-22T23:49:00.9315222+08:00","level":"INFO","msg":"HTTP 访问","method":"POST","path":"/api/admin/pick-folder","status":200,"latency":"15.1957935s","ip":"192.168.137.140","trace_id":"f2fa01d340f40fa9158dc13c"}
{"time":"2026-08-22T23:49:01.2535541+08:00","level":"INFO","msg":"HTTP 访问","method":"GET","path":"/api/system/status","status":200,"latency":"205.0777ms","ip":"192.168.137.140","trace_id":"19aa4c6d4e00e29eaa53d9f2"}
{"time":"2026-08-22T23:49:01.3539202+08:00","level":"INFO","msg":"HTTP 访问","method":"GET","path":"/api/admin/users","status":200,"latency":"0s","ip":"192.168.137.140","trace_id":"6cf1f8776dc1f014235f2f34"}
{"time":"2026-08-22T23:49:04.1454079+08:00","level":"INFO","msg":"HTTP 访问","method":"POST","path":"/api/admin/pick-folder","status":200,"latency":"18.4096792s","ip":"192.168.137.140","trace_id":"7c29adca41e45e98a770c411"}
{"time":"2026-08-22T23:49:05.0187576+08:00","level":"INFO","msg":"HTTP 访问","method":"POST","path":"/api/admin/pick-folder","status":200,"latency":"19.2830289s","ip":"192.168.137.140","trace_id":"a6689c1b3aef0176b3170dc3"}
{"time":"2026-08-22T23:49:05.2496379+08:00","level":"INFO","msg":"HTTP 访问","method":"GET","path":"/api/system/status","status":200,"latency":"210.2869ms","ip":"192.168.137.140","trace_id":"7ca0fc60729b221494e86c27"}
{"time":"2026-08-22T23:49:05.5172204+08:00","level":"INFO","msg":"HTTP 访问","method":"GET","path":"/api/system/status","status":200,"latency":"204.3747ms","ip":"192.168.137.140","trace_id":"cf784fa1996eee0965d9c012"}
{"time":"2026-08-22T23:49:05.7411207+08:00","level":"INFO","msg":"HTTP 访问","method":"GET","path":"/api/system/status","status":200,"latency":"213.645ms","ip":"192.168.137.140","trace_id":"e6f1615ae53cfa7722adf829"}
{"time":"2026-08-22T23:49:06.091823+08:00","level":"INFO","msg":"HTTP 访问","method":"GET","path":"/api/system/status","status":200,"latency":"215.7686ms","ip":"192.168.137.140","trace_id":"f73e1affec76d36c56503b75"}
{"time":"2026-08-22T23:49:06.375165+08:00","level":"INFO","msg":"HTTP 访问","method":"GET","path":"/api/system/status","status":200,"latency":"208.4135ms","ip":"192.168.137.140","trace_id":"6d72f858a5f0d50fa4fa78cc"}
{"time":"2026-08-22T23:49:06.5463036+08:00","level":"INFO","msg":"HTTP 访问","method":"POST","path":"/api/admin/pick-folder","status":200,"latency":"20.7453995s","ip":"192.168.137.140","trace_id":"70401979aca1b4caea26f775"}
{"time":"2026-08-22T23:49:06.6121827+08:00","level":"INFO","msg":"HTTP 访问","method":"GET","path":"/api/system/status","status":200,"latency":"207.6596ms","ip":"192.168.137.140","trace_id":"868d36f411538edef04e44ac"}
{"time":"2026-08-22T23:49:06.868903+08:00","level":"INFO","msg":"HTTP 访问","method":"GET","path":"/api/system/status","status":200,"latency":"202.9039ms","ip":"192.168.137.140","trace_id":"626d883341158b17b296c331"}
{"time":"2026-08-22T23:49:07.2973459+08:00","level":"INFO","msg":"HTTP 访问","method":"POST","path":"/api/admin/pick-folder","status":200,"latency":"9.1130701s","ip":"192.168.137.140","trace_id":"3b4fd11f9e2989eb333c158a"}
{"time":"2026-08-22T23:49:07.9756009+08:00","level":"INFO","msg":"HTTP 访问","method":"POST","path":"/api/admin/pick-folder","status":200,"latency":"7.84765s","ip":"192.168.137.140","trace_id":"5a9e4a7146c6ac32d81c45e0"}
{"time":"2026-08-22T23:49:08.6249244+08:00","level":"INFO","msg":"HTTP 访问","method":"POST","path":"/api/admin/pick-folder","status":200,"latency":"7.2667637s","ip":"192.168.137.140","trace_id":"a975e2906497d596a177588c"}
{"time":"2026-08-22T23:49:09.2549694+08:00","level":"INFO","msg":"HTTP 访问","method":"POST","path":"/api/admin/pick-folder","status":200,"latency":"5.0321878s","ip":"192.168.137.140","trace_id":"989fb7f1b4d00b18c504875c"}
{"time":"2026-08-22T23:49:11.2622867+08:00","level":"INFO","msg":"HTTP 访问","method":"GET","path":"/api/system/status","status":200,"latency":"217.1033ms","ip":"192.168.137.140","trace_id":"4fd93982dcda37e905c4dc81"}
{"time":"2026-08-22T23:49:16.2862176+08:00","level":"INFO","msg":"HTTP 访问","method":"GET","path":"/api/system/status","status":200,"latency":"213.4946ms","ip":"192.168.137.140","trace_id":"e3115d994f1e529c4da868bc"}
{"time":"2026-08-22T23:49:17.892895+08:00","level":"INFO","msg":"HTTP 访问","method":"PUT","path":"/api/admin/users/2/permissions","status":200,"latency":"502.6µs","ip":"192.168.137.140","trace_id":"d91a76e36f46ecfea2fbcc14"}
{"time":"2026-08-22T23:49:17.907593+08:00","level":"INFO","msg":"HTTP 访问","method":"GET","path":"/api/admin/users","status":200,"latency":"0s","ip":"192.168.137.140","trace_id":"d70b770988a085032bf89bdd"}
{"time":"2026-08-22T23:49:19.8728723+08:00","level":"INFO","msg":"HTTP 访问","method":"GET","path":"/api/admin/users","status":200,"latency":"0s","ip":"192.168.137.140","trace_id":"0ecc97a248b514fad2de4c03"}
{"time":"2026-08-22T23:49:21.2738292+08:00","level":"INFO","msg":"HTTP 访问","method":"GET","path":"/api/system/status","status":200,"latency":"218.467ms","ip":"192.168.137.140","trace_id":"c6d5e3715d63fd97f4ff5baa"}
{"time":"2026-08-22T23:49:26.3034116+08:00","level":"INFO","msg":"HTTP 访问","method":"GET","path":"/api/system/status","status":200,"latency":"239.8855ms","ip":"192.168.137.140","trace_id":"658d6b9b3297adaae39a1719"}
{"time":"2026-08-22T23:49:26.5594919+08:00","level":"INFO","msg":"HTTP 访问","method":"GET","path":"/api/system/status","status":200,"latency":"207.7665ms","ip":"192.168.137.140","trace_id":"95ff8e37f1e84c2c5bd09951"}
{"time":"2026-08-22T23:49:31.2566357+08:00","level":"INFO","msg":"HTTP 访问","method":"GET","path":"/api/system/status","status":200,"latency":"205.7603ms","ip":"192.168.137.140","trace_id":"21aee66f8ef98af23d09acf8"}
{"time":"2026-08-22T23:49:33.3215682+08:00","level":"INFO","msg":"HTTP 访问","method":"PUT","path":"/api/admin/users/2/permissions","status":200,"latency":"503.1µs","ip":"192.168.137.140","trace_id":"6b996dd2c6cb463229af9da0"}
{"time":"2026-08-22T23:49:33.3325037+08:00","level":"INFO","msg":"HTTP 访问","method":"GET","path":"/api/admin/users","status":200,"latency":"0s","ip":"192.168.137.140","trace_id":"fb2dd777bc20610d290f06cb"}
{"time":"2026-08-22T23:49:36.2957259+08:00","level":"INFO","msg":"HTTP 访问","method":"GET","path":"/api/system/status","status":200,"latency":"209.7408ms","ip":"192.168.137.140","trace_id":"74858a5101af234cdfdafaa5"}
{"time":"2026-08-22T23:49:37.2380196+08:00","level":"INFO","msg":"HTTP 访问","method":"GET","path":"/api/admin/users","status":200,"latency":"0s","ip":"192.168.137.140","trace_id":"9198a1d26253c80607fd8e01"}
{"time":"2026-08-22T23:49:41.25558+08:00","level":"INFO","msg":"HTTP 访问","method":"GET","path":"/api/system/status","status":200,"latency":"203.7286ms","ip":"192.168.137.140","trace_id":"fcf29ba9726e994cb806f3e8"}
{"time":"2026-08-22T23:49:46.2552788+08:00","level":"INFO","msg":"HTTP 访问","method":"GET","path":"/api/system/status","status":200,"latency":"206.0551ms","ip":"192.168.137.140","trace_id":"b9e70147405f81a295d892ab"}
{"time":"2026-08-22T23:49:51.0370794+08:00","level":"INFO","msg":"HTTP 访问","method":"PUT","path":"/api/admin/users/2/permissions","status":200,"latency":"673.3µs","ip":"192.168.137.140","trace_id":"9135b08b838969b56ff2d564"}
{"time":"2026-08-22T23:49:51.0479204+08:00","level":"INFO","msg":"HTTP 访问","method":"GET","path":"/api/admin/users","status":200,"latency":"0s","ip":"192.168.137.140","trace_id":"2519205c38dea6d8be4cc244"}
{"time":"2026-08-22T23:49:51.2416595+08:00","level":"INFO","msg":"HTTP 访问","method":"GET","path":"/api/system/status","status":200,"latency":"204.5801ms","ip":"192.168.137.140","trace_id":"cb6ead7e1c02500a96fca692"}
{"time":"2026-08-22T23:49:56.2658844+08:00","level":"INFO","msg":"HTTP 访问","method":"GET","path":"/api/system/status","status":200,"latency":"203.7444ms","ip":"192.168.137.140","trace_id":"65b6815006dbe62212f88f2a"}
{"time":"2026-08-22T23:50:01.2538071+08:00","level":"INFO","msg":"HTTP 访问","method":"GET","path":"/api/system/status","status":200,"latency":"202.7748ms","ip":"192.168.137.140","trace_id":"b36a2ad166225b9d3608cb21"}
{"time":"2026-08-22T23:50:12.6394422+08:00","level":"INFO","msg":"HTTP 访问","method":"POST","path":"/api/auth/login","status":200,"latency":"61.5711ms","ip":"192.168.137.140","trace_id":"3157bafa4cad936145caa254"}
{"time":"2026-08-22T23:50:12.7157363+08:00","level":"INFO","msg":"HTTP 访问","method":"GET","path":"/api/auth/me","status":200,"latency":"0s","ip":"192.168.137.140","trace_id":"15402c04df441d1e11d30a84"}
{"time":"2026-08-22T23:50:13.0595034+08:00","level":"INFO","msg":"HTTP 访问","method":"GET","path":"/api/system/status","status":200,"latency":"206.4112ms","ip":"192.168.137.140","trace_id":"e84aa639a4d86a1e8567ab7d"}
{"time":"2026-08-22T23:50:13.3375386+08:00","level":"INFO","msg":"HTTP 访问","method":"GET","path":"/api/system/status","status":200,"latency":"203.5816ms","ip":"192.168.137.140","trace_id":"eb0dc74143d0537d1f074bdd"}
{"time":"2026-08-22T23:50:16.8172235+08:00","level":"INFO","msg":"HTTP 访问","method":"GET","path":"/api/files","status":200,"latency":"30.6972ms","ip":"192.168.137.140","trace_id":"7b2e2b84a3005318881b1cf9"}
{"time":"2026-08-22T23:50:16.8749585+08:00","level":"INFO","msg":"HTTP 访问","method":"GET","path":"/api/storage/stats","status":200,"latency":"39.259ms","ip":"192.168.137.140","trace_id":"21f5539205c89244874a4cc6"}
{"time":"2026-08-22T23:50:18.0687981+08:00","level":"INFO","msg":"HTTP 访问","method":"GET","path":"/api/system/status","status":200,"latency":"204.2123ms","ip":"192.168.137.140","trace_id":"a9afa1f375abdadd23c72f90"}
{"time":"2026-08-22T23:50:18.3112621+08:00","level":"INFO","msg":"HTTP 访问","method":"GET","path":"/api/files","status":200,"latency":"691.4µs","ip":"192.168.137.140","trace_id":"0fd3c7fa2eefe1e905ac8389"}
{"time":"2026-08-22T23:50:18.3460926+08:00","level":"INFO","msg":"HTTP 访问","method":"GET","path":"/api/storage/stats","status":200,"latency":"20.3844ms","ip":"192.168.137.140","trace_id":"9ede2a1f5b45c35329df8953"}
{"time":"2026-08-22T23:50:23.0982785+08:00","level":"INFO","msg":"HTTP 访问","method":"GET","path":"/api/system/status","status":200,"latency":"207.4822ms","ip":"192.168.137.140","trace_id":"8d0028a065a728fddf7ecdbe"}
{"time":"2026-08-22T23:50:28.0748083+08:00","level":"INFO","msg":"HTTP 访问","method":"GET","path":"/api/system/status","status":200,"latency":"203.4434ms","ip":"192.168.137.140","trace_id":"a34e7bf99bab52b03142a38e"}
{"time":"2026-08-22T23:50:33.0718415+08:00","level":"INFO","msg":"HTTP 访问","method":"GET","path":"/api/system/status","status":200,"latency":"206.8242ms","ip":"192.168.137.140","trace_id":"ff44c48647bf97e80ec85cb0"}
{"time":"2026-08-22T23:50:38.0675851+08:00","level":"INFO","msg":"HTTP 访问","method":"GET","path":"/api/system/status","status":200,"latency":"207.98ms","ip":"192.168.137.140","trace_id":"29415a5b8a239e940f2975b1"}
{"time":"2026-08-22T23:50:38.7082015+08:00","level":"INFO","msg":"HTTP 访问","method":"GET","path":"/api/system/status","status":200,"latency":"203.5884ms","ip":"192.168.137.140","trace_id":"1b098549367c7c3803eb9a80"}
{"time":"2026-08-22T23:50:38.9428413+08:00","level":"INFO","msg":"HTTP 访问","method":"GET","path":"/api/system/status","status":200,"latency":"206.575ms","ip":"192.168.137.140","trace_id":"5fdc4c5f1ec73acc35b67bfd"}
{"time":"2026-08-22T23:50:44.1584826+08:00","level":"INFO","msg":"HTTP 访问","method":"GET","path":"/api/system/status","status":200,"latency":"203.8568ms","ip":"192.168.137.140","trace_id":"e13cc75e1fc9c4967817a9e6"}
{"time":"2026-08-22T23:50:46.8911252+08:00","level":"INFO","msg":"HTTP 访问","method":"GET","path":"/ws","status":200,"latency":"34.0349739s","ip":"192.168.137.140","trace_id":"6b528610b4d5e42b9fb54194"}
{"time":"2026-08-22T23:52:04.4636851+08:00","level":"INFO","msg":"HTTP 访问","method":"GET","path":"/api/system/status","status":200,"latency":"206.4032ms","ip":"::1","trace_id":"5399cc27a8a1e4829a46b307"}
{"time":"2026-08-22T23:52:04.6711094+08:00","level":"INFO","msg":"HTTP 访问","method":"GET","path":"/api/system/status","status":200,"latency":"206.918ms","ip":"::1","trace_id":"ed4aed4845021b7202ad9611"}
{"time":"2026-08-22T23:52:08.2314419+08:00","level":"INFO","msg":"HTTP 访问","method":"GET","path":"/api/system/status","status":200,"latency":"203.8437ms","ip":"::1","trace_id":"546f59c9e54c97ab48180fdc"}
{"time":"2026-08-22T23:52:09.5842462+08:00","level":"INFO","msg":"HTTP 访问","method":"GET","path":"/api/admin/users","status":200,"latency":"0s","ip":"::1","trace_id":"ae039a86c23347d8ee7503ac"}
{"time":"2026-08-22T23:52:11.6766609+08:00","level":"INFO","msg":"HTTP 访问","method":"GET","path":"/","status":304,"latency":"0s","ip":"::1","trace_id":"756e153cd80b4431b77a4aaa"}
{"time":"2026-08-22T23:52:11.6823379+08:00","level":"INFO","msg":"HTTP 访问","method":"GET","path":"/ws","status":200,"latency":"29m10.4785266s","ip":"::1","trace_id":"e0f270f03b90f945a7f360b2"}
{"time":"2026-08-22T23:52:11.7012283+08:00","level":"INFO","msg":"HTTP 访问","method":"GET","path":"/api/auth/me","status":200,"latency":"0s","ip":"::1","trace_id":"7d0288b0912e20464dc615c3"}
{"time":"2026-08-22T23:52:11.7209939+08:00","level":"INFO","msg":"HTTP 访问","method":"GET","path":"/api/admin/settings","status":200,"latency":"1.0012ms","ip":"::1","trace_id":"662e1f0c88ee27c4568cb19e"}
{"time":"2026-08-22T23:52:11.7216775+08:00","level":"INFO","msg":"HTTP 访问","method":"GET","path":"/favicon.ico","status":304,"latency":"0s","ip":"::1","trace_id":"c2632ce03e0585e41065ffb4"}
{"time":"2026-08-22T23:52:11.9372519+08:00","level":"INFO","msg":"HTTP 访问","method":"GET","path":"/api/system/status","status":200,"latency":"209.7796ms","ip":"::1","trace_id":"c0b513c8c9a29675cd6b43ce"}
{"time":"2026-08-22T23:52:12.1454734+08:00","level":"INFO","msg":"HTTP 访问","method":"GET","path":"/api/system/status","status":200,"latency":"207.6798ms","ip":"::1","trace_id":"aafba2a1dc73f5afc6b21b64"}
{"time":"2026-08-22T23:52:12.5636301+08:00","level":"INFO","msg":"HTTP 访问","method":"GET","path":"/api/admin/users","status":200,"latency":"0s","ip":"::1","trace_id":"16b5e767e6561ccf23cc7eb3"}
{"time":"2026-08-22T23:52:12.5636301+08:00","level":"INFO","msg":"HTTP 访问","method":"GET","path":"/api/admin/settings","status":200,"latency":"0s","ip":"::1","trace_id":"690239aedcbd500561ce1705"}
{"time":"2026-08-22T23:52:12.5646223+08:00","level":"INFO","msg":"HTTP 访问","method":"GET","path":"/api/plugins","status":200,"latency":"0s","ip":"::1","trace_id":"07da7c2ec777b1d5e4948b0f"}
{"time":"2026-08-22T23:52:14.2597022+08:00","level":"INFO","msg":"HTTP 访问","method":"GET","path":"/api/admin/users","status":200,"latency":"0s","ip":"::1","trace_id":"1aa22a718d37401fa8ca75af"}
{"time":"2026-08-22T23:52:16.9428255+08:00","level":"INFO","msg":"HTTP 访问","method":"GET","path":"/api/system/status","status":200,"latency":"215.3902ms","ip":"::1","trace_id":"e9ac0a397291859eadd0deb6"}
{"time":"2026-08-22T23:52:21.9440795+08:00","level":"INFO","msg":"HTTP 访问","method":"GET","path":"/api/system/status","status":200,"latency":"204.3149ms","ip":"::1","trace_id":"29f57d677d01bf416c599013"}
{"time":"2026-08-22T23:52:26.9350322+08:00","level":"INFO","msg":"HTTP 访问","method":"GET","path":"/api/system/status","status":200,"latency":"203.5436ms","ip":"::1","trace_id":"4ec292330b8101629b529dfc"}
{"time":"2026-08-22T23:52:31.9393565+08:00","level":"INFO","msg":"HTTP 访问","method":"GET","path":"/api/system/status","status":200,"latency":"205.7521ms","ip":"::1","trace_id":"c6eafd7f26ca16a8054059e4"}
{"time":"2026-08-22T23:52:32.0270177+08:00","level":"INFO","msg":"系统文件夹选择器返回","path":"Y:\\catalog"}
{"time":"2026-08-22T23:52:32.02931+08:00","level":"INFO","msg":"HTTP 访问","method":"POST","path":"/api/admin/pick-folder","status":200,"latency":"14.0846762s","ip":"::1","trace_id":"8a41f820685fa5fc285bf7f0"}
{"time":"2026-08-22T23:52:33.0181343+08:00","level":"INFO","msg":"HTTP 访问","method":"PUT","path":"/api/admin/users/2/permissions","status":200,"latency":"1.0923ms","ip":"::1","trace_id":"c85fa07ccc30003061b146d1"}
{"time":"2026-08-22T23:52:33.0196442+08:00","level":"INFO","msg":"HTTP 访问","method":"GET","path":"/api/admin/users","status":200,"latency":"0s","ip":"::1","trace_id":"749cc6bc124bb3d50769ec00"}
{"time":"2026-08-22T23:52:36.9343145+08:00","level":"INFO","msg":"HTTP 访问","method":"GET","path":"/api/system/status","status":200,"latency":"205.6212ms","ip":"::1","trace_id":"0bbb51a5e01a0fcbf61c55bf"}
{"time":"2026-08-22T23:52:37.0267629+08:00","level":"INFO","msg":"HTTP 访问","method":"GET","path":"/api/system/status","status":200,"latency":"223.9691ms","ip":"192.168.137.140","trace_id":"fb8e4aa465a0f93bdcfbae71"}
{"time":"2026-08-22T23:52:37.23879+08:00","level":"INFO","msg":"HTTP 访问","method":"GET","path":"/api/files","status":200,"latency":"510.9µs","ip":"192.168.137.140","trace_id":"e31f1780c351082589b249b6"}
{"time":"2026-08-22T23:52:37.2414443+08:00","level":"INFO","msg":"HTTP 访问","method":"GET","path":"/api/system/status","status":200,"latency":"202.1325ms","ip":"192.168.137.140","trace_id":"5af786a65c36edd7e3037c21"}
{"time":"2026-08-22T23:52:37.2772323+08:00","level":"INFO","msg":"HTTP 访问","method":"GET","path":"/api/storage/stats","status":200,"latency":"20.3819ms","ip":"192.168.137.140","trace_id":"335458347b049fe0cb62ac67"}
{"time":"2026-08-22T23:52:40.0496928+08:00","level":"INFO","msg":"HTTP 访问","method":"GET","path":"/api/files","status":200,"latency":"65.8205ms","ip":"192.168.137.140","trace_id":"d2a47ec54ce3532e910ca88a"}
{"time":"2026-08-22T23:52:40.1231872+08:00","level":"INFO","msg":"HTTP 访问","method":"GET","path":"/api/storage/stats","status":200,"latency":"51.2639ms","ip":"192.168.137.140","trace_id":"83dd5c5d98495390c8e0c121"}
{"time":"2026-08-22T23:52:40.9880991+08:00","level":"INFO","msg":"HTTP 访问","method":"GET","path":"/api/system/status","status":200,"latency":"203.6067ms","ip":"192.168.137.140","trace_id":"a02203cabc1e3557ef30e090"}
{"time":"2026-08-22T23:52:41.5121015+08:00","level":"INFO","msg":"HTTP 访问","method":"GET","path":"/","status":304,"latency":"0s","ip":"192.168.137.140","trace_id":"9759cc0e3dc24e8aca4746b6"}
{"time":"2026-08-22T23:52:41.5784245+08:00","level":"INFO","msg":"HTTP 访问","method":"GET","path":"/api/auth/me","status":200,"latency":"0s","ip":"192.168.137.140","trace_id":"37f60d3e179301ba09ec24cd"}
{"time":"2026-08-22T23:52:41.6282792+08:00","level":"INFO","msg":"HTTP 访问","method":"GET","path":"/favicon.ico","status":304,"latency":"0s","ip":"192.168.137.140","trace_id":"30768e2b57313c302fc8a036"}
{"time":"2026-08-22T23:52:41.8387781+08:00","level":"INFO","msg":"HTTP 访问","method":"GET","path":"/api/system/status","status":200,"latency":"210.4989ms","ip":"192.168.137.140","trace_id":"e64bd6c0e6e5bd114c31a3b3"}
{"time":"2026-08-22T23:52:41.9339807+08:00","level":"INFO","msg":"HTTP 访问","method":"GET","path":"/api/system/status","status":200,"latency":"204.1523ms","ip":"::1","trace_id":"82489bf54de7bb1cbbe6c9a7"}
{"time":"2026-08-22T23:52:42.0458917+08:00","level":"INFO","msg":"HTTP 访问","method":"GET","path":"/api/system/status","status":200,"latency":"202.5788ms","ip":"192.168.137.140","trace_id":"2e50c9184ff758134ef13337"}
{"time":"2026-08-22T23:52:43.163925+08:00","level":"INFO","msg":"HTTP 访问","method":"GET","path":"/api/files","status":200,"latency":"41.6754ms","ip":"192.168.137.140","trace_id":"1463c0c6a2cf5b4b854e32f4"}
{"time":"2026-08-22T23:52:43.2044296+08:00","level":"INFO","msg":"HTTP 访问","method":"GET","path":"/api/storage/stats","status":200,"latency":"20.9248ms","ip":"192.168.137.140","trace_id":"7d554481df62cbb7d1fb8185"}
{"time":"2026-08-22T23:52:46.8568139+08:00","level":"INFO","msg":"HTTP 访问","method":"GET","path":"/api/system/status","status":200,"latency":"213.381ms","ip":"192.168.137.140","trace_id":"5a9040c3069ebe03cf961a1c"}
{"time":"2026-08-22T23:52:46.9390252+08:00","level":"INFO","msg":"HTTP 访问","method":"GET","path":"/api/system/status","status":200,"latency":"205.9441ms","ip":"::1","trace_id":"840f257fccb8583925806b5d"}
{"time":"2026-08-22T23:52:51.9050512+08:00","level":"INFO","msg":"HTTP 访问","method":"GET","path":"/api/system/status","status":200,"latency":"238.4839ms","ip":"192.168.137.140","trace_id":"09e27a16282074e4ba90bf53"}
{"time":"2026-08-22T23:52:51.9341167+08:00","level":"INFO","msg":"HTTP 访问","method":"GET","path":"/api/system/status","status":200,"latency":"205.5513ms","ip":"::1","trace_id":"092d580ce351317eab58fb79"}
{"time":"2026-08-22T23:52:54.9682382+08:00","level":"INFO","msg":"HTTP 访问","method":"GET","path":"/api/system/status","status":200,"latency":"205.854ms","ip":"192.168.137.140","trace_id":"b624c05d1330fe3e3179550f"}
{"time":"2026-08-22T23:52:55.2275444+08:00","level":"INFO","msg":"HTTP 访问","method":"GET","path":"/api/system/status","status":200,"latency":"203.3731ms","ip":"192.168.137.140","trace_id":"20382e970db2b05ce625374a"}
{"time":"2026-08-22T23:52:56.4242145+08:00","level":"INFO","msg":"HTTP 访问","method":"GET","path":"/api/files/trash","status":200,"latency":"502.6µs","ip":"192.168.137.140","trace_id":"217642b47f79ce5052d0ce0f"}
{"time":"2026-08-22T23:52:56.9496155+08:00","level":"INFO","msg":"HTTP 访问","method":"GET","path":"/api/system/status","status":200,"latency":"210.0189ms","ip":"::1","trace_id":"55e9dd0c45e88f5a5a7a6a08"}
{"time":"2026-08-22T23:52:57.6054476+08:00","level":"INFO","msg":"HTTP 访问","method":"GET","path":"/api/files","status":200,"latency":"57.8542ms","ip":"192.168.137.140","trace_id":"5c7de56694742b01f9678fc3"}
{"time":"2026-08-22T23:52:57.7073821+08:00","level":"INFO","msg":"HTTP 访问","method":"GET","path":"/api/storage/stats","status":200,"latency":"44.0702ms","ip":"192.168.137.140","trace_id":"75b81cce5da40ca1c1aeda39"}
{"time":"2026-08-22T23:52:58.2940153+08:00","level":"INFO","msg":"HTTP 访问","method":"GET","path":"/api/system/status","status":200,"latency":"204.6275ms","ip":"192.168.137.140","trace_id":"276df426056335fb44806e2d"}
{"time":"2026-08-22T23:52:58.6059831+08:00","level":"INFO","msg":"HTTP 访问","method":"GET","path":"/api/system/status","status":200,"latency":"204.0327ms","ip":"192.168.137.140","trace_id":"c335f8acd9524c5b847adf73"}
{"time":"2026-08-22T23:52:59.2428056+08:00","level":"INFO","msg":"HTTP 访问","method":"GET","path":"/api/files","status":200,"latency":"59.5302ms","ip":"192.168.137.140","trace_id":"2a58d89a7e42c0938b1f63af"}
{"time":"2026-08-22T23:52:59.3536237+08:00","level":"INFO","msg":"HTTP 访问","method":"GET","path":"/api/storage/stats","status":200,"latency":"52.0884ms","ip":"192.168.137.140","trace_id":"4816c733f15d6687d3f05237"}
{"time":"2026-08-22T23:53:01.4919937+08:00","level":"INFO","msg":"HTTP 访问","method":"GET","path":"/","status":304,"latency":"1.5025ms","ip":"192.168.137.140","trace_id":"d2ecf43d5e25b134c4ed46a6"}
{"time":"2026-08-22T23:53:01.5095419+08:00","level":"INFO","msg":"HTTP 访问","method":"GET","path":"/ws","status":200,"latency":"19.8760478s","ip":"192.168.137.140","trace_id":"5df5ec9bbeda1c9b6c579c70"}
{"time":"2026-08-22T23:53:01.5250274+08:00","level":"INFO","msg":"HTTP 访问","method":"GET","path":"/api/auth/me","status":200,"latency":"0s","ip":"192.168.137.140","trace_id":"d3f19aaf2e58fca0c0dfb6f4"}
{"time":"2026-08-22T23:53:01.7504053+08:00","level":"INFO","msg":"HTTP 访问","method":"GET","path":"/api/system/status","status":200,"latency":"205.8636ms","ip":"192.168.137.140","trace_id":"5389e140c86825dfc0a1cbb7"}
{"time":"2026-08-22T23:53:01.9539269+08:00","level":"INFO","msg":"HTTP 访问","method":"GET","path":"/api/system/status","status":200,"latency":"219.2019ms","ip":"::1","trace_id":"4d5e15cdebd7c316ef4bca2a"}
{"time":"2026-08-22T23:53:01.9786157+08:00","level":"INFO","msg":"HTTP 访问","method":"GET","path":"/api/system/status","status":200,"latency":"214.3487ms","ip":"192.168.137.140","trace_id":"c753fbe8f011285e77e71fc1"}
{"time":"2026-08-22T23:53:03.6941331+08:00","level":"INFO","msg":"HTTP 访问","method":"GET","path":"/api/files","status":200,"latency":"59.2009ms","ip":"192.168.137.140","trace_id":"b57ff006fa2c6e89a92b6753"}
{"time":"2026-08-22T23:53:03.7534305+08:00","level":"INFO","msg":"HTTP 访问","method":"GET","path":"/api/storage/stats","status":200,"latency":"36.8448ms","ip":"192.168.137.140","trace_id":"3e91426a823b096d2542e661"}
{"time":"2026-08-22T23:53:06.7607927+08:00","level":"INFO","msg":"HTTP 访问","method":"GET","path":"/api/system/status","status":200,"latency":"203.7838ms","ip":"192.168.137.140","trace_id":"e69a137304ae977911c89ac8"}
{"time":"2026-08-22T23:53:06.952937+08:00","level":"INFO","msg":"HTTP 访问","method":"GET","path":"/api/system/status","status":200,"latency":"216.3244ms","ip":"::1","trace_id":"b78e70d711d7c0c62f414364"}
{"time":"2026-08-22T23:53:11.7596877+08:00","level":"INFO","msg":"HTTP 访问","method":"GET","path":"/api/system/status","status":200,"latency":"206.6721ms","ip":"192.168.137.140","trace_id":"f431a5646246cdd89db5b8e1"}
{"time":"2026-08-22T23:53:11.9345042+08:00","level":"INFO","msg":"HTTP 访问","method":"GET","path":"/api/system/status","status":200,"latency":"206.3016ms","ip":"::1","trace_id":"6c25ef200056830eaf0b1ca3"}
{"time":"2026-08-22T23:53:12.1429982+08:00","level":"INFO","msg":"HTTP 访问","method":"GET","path":"/api/system/status","status":200,"latency":"206.1724ms","ip":"::1","trace_id":"48065fccd7ad77cc0ed37fe4"}
{"time":"2026-08-22T23:53:17.2879447+08:00","level":"INFO","msg":"HTTP 访问","method":"GET","path":"/api/system/status","status":200,"latency":"205.5631ms","ip":"::1","trace_id":"1f8f959a8e516af059cd3afd"}
{"time":"2026-08-22T23:53:17.446432+08:00","level":"INFO","msg":"HTTP 访问","method":"GET","path":"/api/system/status","status":200,"latency":"207.4873ms","ip":"192.168.137.140","trace_id":"3099df28fb54b91ef7038346"}
{"time":"2026-08-22T23:53:20.8440938+08:00","level":"INFO","msg":"HTTP 访问","method":"GET","path":"/ws","status":200,"latency":"19.2854301s","ip":"192.168.137.140","trace_id":"055a9af7d30c229cd3764b90"}
{"time":"2026-08-22T23:53:22.3014393+08:00","level":"INFO","msg":"HTTP 访问","method":"GET","path":"/api/system/status","status":200,"latency":"209.538ms","ip":"::1","trace_id":"0e086147fb71d121cea9a4ab"}
{"time":"2026-08-22T23:53:26.9372726+08:00","level":"INFO","msg":"HTTP 访问","method":"GET","path":"/api/system/status","status":200,"latency":"207.0321ms","ip":"::1","trace_id":"c02f6886521dcc461d7a0c1a"}
{"time":"2026-08-22T23:53:32.2935804+08:00","level":"INFO","msg":"HTTP 访问","method":"GET","path":"/api/system/status","status":200,"latency":"205.9255ms","ip":"::1","trace_id":"c3fd5210e138afafa2252b6f"}
{"time":"2026-08-22T23:53:37.3015363+08:00","level":"INFO","msg":"HTTP 访问","method":"GET","path":"/api/system/status","status":200,"latency":"207.6779ms","ip":"::1","trace_id":"dcec21916b3d1b46eeea8c0d"}
{"time":"2026-08-22T23:53:42.2935915+08:00","level":"INFO","msg":"HTTP 访问","method":"GET","path":"/api/system/status","status":200,"latency":"206.4659ms","ip":"::1","trace_id":"7cd00cce5c22969c9056a4c7"}
{"time":"2026-08-22T23:53:47.2934912+08:00","level":"INFO","msg":"HTTP 访问","method":"GET","path":"/api/system/status","status":200,"latency":"206.4906ms","ip":"::1","trace_id":"98307a5f70c3ee560138fe6e"}
{"time":"2026-08-22T23:53:52.2933511+08:00","level":"INFO","msg":"HTTP 访问","method":"GET","path":"/api/system/status","status":200,"latency":"206.0955ms","ip":"::1","trace_id":"a4e37f6df4b12a459999f09c"}
{"time":"2026-08-22T23:53:57.2901806+08:00","level":"INFO","msg":"HTTP 访问","method":"GET","path":"/api/system/status","status":200,"latency":"205.2879ms","ip":"::1","trace_id":"96f5cc8cb6bec8d8d727249e"}
{"time":"2026-08-22T23:54:02.2947878+08:00","level":"INFO","msg":"HTTP 访问","method":"GET","path":"/api/system/status","status":200,"latency":"205.2245ms","ip":"::1","trace_id":"21a481722309084802935b8f"}
{"time":"2026-08-22T23:54:07.371482+08:00","level":"INFO","msg":"HTTP 访问","method":"GET","path":"/api/system/status","status":200,"latency":"206.4229ms","ip":"::1","trace_id":"e893edb083fa9945bc2e5b85"}
{"time":"2026-08-22T23:54:12.3028607+08:00","level":"INFO","msg":"HTTP 访问","method":"GET","path":"/api/system/status","status":200,"latency":"207.0003ms","ip":"::1","trace_id":"c8bed4529acc1f004ee46ec1"}
{"time":"2026-08-22T23:54:12.5103598+08:00","level":"INFO","msg":"HTTP 访问","method":"GET","path":"/api/system/status","status":200,"latency":"205.6308ms","ip":"::1","trace_id":"01bb05053d8fdba5e8d7cb5c"}
{"time":"2026-08-22T23:54:17.2860261+08:00","level":"INFO","msg":"HTTP 访问","method":"GET","path":"/api/system/status","status":200,"latency":"206.1569ms","ip":"::1","trace_id":"7822543d9bc40698152c92d4"}
{"time":"2026-08-22T23:54:22.2901416+08:00","level":"INFO","msg":"HTTP 访问","method":"GET","path":"/api/system/status","status":200,"latency":"207.4647ms","ip":"::1","trace_id":"7da5f9b4310f0641c9496ebe"}
{"time":"2026-08-22T23:54:27.2946902+08:00","level":"INFO","msg":"HTTP 访问","method":"GET","path":"/api/system/status","status":200,"latency":"206.9345ms","ip":"::1","trace_id":"b17eccd63a1ee4ea2e5128ad"}
{"time":"2026-08-22T23:55:12.3028989+08:00","level":"INFO","msg":"HTTP 访问","method":"GET","path":"/api/system/status","status":200,"latency":"207.0857ms","ip":"::1","trace_id":"402622fa9aff1acd1fcf5926"}
{"time":"2026-08-22T23:55:16.8335129+08:00","level":"INFO","msg":"HTTP 访问","method":"GET","path":"/api/system/status","status":200,"latency":"207.2964ms","ip":"::1","trace_id":"03d5b2624aa4a633804e3bab"}
{"time":"2026-08-22T23:55:18.0825862+08:00","level":"INFO","msg":"HTTP 访问","method":"GET","path":"/","status":304,"latency":"535.6µs","ip":"::1","trace_id":"886c7201a4aac601bccf9aff"}
{"time":"2026-08-22T23:55:18.087783+08:00","level":"INFO","msg":"HTTP 访问","method":"GET","path":"/ws","status":200,"latency":"3m6.3608128s","ip":"::1","trace_id":"5666463ac28eb101875253e4"}
{"time":"2026-08-22T23:55:18.1096425+08:00","level":"INFO","msg":"HTTP 访问","method":"GET","path":"/api/auth/me","status":200,"latency":"0s","ip":"::1","trace_id":"3fe1e6b76a2ac1ee93a12605"}
{"time":"2026-08-22T23:55:18.1174436+08:00","level":"INFO","msg":"HTTP 访问","method":"GET","path":"/api/admin/settings","status":200,"latency":"0s","ip":"::1","trace_id":"8588eba373df3e9c23a4c15d"}
{"time":"2026-08-22T23:55:18.3283662+08:00","level":"INFO","msg":"HTTP 访问","method":"GET","path":"/api/system/status","status":200,"latency":"207.8532ms","ip":"::1","trace_id":"6c434b7cf91f64613acf107a"}
{"time":"2026-08-22T23:55:18.5346375+08:00","level":"INFO","msg":"HTTP 访问","method":"GET","path":"/api/system/status","status":200,"latency":"205.2641ms","ip":"::1","trace_id":"d5d25a33d4b36f1711a0ea8a"}
{"time":"2026-08-22T23:55:20.1261244+08:00","level":"INFO","msg":"HTTP 访问","method":"GET","path":"/api/admin/users","status":200,"latency":"354µs","ip":"::1","trace_id":"c469a163467ebe1d2fe6e32f"}
{"time":"2026-08-22T23:55:20.1261244+08:00","level":"INFO","msg":"HTTP 访问","method":"GET","path":"/api/plugins","status":200,"latency":"0s","ip":"::1","trace_id":"81a40ef95530b9ad99716260"}
{"time":"2026-08-22T23:55:20.1261244+08:00","level":"INFO","msg":"HTTP 访问","method":"GET","path":"/api/admin/settings","status":200,"latency":"0s","ip":"::1","trace_id":"fedc60991de5f20bd1f4353d"}
{"time":"2026-08-22T23:55:23.332527+08:00","level":"INFO","msg":"HTTP 访问","method":"GET","path":"/api/system/status","status":200,"latency":"210.8865ms","ip":"::1","trace_id":"adda0975ab95c0cdbf7f0689"}
{"time":"2026-08-22T23:55:28.338201+08:00","level":"INFO","msg":"HTTP 访问","method":"GET","path":"/api/system/status","status":200,"latency":"207.8643ms","ip":"::1","trace_id":"1714d81cc5dd769fbe3e24bd"}
{"time":"2026-08-22T23:55:34.2979441+08:00","level":"INFO","msg":"HTTP 访问","method":"GET","path":"/api/system/status","status":200,"latency":"206.9499ms","ip":"::1","trace_id":"2e307da678642fe35b55a3b2"}
{"time":"2026-08-22T23:55:39.2994439+08:00","level":"INFO","msg":"HTTP 访问","method":"GET","path":"/api/system/status","status":200,"latency":"208.4535ms","ip":"::1","trace_id":"5bf10ab3ee007282402cd67a"}
{"time":"2026-08-22T23:55:44.2895126+08:00","level":"INFO","msg":"HTTP 访问","method":"GET","path":"/api/system/status","status":200,"latency":"206.6004ms","ip":"::1","trace_id":"059c40f42e0fbd22d10a7f70"}
{"time":"2026-08-22T23:55:48.3321128+08:00","level":"INFO","msg":"HTTP 访问","method":"GET","path":"/api/system/status","status":200,"latency":"208.9627ms","ip":"::1","trace_id":"ca607615d8037ecfc9e8ed2d"}
{"time":"2026-08-22T23:55:54.2997578+08:00","level":"INFO","msg":"HTTP 访问","method":"GET","path":"/api/system/status","status":200,"latency":"207.7418ms","ip":"::1","trace_id":"eb4dec0d382169d236d8c19b"}
{"time":"2026-08-22T23:55:58.8667038+08:00","level":"INFO","msg":"HTTP 访问","method":"GET","path":"/api/system/status","status":200,"latency":"205.5106ms","ip":"::1","trace_id":"f94d734f7c2a5535c11037f5"}
{"time":"2026-08-22T23:56:04.2913988+08:00","level":"INFO","msg":"HTTP 访问","method":"GET","path":"/api/system/status","status":200,"latency":"211.3155ms","ip":"::1","trace_id":"8563a7a00b144d27807ca6bc"}
{"time":"2026-08-22T23:56:09.3108701+08:00","level":"INFO","msg":"HTTP 访问","method":"GET","path":"/api/system/status","status":200,"latency":"217.208ms","ip":"::1","trace_id":"df8dff5c017aded91f1f6074"}
{"time":"2026-08-22T23:56:13.5947447+08:00","level":"INFO","msg":"HTTP 访问","method":"GET","path":"/api/system/status","status":200,"latency":"210.3973ms","ip":"::1","trace_id":"407b8f4d404e8c03a4276351"}
{"time":"2026-08-22T23:56:19.3023773+08:00","level":"INFO","msg":"HTTP 访问","method":"GET","path":"/api/system/status","status":200,"latency":"207.1317ms","ip":"::1","trace_id":"5a4a6a6013327925b57c16ae"}
{"time":"2026-08-22T23:56:19.5230067+08:00","level":"INFO","msg":"HTTP 访问","method":"GET","path":"/api/system/status","status":200,"latency":"219.9272ms","ip":"::1","trace_id":"0f1431df5db30b426fe61c45"}
{"time":"2026-08-22T23:56:24.2927745+08:00","level":"INFO","msg":"HTTP 访问","method":"GET","path":"/api/system/status","status":200,"latency":"203.4824ms","ip":"::1","trace_id":"2bde3e0b4133f210f8c5d0d2"}
{"time":"2026-08-22T23:56:25.303488+08:00","level":"INFO","msg":"HTTP 访问","method":"GET","path":"/favicon.ico","status":200,"latency":"1.1747ms","ip":"::1","trace_id":"7d7dd59bd6a9c1d032fc87bd"}
{"time":"2026-08-22T23:56:29.305908+08:00","level":"INFO","msg":"HTTP 访问","method":"GET","path":"/api/system/status","status":200,"latency":"212.8906ms","ip":"::1","trace_id":"38d90fc33683307ed07ee924"}
{"time":"2026-08-22T23:56:31.0865158+08:00","level":"INFO","msg":"HTTP 访问","method":"POST","path":"/api/auth/login","status":200,"latency":"46.8806ms","ip":"::1","trace_id":"d87a45b9833ec485392869a8"}
{"time":"2026-08-22T23:56:31.0895281+08:00","level":"INFO","msg":"HTTP 访问","method":"GET","path":"/api/auth/me","status":200,"latency":"0s","ip":"::1","trace_id":"8961addb5b63b283e438de6f"}
{"time":"2026-08-22T23:56:31.3147755+08:00","level":"INFO","msg":"HTTP 访问","method":"GET","path":"/api/system/status","status":200,"latency":"222.5514ms","ip":"::1","trace_id":"0ac4b42c5987d078522b2236"}
{"time":"2026-08-22T23:56:31.5303513+08:00","level":"INFO","msg":"HTTP 访问","method":"GET","path":"/api/system/status","status":200,"latency":"215.0734ms","ip":"::1","trace_id":"0d5b3e95b36d38892bbf087b"}
{"time":"2026-08-22T23:56:34.2914295+08:00","level":"INFO","msg":"HTTP 访问","method":"GET","path":"/api/system/status","status":200,"latency":"208.0709ms","ip":"::1","trace_id":"b6e01177c846ee0224f8172c"}
{"time":"2026-08-22T23:56:34.8671082+08:00","level":"INFO","msg":"HTTP 访问","method":"GET","path":"/api/files","status":200,"latency":"46.0256ms","ip":"::1","trace_id":"29e50bcfc99728297a9156b2"}
{"time":"2026-08-22T23:56:34.9161717+08:00","level":"INFO","msg":"HTTP 访问","method":"GET","path":"/api/storage/stats","status":200,"latency":"40.0217ms","ip":"::1","trace_id":"ad421db28e77e1861452872b"}
{"time":"2026-08-22T23:56:36.2998937+08:00","level":"INFO","msg":"HTTP 访问","method":"GET","path":"/api/system/status","status":200,"latency":"203.369ms","ip":"::1","trace_id":"55d9435d0d49d83df1813ba1"}
{"time":"2026-08-22T23:56:39.2973905+08:00","level":"INFO","msg":"HTTP 访问","method":"GET","path":"/api/system/status","status":200,"latency":"207.4867ms","ip":"::1","trace_id":"a21692ee33ed7ab748ad7c4e"}
{"time":"2026-08-22T23:56:41.3025215+08:00","level":"INFO","msg":"HTTP 访问","method":"GET","path":"/api/system/status","status":200,"latency":"205.1975ms","ip":"::1","trace_id":"90da6d8b67cb6934a161b7bf"}
{"time":"2026-08-22T23:56:44.3344706+08:00","level":"INFO","msg":"HTTP 访问","method":"GET","path":"/api/system/status","status":200,"latency":"208.064ms","ip":"::1","trace_id":"f8254c2c1d9062aa22143987"}
{"time":"2026-08-22T23:56:46.3050652+08:00","level":"INFO","msg":"HTTP 访问","method":"GET","path":"/api/system/status","status":200,"latency":"204.8192ms","ip":"::1","trace_id":"dfe3f388ce9bd518c969a76f"}
{"time":"2026-08-22T23:56:49.3053688+08:00","level":"INFO","msg":"HTTP 访问","method":"GET","path":"/api/system/status","status":200,"latency":"220.2888ms","ip":"::1","trace_id":"eb36756ee7d923356bdc6d8f"}
{"time":"2026-08-22T23:56:51.3066508+08:00","level":"INFO","msg":"HTTP 访问","method":"GET","path":"/api/system/status","status":200,"latency":"206.5294ms","ip":"::1","trace_id":"0a1814155844011c1e2fbc60"}
{"time":"2026-08-22T23:56:54.2847516+08:00","level":"INFO","msg":"HTTP 访问","method":"GET","path":"/api/system/status","status":200,"latency":"205.4401ms","ip":"::1","trace_id":"a2910af37e7eaa23d47f4201"}
{"time":"2026-08-22T23:56:57.2985959+08:00","level":"INFO","msg":"HTTP 访问","method":"GET","path":"/api/system/status","status":200,"latency":"207.9143ms","ip":"::1","trace_id":"09a327515e2140a872ef52a0"}
{"time":"2026-08-22T23:56:59.2922206+08:00","level":"INFO","msg":"HTTP 访问","method":"GET","path":"/api/system/status","status":200,"latency":"205.7264ms","ip":"::1","trace_id":"47e2e055e121ba7427d49217"}
{"time":"2026-08-22T23:57:02.3079499+08:00","level":"INFO","msg":"HTTP 访问","method":"GET","path":"/api/system/status","status":200,"latency":"218.6963ms","ip":"::1","trace_id":"81dc41dad2e40482023aad66"}
{"time":"2026-08-22T23:57:04.29147+08:00","level":"INFO","msg":"HTTP 访问","method":"GET","path":"/api/system/status","status":200,"latency":"206.7486ms","ip":"::1","trace_id":"31d9a192184180470fc6a70d"}
{"time":"2026-08-22T23:57:07.2842593+08:00","level":"INFO","msg":"HTTP 访问","method":"GET","path":"/api/system/status","status":200,"latency":"205.4332ms","ip":"::1","trace_id":"1d9f46ea2c246dded287b490"}
{"time":"2026-08-22T23:57:09.2920766+08:00","level":"INFO","msg":"HTTP 访问","method":"GET","path":"/api/system/status","status":200,"latency":"203.6074ms","ip":"::1","trace_id":"137efd0831c1152269be4b53"}
{"time":"2026-08-22T23:57:12.2930092+08:00","level":"INFO","msg":"HTTP 访问","method":"GET","path":"/api/system/status","status":200,"latency":"205.1751ms","ip":"::1","trace_id":"6f9cd31de5802844ae044117"}
{"time":"2026-08-22T23:57:17.2927294+08:00","level":"INFO","msg":"HTTP 访问","method":"GET","path":"/api/system/status","status":200,"latency":"205.5078ms","ip":"::1","trace_id":"ed4d90def9991df81857fb9f"}
{"time":"2026-08-22T23:57:19.3026755+08:00","level":"INFO","msg":"HTTP 访问","method":"GET","path":"/api/system/status","status":200,"latency":"209.6617ms","ip":"::1","trace_id":"5282e0cfdbe3adb20cec880f"}
{"time":"2026-08-22T23:57:22.3405765+08:00","level":"INFO","msg":"HTTP 访问","method":"GET","path":"/api/system/status","status":200,"latency":"249.0093ms","ip":"::1","trace_id":"736fe8c488e621a89399a8b2"}
{"time":"2026-08-22T23:57:27.3025642+08:00","level":"INFO","msg":"HTTP 访问","method":"GET","path":"/api/system/status","status":200,"latency":"206.8196ms","ip":"::1","trace_id":"5de8bf0a0b11cec7eeb88a36"}
{"time":"2026-08-22T23:57:27.3045915+08:00","level":"INFO","msg":"HTTP 访问","method":"GET","path":"/api/system/status","status":200,"latency":"207.847ms","ip":"::1","trace_id":"80c9c3629b85ce04ea52820d"}
{"time":"2026-08-22T23:57:32.2938473+08:00","level":"INFO","msg":"HTTP 访问","method":"GET","path":"/api/system/status","status":200,"latency":"205.6275ms","ip":"::1","trace_id":"96ec78d4eaec29551148b313"}
{"time":"2026-08-22T23:57:32.5032036+08:00","level":"INFO","msg":"HTTP 访问","method":"GET","path":"/api/system/status","status":200,"latency":"206.8836ms","ip":"::1","trace_id":"d367a989387696fb365cdc7a"}
{"time":"2026-08-22T23:57:37.3250749+08:00","level":"INFO","msg":"HTTP 访问","method":"GET","path":"/api/system/status","status":200,"latency":"232.4133ms","ip":"::1","trace_id":"152626aff6c937bcc42b0d75"}
{"time":"2026-08-22T23:57:42.2821215+08:00","level":"INFO","msg":"HTTP 访问","method":"GET","path":"/api/system/status","status":200,"latency":"204.0062ms","ip":"::1","trace_id":"08cd603ac0425584a7e5b6c8"}
{"time":"2026-08-22T23:57:47.29568+08:00","level":"INFO","msg":"HTTP 访问","method":"GET","path":"/api/system/status","status":200,"latency":"205.3167ms","ip":"::1","trace_id":"24442b45dd173c8ef7ef528c"}
{"time":"2026-08-22T23:58:19.3056211+08:00","level":"INFO","msg":"HTTP 访问","method":"GET","path":"/api/system/status","status":200,"latency":"208.2247ms","ip":"::1","trace_id":"1e318bf47bef38a252753768"}
{"time":"2026-08-22T23:58:27.2924945+08:00","level":"INFO","msg":"HTTP 访问","method":"GET","path":"/api/system/status","status":200,"latency":"207.5842ms","ip":"::1","trace_id":"d7ada09d64ade5dac33e5969"}
{"time":"2026-08-22T23:58:27.2935982+08:00","level":"INFO","msg":"HTTP 访问","method":"GET","path":"/api/system/status","status":200,"latency":"206.4238ms","ip":"::1","trace_id":"84f54236859a9ca8dd1b0d9b"}
{"time":"2026-08-22T23:58:32.3110263+08:00","level":"INFO","msg":"HTTP 访问","method":"GET","path":"/api/system/status","status":200,"latency":"226.5318ms","ip":"::1","trace_id":"d0e66832680bafee3848e257"}
{"time":"2026-08-22T23:59:19.2989862+08:00","level":"INFO","msg":"HTTP 访问","method":"GET","path":"/api/system/status","status":200,"latency":"211.9736ms","ip":"::1","trace_id":"e2e0e70d4578118d485c809f"}
{"time":"2026-08-22T23:59:27.3029017+08:00","level":"INFO","msg":"HTTP 访问","method":"GET","path":"/api/system/status","status":200,"latency":"212.6535ms","ip":"::1","trace_id":"ece6c5054c2a2266c86152c7"}
{"time":"2026-08-22T23:59:27.3045908+08:00","level":"INFO","msg":"HTTP 访问","method":"GET","path":"/api/system/status","status":200,"latency":"209.6388ms","ip":"::1","trace_id":"982e2895de9bceb6c9d3fd15"}
{"time":"2026-08-22T23:59:32.3033215+08:00","level":"INFO","msg":"HTTP 访问","method":"GET","path":"/api/system/status","status":200,"latency":"211.461ms","ip":"::1","trace_id":"08f7f1676f67e7fd76d454cc"}
{"time":"2026-08-23T00:00:07.680992+08:00","level":"INFO","msg":"HTTP 访问","method":"GET","path":"/api/system/status","status":200,"latency":"203.0079ms","ip":"192.168.137.140","trace_id":"af5d967470e69e1fd18b8fd7"}
{"time":"2026-08-23T00:00:07.892766+08:00","level":"INFO","msg":"HTTP 访问","method":"GET","path":"/api/system/status","status":200,"latency":"205.0877ms","ip":"192.168.137.140","trace_id":"a6601a1cf9503f9e0bc2f6c5"}
{"time":"2026-08-23T00:00:13.4330241+08:00","level":"INFO","msg":"收到退出信号，开始优雅关闭"}
{"time":"2026-08-23T00:00:13.4340508+08:00","level":"INFO","msg":"定时任务调度器已停止"}
{"time":"2026-08-23T00:00:13.4345564+08:00","level":"INFO","msg":"定时任务调度器已停止"}
{"time":"2026-08-23T00:00:13.4345564+08:00","level":"INFO","msg":"WebSocket Hub 已关闭"}
{"time":"2026-08-23T00:14:23.0915176+08:00","level":"WARN","msg":"默认主人账号已就绪","username":"admin","role":"master","id":0,"提示":"主人密码仅可通过 config.toml 的 [auth] 段修改"}
{"time":"2026-08-23T00:14:23.0920379+08:00","level":"INFO","msg":"定时任务调度器已启动","count":0}
{"time":"2026-08-23T00:14:23.0920379+08:00","level":"INFO","msg":"异步任务 Worker 已启动","size":4}
{"time":"2026-08-23T00:14:23.0935874+08:00","level":"WARN","msg":"MQTT 连接失败（降级运行，仅支持本地设备）","broker":"tcp://localhost:1883","error":"连接 MQTT broker 失败: dial tcp :1883: connectex: No connection could be made because the target machine actively refused it."}
{"time":"2026-08-23T00:14:23.0935874+08:00","level":"INFO","msg":"定时任务调度器已启动","count":0}
{"time":"2026-08-23T00:14:23.0935874+08:00","level":"INFO","msg":"IoT 服务已启动"}
{"time":"2026-08-23T00:14:23.0941002+08:00","level":"INFO","msg":"WebDAV 已挂载","prefix":"/dav"}
{"time":"2026-08-23T00:14:23.0941002+08:00","level":"INFO","msg":"HTTP 服务启动","addr":":8080"}
{"time":"2026-08-23T00:14:27.0317423+08:00","level":"INFO","msg":"HTTP 访问","method":"POST","path":"/api/auth/login","status":200,"latency":"25.797ms","ip":"::1","trace_id":"ea5a3bd7b979e7fdf887a937"}
{"time":"2026-08-23T00:14:27.0914428+08:00","level":"INFO","msg":"HTTP 访问","method":"GET","path":"/api/files","status":200,"latency":"27.6018ms","ip":"::1","trace_id":"ad2b454c78b3d5822bbed178"}
{"time":"2026-08-23T00:14:27.1306451+08:00","level":"INFO","msg":"HTTP 访问","method":"POST","path":"/api/admin/users","status":400,"latency":"0s","ip":"::1","trace_id":"5cd520f3af4f4fb70e0e7a64"}
{"time":"2026-08-23T00:14:27.2486519+08:00","level":"INFO","msg":"HTTP 访问","method":"POST","path":"/api/auth/login","status":401,"latency":"22.4829ms","ip":"::1","trace_id":"d74529750ab1a84db3dbfa3a"}
{"time":"2026-08-23T00:14:27.2973474+08:00","level":"INFO","msg":"HTTP 访问","method":"GET","path":"/api/system/status","status":200,"latency":"205.3887ms","ip":"::1","trace_id":"15c909c819e6548bbc90698d"}
{"time":"2026-08-23T00:14:27.3044046+08:00","level":"INFO","msg":"HTTP 访问","method":"GET","path":"/api/files","status":401,"latency":"0s","ip":"::1","trace_id":"942c1e7858b6d405a62c349a"}
{"time":"2026-08-23T00:14:27.5025646+08:00","level":"INFO","msg":"HTTP 访问","method":"GET","path":"/api/system/status","status":200,"latency":"203.901ms","ip":"::1","trace_id":"45e7d2c07955149a3e19f57c"}
{"time":"2026-08-23T00:14:35.4782689+08:00","level":"INFO","msg":"HTTP 访问","method":"POST","path":"/api/admin/users","status":400,"latency":"0s","ip":"::1","trace_id":"f7ba668aa42b6e12b2a6a214"}
{"time":"2026-08-23T00:14:48.6082004+08:00","level":"INFO","msg":"HTTP 访问","method":"POST","path":"/api/admin/users","status":400,"latency":"0s","ip":"::1","trace_id":"02c8c54d4683e24598487c8e"}
{"time":"2026-08-23T00:14:48.7489645+08:00","level":"INFO","msg":"HTTP 访问","method":"POST","path":"/api/auth/login","status":401,"latency":"66.9127ms","ip":"::1","trace_id":"a1da516360472b998da0d61f"}
{"time":"2026-08-23T00:14:48.7830941+08:00","level":"INFO","msg":"HTTP 访问","method":"GET","path":"/api/files","status":401,"latency":"0s","ip":"::1","trace_id":"366f42d1a9e6b571a2b11a9d"}
{"time":"2026-08-23T00:14:48.8496057+08:00","level":"INFO","msg":"HTTP 访问","method":"GET","path":"/api/files","status":401,"latency":"0s","ip":"::1","trace_id":"6283517f6d898694a584d8e6"}
{"time":"2026-08-23T00:15:00.6676071+08:00","level":"INFO","msg":"HTTP 访问","method":"POST","path":"/api/admin/users","status":400,"latency":"0s","ip":"::1","trace_id":"12ac597ddb2cb563b4a40a58"}
{"time":"2026-08-23T00:15:10.9506499+08:00","level":"INFO","msg":"HTTP 访问","method":"GET","path":"/api/admin/users","status":200,"latency":"0s","ip":"::1","trace_id":"714323650dfbb6293dca73dd"}
{"time":"2026-08-23T00:15:11.0396462+08:00","level":"INFO","msg":"HTTP 访问","method":"PUT","path":"/api/admin/users/2/permissions","status":200,"latency":"1.0247ms","ip":"::1","trace_id":"4ce2cb8886d06b7f484bc37b"}
{"time":"2026-08-23T00:15:11.1794204+08:00","level":"INFO","msg":"HTTP 访问","method":"PUT","path":"/api/admin/users/2","status":200,"latency":"66.9397ms","ip":"::1","trace_id":"d8a012c56de3a81d8e80d127"}
{"time":"2026-08-23T00:15:11.2835295+08:00","level":"INFO","msg":"HTTP 访问","method":"POST","path":"/api/auth/login","status":200,"latency":"50.3651ms","ip":"::1","trace_id":"0001dbc0c64fa8464b1c0771"}
{"time":"2026-08-23T00:15:11.3677211+08:00","level":"INFO","msg":"HTTP 访问","method":"GET","path":"/api/files","status":200,"latency":"46.1281ms","ip":"::1","trace_id":"942bc04f2570986c4e1af143"}
{"time":"2026-08-23T00:15:11.4047458+08:00","level":"INFO","msg":"HTTP 访问","method":"GET","path":"/api/files","status":200,"latency":"2.0523ms","ip":"::1","trace_id":"134ab744a65e7b9854795abd"}
{"time":"2026-08-23T00:15:27.3111489+08:00","level":"INFO","msg":"HTTP 访问","method":"GET","path":"/api/system/status","status":200,"latency":"218.6154ms","ip":"::1","trace_id":"0a76229cf3c6cfe8ad8e9c4b"}
{"time":"2026-08-23T00:15:27.5244435+08:00","level":"INFO","msg":"HTTP 访问","method":"GET","path":"/api/system/status","status":200,"latency":"211.916ms","ip":"::1","trace_id":"6f8c4734f816f7b805d29169"}
{"time":"2026-08-23T00:15:29.2783004+08:00","level":"INFO","msg":"HTTP 访问","method":"GET","path":"/api/files","status":200,"latency":"1.503ms","ip":"::1","trace_id":"40a01134439749450f542ac5"}
{"time":"2026-08-23T00:15:29.3678338+08:00","level":"INFO","msg":"HTTP 访问","method":"GET","path":"/api/files","status":200,"latency":"6.4068ms","ip":"::1","trace_id":"dbbfa40c9f6e988c0ac34528"}
{"time":"2026-08-23T00:15:29.4381927+08:00","level":"INFO","msg":"HTTP 访问","method":"POST","path":"/api/files/mkdir","status":400,"latency":"0s","ip":"::1","trace_id":"706f163b7593c9f5a43a1ff8"}
{"time":"2026-08-23T00:15:29.5354761+08:00","level":"INFO","msg":"HTTP 访问","method":"GET","path":"/api/files","status":200,"latency":"1.5128ms","ip":"::1","trace_id":"335e84ea862aa2438af5a41c"}
{"time":"2026-08-23T00:15:29.6105193+08:00","level":"INFO","msg":"HTTP 访问","method":"GET","path":"/api/files","status":500,"latency":"0s","ip":"::1","trace_id":"b95ffb864aa31a967cfaff4b"}
{"time":"2026-08-23T00:15:29.6873437+08:00","level":"INFO","msg":"HTTP 访问","method":"POST","path":"/api/admin/pick-folder","status":404,"latency":"0s","ip":"::1","trace_id":"c2f4c0623c3ff9c6ded19ad6"}
{"time":"2026-08-23T00:15:29.7186061+08:00","level":"INFO","msg":"HTTP 访问","method":"POST","path":"/api/files/upload/init","status":200,"latency":"0s","ip":"::1","trace_id":"568ffc401f7c8fa4fe4dc951"}
{"time":"2026-08-23T00:15:29.8583947+08:00","level":"INFO","msg":"HTTP 访问","method":"POST","path":"/files/upload/3d2d0b60-7ed5-4ef2-b3a8-52ecc3d4","status":201,"latency":"1.635ms","ip":"::1","trace_id":"2b4417c31c53b334b7698a2b"}
{"time":"2026-08-23T00:15:29.9197602+08:00","level":"INFO","msg":"HTTP 访问","method":"PATCH","path":"/files/upload/3d2d0b60-7ed5-4ef2-b3a8-52ecc3d4","status":204,"latency":"28.8801ms","ip":"::1","trace_id":"a15f24cbfcdc9ff8dcf4dfb2"}
{"time":"2026-08-23T00:15:29.9728321+08:00","level":"INFO","msg":"HTTP 访问","method":"GET","path":"/api/files","status":200,"latency":"538.5µs","ip":"::1","trace_id":"b79eec98b0ddde11c5673664"}
{"time":"2026-08-23T00:15:30.0658194+08:00","level":"INFO","msg":"HTTP 访问","method":"GET","path":"/api/files/2434/download","status":200,"latency":"528.2µs","ip":"::1","trace_id":"77c847756e05f4cbac766404"}
{"time":"2026-08-23T00:15:30.1044607+08:00","level":"INFO","msg":"HTTP 访问","method":"DELETE","path":"/api/files","status":200,"latency":"1.573ms","ip":"::1","trace_id":"50aed3293bb8f6081ed8c6f3"}
{"time":"2026-08-23T00:15:30.1405726+08:00","level":"INFO","msg":"HTTP 访问","method":"POST","path":"/api/files/trash/clear","status":200,"latency":"1.0337ms","ip":"::1","trace_id":"40703c3a4dd6847e6ded530b"}
{"time":"2026-08-23T00:15:30.3131211+08:00","level":"INFO","msg":"HTTP 访问","method":"GET","path":"/","status":200,"latency":"97.6616ms","ip":"::1","trace_id":"ead764d21950c4d917f2b091"}
{"time":"2026-08-23T00:30:37.4774779+08:00","level":"WARN","msg":"默认主人账号已就绪","username":"admin","role":"master","id":0,"提示":"主人密码仅可通过 config.toml 的 [auth] 段修改"}
{"time":"2026-08-23T00:30:37.4786295+08:00","level":"INFO","msg":"定时任务调度器已启动","count":0}
{"time":"2026-08-23T00:30:37.4786295+08:00","level":"INFO","msg":"异步任务 Worker 已启动","size":4}
{"time":"2026-08-23T00:30:37.4811329+08:00","level":"WARN","msg":"MQTT 连接失败（降级运行，仅支持本地设备）","broker":"tcp://localhost:1883","error":"连接 MQTT broker 失败: dial tcp :1883: connectex: No connection could be made because the target machine actively refused it."}
{"time":"2026-08-23T00:30:37.4811329+08:00","level":"INFO","msg":"定时任务调度器已启动","count":0}
{"time":"2026-08-23T00:30:37.4811329+08:00","level":"INFO","msg":"IoT 服务已启动"}
{"time":"2026-08-23T00:30:37.4811329+08:00","level":"INFO","msg":"WebDAV 已挂载","prefix":"/dav"}
{"time":"2026-08-23T00:30:37.4811329+08:00","level":"INFO","msg":"HTTP 服务启动","addr":":8080"}
{"time":"2026-08-23T00:31:27.2951784+08:00","level":"INFO","msg":"HTTP 访问","method":"GET","path":"/api/system/status","status":200,"latency":"203.7814ms","ip":"::1","trace_id":"a43206b7303dd845371a1d61"}
{"time":"2026-08-23T00:31:27.4993754+08:00","level":"INFO","msg":"HTTP 访问","method":"GET","path":"/api/system/status","status":200,"latency":"202.9586ms","ip":"::1","trace_id":"873cd9e7591a42c9472eb9ae"}
{"time":"2026-08-23T00:32:27.2840268+08:00","level":"INFO","msg":"HTTP 访问","method":"GET","path":"/api/system/status","status":200,"latency":"203.6819ms","ip":"::1","trace_id":"045deec247d02370c438caea"}
{"time":"2026-08-23T00:32:27.4885999+08:00","level":"INFO","msg":"HTTP 访问","method":"GET","path":"/api/system/status","status":200,"latency":"203.5219ms","ip":"::1","trace_id":"82c1a7c54469b79991edd79c"}
{"time":"2026-08-23T00:33:27.2947221+08:00","level":"INFO","msg":"HTTP 访问","method":"GET","path":"/api/system/status","status":200,"latency":"203.022ms","ip":"::1","trace_id":"630e60970bebffbd6509d139"}
{"time":"2026-08-23T00:33:27.4995625+08:00","level":"INFO","msg":"HTTP 访问","method":"GET","path":"/api/system/status","status":200,"latency":"203.7818ms","ip":"::1","trace_id":"ca00dec591790576d1fd47cc"}
{"time":"2026-08-23T00:33:55.6506227+08:00","level":"INFO","msg":"HTTP 访问","method":"GET","path":"/api/system/status","status":200,"latency":"203.5059ms","ip":"::1","trace_id":"93db19a7ac8fdffc6d6c54de"}
{"time":"2026-08-23T00:33:55.8550155+08:00","level":"INFO","msg":"HTTP 访问","method":"GET","path":"/api/system/status","status":200,"latency":"202.9255ms","ip":"::1","trace_id":"f11df2188c74ad28da2d33a5"}
{"time":"2026-08-23T00:33:56.2963899+08:00","level":"INFO","msg":"HTTP 访问","method":"GET","path":"/api/system/status","status":200,"latency":"203.3511ms","ip":"::1","trace_id":"cfbc919c2ebfc7d4400b5646"}
{"time":"2026-08-23T00:33:58.9367689+08:00","level":"INFO","msg":"HTTP 访问","method":"GET","path":"/","status":200,"latency":"41.7715ms","ip":"::1","trace_id":"9455db62313fa09eac269c94"}
{"time":"2026-08-23T00:33:58.9451677+08:00","level":"INFO","msg":"HTTP 访问","method":"GET","path":"/api/auth/me","status":200,"latency":"0s","ip":"::1","trace_id":"f61a78624de73f3af1583fba"}
{"time":"2026-08-23T00:33:58.9582852+08:00","level":"INFO","msg":"HTTP 访问","method":"GET","path":"/favicon.ico","status":200,"latency":"1.475ms","ip":"::1","trace_id":"a427fb35fd21a336ca34109f"}
{"time":"2026-08-23T00:33:59.153322+08:00","level":"INFO","msg":"HTTP 访问","method":"GET","path":"/api/system/status","status":200,"latency":"203.5657ms","ip":"::1","trace_id":"7b3c16ab66d4e68643eeb1f1"}
{"time":"2026-08-23T00:33:59.3576922+08:00","level":"INFO","msg":"HTTP 访问","method":"GET","path":"/api/system/status","status":200,"latency":"203.3472ms","ip":"::1","trace_id":"28d63fdb2a6273484b40e0fe"}
{"time":"2026-08-23T00:34:00.829669+08:00","level":"INFO","msg":"HTTP 访问","method":"GET","path":"/api/files","status":200,"latency":"56.1258ms","ip":"::1","trace_id":"ff34976e4f55d1dd8e2ba8f2"}
{"time":"2026-08-23T00:34:00.8705399+08:00","level":"INFO","msg":"HTTP 访问","method":"GET","path":"/api/storage/stats","status":200,"latency":"39.3654ms","ip":"::1","trace_id":"1d6e0cfc011702a686ba0a88"}
{"time":"2026-08-23T00:34:04.1885422+08:00","level":"INFO","msg":"HTTP 访问","method":"GET","path":"/api/system/status","status":200,"latency":"229.8841ms","ip":"::1","trace_id":"34cc1798dbc3dad574b66d18"}
{"time":"2026-08-23T00:34:09.167492+08:00","level":"INFO","msg":"HTTP 访问","method":"GET","path":"/api/system/status","status":200,"latency":"204.1232ms","ip":"::1","trace_id":"1ccfbd9ad33c253168754c74"}
{"time":"2026-08-23T00:34:14.1545688+08:00","level":"INFO","msg":"HTTP 访问","method":"GET","path":"/api/system/status","status":200,"latency":"203.4973ms","ip":"::1","trace_id":"8a60dfd5c04b67d254b4792a"}
{"time":"2026-08-23T00:34:16.2876523+08:00","level":"INFO","msg":"HTTP 访问","method":"GET","path":"/api/system/status","status":200,"latency":"209.8372ms","ip":"::1","trace_id":"acd62dc208e18328a49b847f"}
{"time":"2026-08-23T00:34:16.4997013+08:00","level":"INFO","msg":"HTTP 访问","method":"GET","path":"/api/system/status","status":200,"latency":"210.8097ms","ip":"::1","trace_id":"037abd9a7b545c080c33101e"}
{"time":"2026-08-23T00:34:18.3274346+08:00","level":"INFO","msg":"HTTP 访问","method":"GET","path":"/api/system/status","status":200,"latency":"206.1949ms","ip":"::1","trace_id":"78cdd629c00d2c616271e4b2"}
{"time":"2026-08-23T00:34:19.1749608+08:00","level":"INFO","msg":"HTTP 访问","method":"GET","path":"/api/system/status","status":200,"latency":"212.0654ms","ip":"::1","trace_id":"1070e7ab1bb52a71db45922a"}
{"time":"2026-08-23T00:34:21.6316024+08:00","level":"INFO","msg":"HTTP 访问","method":"GET","path":"/","status":304,"latency":"1.0038ms","ip":"::1","trace_id":"78cd396fc5324f97fc430883"}
{"time":"2026-08-23T00:34:21.635454+08:00","level":"INFO","msg":"HTTP 访问","method":"GET","path":"/ws","status":200,"latency":"22.6806623s","ip":"::1","trace_id":"aa519062260114c952b38aa5"}
{"time":"2026-08-23T00:34:21.6387314+08:00","level":"INFO","msg":"HTTP 访问","method":"GET","path":"/api/auth/me","status":200,"latency":"0s","ip":"::1","trace_id":"b09459082c84104407917f92"}
{"time":"2026-08-23T00:34:21.8477337+08:00","level":"INFO","msg":"HTTP 访问","method":"GET","path":"/api/system/status","status":200,"latency":"207.3327ms","ip":"::1","trace_id":"ee21599860940e13d56e7d2d"}
{"time":"2026-08-23T00:34:22.0518815+08:00","level":"INFO","msg":"HTTP 访问","method":"GET","path":"/api/system/status","status":200,"latency":"203.0429ms","ip":"::1","trace_id":"05b581e6108835595a2544a6"}
{"time":"2026-08-23T00:34:24.2982761+08:00","level":"INFO","msg":"HTTP 访问","method":"GET","path":"/api/system/status","status":200,"latency":"210.7064ms","ip":"::1","trace_id":"ab8cf2ec76d58be2071f4614"}
{"time":"2026-08-23T00:34:26.8752727+08:00","level":"INFO","msg":"HTTP 访问","method":"GET","path":"/api/system/status","status":200,"latency":"229.3744ms","ip":"::1","trace_id":"f870d215f8bb01075aaa72eb"}
{"time":"2026-08-23T00:34:29.2988214+08:00","level":"INFO","msg":"HTTP 访问","method":"GET","path":"/api/system/status","status":200,"latency":"207.4994ms","ip":"::1","trace_id":"04396fc8632f526cb0a0147d"}
{"time":"2026-08-23T00:34:31.8805193+08:00","level":"INFO","msg":"HTTP 访问","method":"GET","path":"/api/system/status","status":200,"latency":"217.0953ms","ip":"::1","trace_id":"a9133fc0ab03a43b6dd34882"}
{"time":"2026-08-23T00:34:34.2834238+08:00","level":"INFO","msg":"HTTP 访问","method":"GET","path":"/api/system/status","status":200,"latency":"205.2321ms","ip":"::1","trace_id":"c1d39a109513e660b4d37ec1"}
{"time":"2026-08-23T00:34:36.855056+08:00","level":"INFO","msg":"HTTP 访问","method":"GET","path":"/api/system/status","status":200,"latency":"208.0654ms","ip":"::1","trace_id":"8f169a83031dd8144d49c355"}
{"time":"2026-08-23T00:34:39.2824487+08:00","level":"INFO","msg":"HTTP 访问","method":"GET","path":"/api/system/status","status":200,"latency":"203.5293ms","ip":"::1","trace_id":"d1d4b5c2ae41618ff2207729"}
{"time":"2026-08-23T00:34:41.8986805+08:00","level":"INFO","msg":"HTTP 访问","method":"GET","path":"/api/system/status","status":200,"latency":"245.2289ms","ip":"::1","trace_id":"465041d342da77ac93c07527"}
{"time":"2026-08-23T00:34:44.3011728+08:00","level":"INFO","msg":"HTTP 访问","method":"GET","path":"/api/system/status","status":200,"latency":"208.9938ms","ip":"::1","trace_id":"9204a8832179825bb40215b4"}
{"time":"2026-08-23T00:34:46.8537524+08:00","level":"INFO","msg":"HTTP 访问","method":"GET","path":"/api/system/status","status":200,"latency":"209.0148ms","ip":"::1","trace_id":"19bf45236b7b47d5139c78d3"}
{"time":"2026-08-23T00:34:49.3123387+08:00","level":"INFO","msg":"HTTP 访问","method":"GET","path":"/api/system/status","status":200,"latency":"220.8584ms","ip":"::1","trace_id":"2e05bcd9353d0638e41ff699"}
{"time":"2026-08-23T00:34:51.8507095+08:00","level":"INFO","msg":"HTTP 访问","method":"GET","path":"/api/system/status","status":200,"latency":"203.5981ms","ip":"::1","trace_id":"800c9301056e0c886523946a"}
{"time":"2026-08-23T00:34:54.2980524+08:00","level":"INFO","msg":"HTTP 访问","method":"GET","path":"/api/system/status","status":200,"latency":"205.4731ms","ip":"::1","trace_id":"a046be3a15b40e1ec1f885da"}
{"time":"2026-08-23T00:34:56.8656453+08:00","level":"INFO","msg":"HTTP 访问","method":"GET","path":"/api/system/status","status":200,"latency":"208.7044ms","ip":"::1","trace_id":"0386fdc7143e89d4d58ed406"}
{"time":"2026-08-23T00:34:59.3000985+08:00","level":"INFO","msg":"HTTP 访问","method":"GET","path":"/api/system/status","status":200,"latency":"215.1057ms","ip":"::1","trace_id":"b11f53204c486e7891b599e6"}
{"time":"2026-08-23T00:35:01.8836725+08:00","level":"INFO","msg":"HTTP 访问","method":"GET","path":"/api/system/status","status":200,"latency":"228.7238ms","ip":"::1","trace_id":"54128a26ba6fd9643521747e"}
{"time":"2026-08-23T00:35:04.289982+08:00","level":"INFO","msg":"HTTP 访问","method":"GET","path":"/api/system/status","status":200,"latency":"206.7387ms","ip":"::1","trace_id":"7132502d6f34c10a06221a2c"}
{"time":"2026-08-23T00:35:06.8609613+08:00","level":"INFO","msg":"HTTP 访问","method":"GET","path":"/api/system/status","status":200,"latency":"207.1343ms","ip":"::1","trace_id":"cbc11dbba8add878c54df4c4"}
{"time":"2026-08-23T00:35:09.2907918+08:00","level":"INFO","msg":"HTTP 访问","method":"GET","path":"/api/system/status","status":200,"latency":"204.2549ms","ip":"::1","trace_id":"919e1b8379dc760d59b80158"}
{"time":"2026-08-23T00:35:11.8635705+08:00","level":"INFO","msg":"HTTP 访问","method":"GET","path":"/api/system/status","status":200,"latency":"216.3904ms","ip":"::1","trace_id":"699198089c45fa745107196c"}
{"time":"2026-08-23T00:35:14.2932165+08:00","level":"INFO","msg":"HTTP 访问","method":"GET","path":"/api/system/status","status":200,"latency":"207.2028ms","ip":"::1","trace_id":"6ad9d005c74b20da6ec7f463"}
{"time":"2026-08-23T00:35:16.8567563+08:00","level":"INFO","msg":"HTTP 访问","method":"GET","path":"/api/system/status","status":200,"latency":"213.5833ms","ip":"::1","trace_id":"29c7937294b77aa3a56ffcf8"}
{"time":"2026-08-23T00:35:21.8521842+08:00","level":"INFO","msg":"HTTP 访问","method":"GET","path":"/api/system/status","status":200,"latency":"211.1386ms","ip":"::1","trace_id":"c98ff38787437950dad48947"}
{"time":"2026-08-23T00:35:22.0758087+08:00","level":"INFO","msg":"HTTP 访问","method":"GET","path":"/api/system/status","status":200,"latency":"220.304ms","ip":"::1","trace_id":"062c5935e0c980b4970e2bc3"}
{"time":"2026-08-23T00:35:26.8494809+08:00","level":"INFO","msg":"HTTP 访问","method":"GET","path":"/api/system/status","status":200,"latency":"206.0473ms","ip":"::1","trace_id":"33d05f092bc4e1e64ad88615"}
{"time":"2026-08-23T00:35:27.2910474+08:00","level":"INFO","msg":"HTTP 访问","method":"GET","path":"/api/system/status","status":200,"latency":"207.6404ms","ip":"::1","trace_id":"9501550fc855a96149deddf5"}
{"time":"2026-08-23T00:35:27.506635+08:00","level":"INFO","msg":"HTTP 访问","method":"GET","path":"/api/system/status","status":200,"latency":"214.045ms","ip":"::1","trace_id":"2b869a8eb98570de976baa6a"}
{"time":"2026-08-23T00:35:31.8719427+08:00","level":"INFO","msg":"HTTP 访问","method":"GET","path":"/api/system/status","status":200,"latency":"216.9742ms","ip":"::1","trace_id":"08357c9c77630b5e87f04519"}
{"time":"2026-08-23T00:35:36.8501997+08:00","level":"INFO","msg":"HTTP 访问","method":"GET","path":"/api/system/status","status":200,"latency":"204.3118ms","ip":"::1","trace_id":"463eb5ff76ae30ade6a9d123"}
{"time":"2026-08-23T00:35:41.8516599+08:00","level":"INFO","msg":"HTTP 访问","method":"GET","path":"/api/system/status","status":200,"latency":"206.6584ms","ip":"::1","trace_id":"86378f6ffdacee02d16f8887"}
{"time":"2026-08-23T00:35:46.8506613+08:00","level":"INFO","msg":"HTTP 访问","method":"GET","path":"/api/system/status","status":200,"latency":"203.6707ms","ip":"::1","trace_id":"4694a525e9b2beb72092f345"}
{"time":"2026-08-23T00:35:51.863653+08:00","level":"INFO","msg":"HTTP 访问","method":"GET","path":"/api/system/status","status":200,"latency":"213.0118ms","ip":"::1","trace_id":"cb3a6baafd65906f63b2a2e8"}
{"time":"2026-08-23T00:35:56.8604426+08:00","level":"INFO","msg":"HTTP 访问","method":"GET","path":"/api/system/status","status":200,"latency":"203.5665ms","ip":"::1","trace_id":"9ea41bbb5d56994f5b96f6dd"}
{"time":"2026-08-23T00:36:01.8570826+08:00","level":"INFO","msg":"HTTP 访问","method":"GET","path":"/api/system/status","status":200,"latency":"204.4904ms","ip":"::1","trace_id":"b4a00b3bcf69dbdda9ade180"}
{"time":"2026-08-23T00:36:06.8588602+08:00","level":"INFO","msg":"HTTP 访问","method":"GET","path":"/api/system/status","status":200,"latency":"216.0981ms","ip":"::1","trace_id":"c45e88b8b80be58b1abafa09"}
{"time":"2026-08-23T00:36:11.8656274+08:00","level":"INFO","msg":"HTTP 访问","method":"GET","path":"/api/system/status","status":200,"latency":"225.547ms","ip":"::1","trace_id":"66c80481301cd2356d15b312"}
{"time":"2026-08-23T00:36:16.8614774+08:00","level":"INFO","msg":"HTTP 访问","method":"GET","path":"/api/system/status","status":200,"latency":"214.6534ms","ip":"::1","trace_id":"dbc57bc69e523cd1d7a0e488"}
{"time":"2026-08-23T00:36:21.8609064+08:00","level":"INFO","msg":"HTTP 访问","method":"GET","path":"/api/system/status","status":200,"latency":"206.6707ms","ip":"::1","trace_id":"a38e3797966d479c3a07a207"}
{"time":"2026-08-23T00:36:22.0654663+08:00","level":"INFO","msg":"HTTP 访问","method":"GET","path":"/api/system/status","status":200,"latency":"203.5072ms","ip":"::1","trace_id":"9f0509405db113b931ee08af"}
{"time":"2026-08-23T00:36:26.8683934+08:00","level":"INFO","msg":"HTTP 访问","method":"GET","path":"/api/system/status","status":200,"latency":"212.9126ms","ip":"::1","trace_id":"ef98deef8158b370a92118d8"}
{"time":"2026-08-23T00:36:27.3015936+08:00","level":"INFO","msg":"HTTP 访问","method":"GET","path":"/api/system/status","status":200,"latency":"210.1746ms","ip":"::1","trace_id":"65db15dfae10f41098a7d81f"}
{"time":"2026-08-23T00:36:27.5101426+08:00","level":"INFO","msg":"HTTP 访问","method":"GET","path":"/api/system/status","status":200,"latency":"207.3534ms","ip":"::1","trace_id":"2dd8f3758975a66128ca3b0b"}
{"time":"2026-08-23T00:36:31.8634798+08:00","level":"INFO","msg":"HTTP 访问","method":"GET","path":"/api/system/status","status":200,"latency":"206.7846ms","ip":"::1","trace_id":"f1771f5e32f9a77efab4e7a6"}
{"time":"2026-08-23T00:36:36.8706877+08:00","level":"INFO","msg":"HTTP 访问","method":"GET","path":"/api/system/status","status":200,"latency":"213.2638ms","ip":"::1","trace_id":"253f1d8231f578984677038f"}
{"time":"2026-08-23T00:36:39.1681316+08:00","level":"INFO","msg":"HTTP 访问","method":"GET","path":"/","status":200,"latency":"90.4823ms","ip":"192.168.137.140","trace_id":"f561e4882188690e3fb4e60b"}
{"time":"2026-08-23T00:36:39.5461483+08:00","level":"INFO","msg":"HTTP 访问","method":"GET","path":"/api/auth/me","status":200,"latency":"0s","ip":"192.168.137.140","trace_id":"93c0bda498fe8caf8a760809"}
{"time":"2026-08-23T00:36:39.6534359+08:00","level":"INFO","msg":"HTTP 访问","method":"GET","path":"/favicon.ico","status":200,"latency":"105.2163ms","ip":"192.168.137.140","trace_id":"b172ea54b57c7cff2c30482b"}
{"time":"2026-08-23T00:36:39.8800902+08:00","level":"INFO","msg":"HTTP 访问","method":"GET","path":"/api/system/status","status":200,"latency":"205.9824ms","ip":"192.168.137.140","trace_id":"bed29c5584e0c748b767c10d"}
{"time":"2026-08-23T00:36:40.9054977+08:00","level":"INFO","msg":"HTTP 访问","method":"GET","path":"/api/system/status","status":200,"latency":"203.4197ms","ip":"192.168.137.140","trace_id":"163970df6d0580c812c0b505"}
{"time":"2026-08-23T00:36:41.852419+08:00","level":"INFO","msg":"HTTP 访问","method":"GET","path":"/api/system/status","status":200,"latency":"207.1205ms","ip":"::1","trace_id":"02b2da75daf2caed6ff7b737"}
{"time":"2026-08-23T00:36:42.6103033+08:00","level":"INFO","msg":"HTTP 访问","method":"GET","path":"/api/files","status":200,"latency":"50.9928ms","ip":"192.168.137.140","trace_id":"1ee99a21e228769252f1708d"}
{"time":"2026-08-23T00:36:42.7140439+08:00","level":"INFO","msg":"HTTP 访问","method":"GET","path":"/api/storage/stats","status":200,"latency":"38.0272ms","ip":"192.168.137.140","trace_id":"6b2204240c7ebc06e6e38fa3"}
{"time":"2026-08-23T00:36:44.8824871+08:00","level":"INFO","msg":"HTTP 访问","method":"GET","path":"/api/system/status","status":200,"latency":"209.6475ms","ip":"192.168.137.140","trace_id":"c9f62a78075e2ea2d047129f"}
{"time":"2026-08-23T00:36:46.4845651+08:00","level":"INFO","msg":"HTTP 访问","method":"GET","path":"/api/files","status":200,"latency":"1.0165ms","ip":"192.168.137.140","trace_id":"59dd1af44da32b0844686f58"}
{"time":"2026-08-23T00:36:46.620458+08:00","level":"INFO","msg":"HTTP 访问","method":"GET","path":"/api/storage/stats","status":200,"latency":"51.8644ms","ip":"192.168.137.140","trace_id":"c4cb5496a856008087e702da"}
{"time":"2026-08-23T00:36:46.8620123+08:00","level":"INFO","msg":"HTTP 访问","method":"GET","path":"/api/system/status","status":200,"latency":"214.6273ms","ip":"::1","trace_id":"a8d4b16137a2a00d827945fe"}
{"time":"2026-08-23T00:36:49.9130772+08:00","level":"INFO","msg":"HTTP 访问","method":"GET","path":"/api/system/status","status":200,"latency":"206.9897ms","ip":"192.168.137.140","trace_id":"ac6a3ca2ae55d9392d12bcca"}
{"time":"2026-08-23T00:36:51.8564822+08:00","level":"INFO","msg":"HTTP 访问","method":"GET","path":"/api/system/status","status":200,"latency":"209.2526ms","ip":"::1","trace_id":"3f23a38fce37abfa5be1a4f1"}
{"time":"2026-08-23T00:36:54.9542539+08:00","level":"INFO","msg":"HTTP 访问","method":"GET","path":"/api/system/status","status":200,"latency":"207.4097ms","ip":"192.168.137.140","trace_id":"bb6b94f7fcaf0624d3e1283e"}
{"time":"2026-08-23T00:36:56.8624675+08:00","level":"INFO","msg":"HTTP 访问","method":"GET","path":"/api/system/status","status":200,"latency":"210.5916ms","ip":"::1","trace_id":"13ccd05c0a3ce7244e4caff5"}
{"time":"2026-08-23T00:36:59.8720075+08:00","level":"INFO","msg":"HTTP 访问","method":"GET","path":"/api/system/status","status":200,"latency":"203.2448ms","ip":"192.168.137.140","trace_id":"d0198f5f4c7ed04c6b7a8ba7"}
{"time":"2026-08-23T00:37:01.8563814+08:00","level":"INFO","msg":"HTTP 访问","method":"GET","path":"/api/system/status","status":200,"latency":"206.974ms","ip":"::1","trace_id":"da80a6ff1d9781aa7e60cb4b"}
{"time":"2026-08-23T00:37:04.8973375+08:00","level":"INFO","msg":"HTTP 访问","method":"GET","path":"/api/system/status","status":200,"latency":"214.664ms","ip":"192.168.137.140","trace_id":"38b27e1b5ddbb218b08cacd1"}
{"time":"2026-08-23T00:37:06.8672515+08:00","level":"INFO","msg":"HTTP 访问","method":"GET","path":"/api/system/status","status":200,"latency":"217.147ms","ip":"::1","trace_id":"e577207a8c20fef477f18230"}
{"time":"2026-08-23T00:37:09.9741065+08:00","level":"INFO","msg":"HTTP 访问","method":"GET","path":"/api/system/status","status":200,"latency":"287.0867ms","ip":"192.168.137.140","trace_id":"add145a24a68ea405e46e773"}
{"time":"2026-08-23T00:37:11.8640085+08:00","level":"INFO","msg":"HTTP 访问","method":"GET","path":"/api/system/status","status":200,"latency":"206.9423ms","ip":"::1","trace_id":"698f97591bd3df4f54adb4d4"}
{"time":"2026-08-23T00:37:14.8849333+08:00","level":"INFO","msg":"HTTP 访问","method":"GET","path":"/api/system/status","status":200,"latency":"203.5292ms","ip":"192.168.137.140","trace_id":"3752ac15c52072d1441fd2d1"}
{"time":"2026-08-23T00:37:16.8536798+08:00","level":"INFO","msg":"HTTP 访问","method":"GET","path":"/api/system/status","status":200,"latency":"209.6044ms","ip":"::1","trace_id":"ace1b60e655c5780e5a8d01c"}
{"time":"2026-08-23T00:37:19.8688889+08:00","level":"INFO","msg":"HTTP 访问","method":"GET","path":"/api/system/status","status":200,"latency":"204.933ms","ip":"192.168.137.140","trace_id":"566db0f9239fddcd751a897a"}
{"time":"2026-08-23T00:37:21.8505845+08:00","level":"INFO","msg":"HTTP 访问","method":"GET","path":"/api/system/status","status":200,"latency":"207.4355ms","ip":"::1","trace_id":"4a89447de338bf3ff67fc1ae"}
{"time":"2026-08-23T00:37:22.0551302+08:00","level":"INFO","msg":"HTTP 访问","method":"GET","path":"/api/system/status","status":200,"latency":"203.5214ms","ip":"::1","trace_id":"1af9c1707d61a52443f48a58"}
{"time":"2026-08-23T00:37:24.8713639+08:00","level":"INFO","msg":"HTTP 访问","method":"GET","path":"/api/system/status","status":200,"latency":"204.2242ms","ip":"192.168.137.140","trace_id":"351ffefdb00cd7352a50a3b9"}
{"time":"2026-08-23T00:37:26.8551469+08:00","level":"INFO","msg":"HTTP 访问","method":"GET","path":"/api/system/status","status":200,"latency":"210.0134ms","ip":"::1","trace_id":"48f80e00bf3168c808464acb"}
{"time":"2026-08-23T00:37:27.2944476+08:00","level":"INFO","msg":"HTTP 访问","method":"GET","path":"/api/system/status","status":200,"latency":"205.9315ms","ip":"::1","trace_id":"f88270ff76414bec3f610ef9"}
{"time":"2026-08-23T00:37:27.5150765+08:00","level":"INFO","msg":"HTTP 访问","method":"GET","path":"/api/system/status","status":200,"latency":"218.8427ms","ip":"::1","trace_id":"fd56debb31323585c9f28fae"}
{"time":"2026-08-23T00:37:29.9216143+08:00","level":"INFO","msg":"HTTP 访问","method":"GET","path":"/api/system/status","status":200,"latency":"208.1409ms","ip":"192.168.137.140","trace_id":"6f6e66a86f5120c558f0c59b"}
{"time":"2026-08-23T00:37:31.8726092+08:00","level":"INFO","msg":"HTTP 访问","method":"GET","path":"/api/system/status","status":200,"latency":"216.411ms","ip":"::1","trace_id":"1e8261705b25841604978147"}
{"time":"2026-08-23T00:37:34.8752548+08:00","level":"INFO","msg":"HTTP 访问","method":"GET","path":"/api/system/status","status":200,"latency":"203.8483ms","ip":"192.168.137.140","trace_id":"b870823a22f1a0c11edd4aae"}
{"time":"2026-08-23T00:37:36.8614117+08:00","level":"INFO","msg":"HTTP 访问","method":"GET","path":"/api/system/status","status":200,"latency":"208.9517ms","ip":"::1","trace_id":"8bf890cddb15fd831cecaf2c"}
{"time":"2026-08-23T00:37:39.8958023+08:00","level":"INFO","msg":"HTTP 访问","method":"GET","path":"/api/system/status","status":200,"latency":"220.0421ms","ip":"192.168.137.140","trace_id":"fbede3e5a7ecefa6f49c4fdd"}
{"time":"2026-08-23T00:37:40.1178631+08:00","level":"INFO","msg":"HTTP 访问","method":"GET","path":"/api/system/status","status":200,"latency":"204.9986ms","ip":"192.168.137.140","trace_id":"c2e2fed2ec12952034773bef"}
{"time":"2026-08-23T00:37:41.8514412+08:00","level":"INFO","msg":"HTTP 访问","method":"GET","path":"/api/system/status","status":200,"latency":"207.9874ms","ip":"::1","trace_id":"7f2e7707978b9bd0724f006c"}
{"time":"2026-08-23T00:37:44.9787056+08:00","level":"INFO","msg":"HTTP 访问","method":"GET","path":"/api/system/status","status":200,"latency":"278.8645ms","ip":"192.168.137.140","trace_id":"5be5b002e88b5b1991374439"}
{"time":"2026-08-23T00:37:46.8582991+08:00","level":"INFO","msg":"HTTP 访问","method":"GET","path":"/api/system/status","status":200,"latency":"208.6438ms","ip":"::1","trace_id":"bc8a1f700efadda4e95f9158"}
{"time":"2026-08-23T00:37:51.0656089+08:00","level":"INFO","msg":"HTTP 访问","method":"GET","path":"/ws","status":200,"latency":"1m10.4219515s","ip":"192.168.137.140","trace_id":"0f0a829b20eeaefa09a3f679"}
{"time":"2026-08-23T00:37:51.8563027+08:00","level":"INFO","msg":"HTTP 访问","method":"GET","path":"/api/system/status","status":200,"latency":"210.0797ms","ip":"::1","trace_id":"076f85c7edba183c9aa9ab08"}
{"time":"2026-08-23T00:37:53.0355008+08:00","level":"INFO","msg":"HTTP 访问","method":"GET","path":"/api/system/status","status":200,"latency":"210.5914ms","ip":"192.168.137.140","trace_id":"7619d807d20f6efb3184f8e2"}
{"time":"2026-08-23T00:37:54.8641291+08:00","level":"INFO","msg":"HTTP 访问","method":"GET","path":"/api/system/status","status":200,"latency":"203.4958ms","ip":"192.168.137.140","trace_id":"78b2557d84c9584fa3d87a74"}
{"time":"2026-08-23T00:37:55.3374033+08:00","level":"INFO","msg":"HTTP 访问","method":"GET","path":"/api/files/trash","status":200,"latency":"0s","ip":"192.168.137.140","trace_id":"d96695135f398e5d4d6e5f0a"}
{"time":"2026-08-23T00:37:56.8561305+08:00","level":"INFO","msg":"HTTP 访问","method":"GET","path":"/api/system/status","status":200,"latency":"213.6736ms","ip":"::1","trace_id":"c02af70e9368d98b8b18d702"}
{"time":"2026-08-23T00:37:58.1786928+08:00","level":"INFO","msg":"HTTP 访问","method":"GET","path":"/api/files","status":200,"latency":"502.3µs","ip":"192.168.137.140","trace_id":"cd151715fe3fd49c4abd76ec"}
{"time":"2026-08-23T00:37:58.5827194+08:00","level":"INFO","msg":"HTTP 访问","method":"GET","path":"/api/storage/stats","status":200,"latency":"40.3695ms","ip":"192.168.137.140","trace_id":"3ad2a1bf809bb68940c7b51d"}
{"time":"2026-08-23T00:37:58.9162932+08:00","level":"INFO","msg":"HTTP 访问","method":"GET","path":"/api/system/status","status":200,"latency":"211.3405ms","ip":"192.168.137.140","trace_id":"4ace89e70d0bac21e4b55291"}
{"time":"2026-08-23T00:37:59.2864959+08:00","level":"INFO","msg":"HTTP 访问","method":"GET","path":"/api/system/status","status":200,"latency":"202.6831ms","ip":"192.168.137.140","trace_id":"b039fd56cb5d8bd021707c02"}
{"time":"2026-08-23T00:37:59.9439915+08:00","level":"INFO","msg":"HTTP 访问","method":"GET","path":"/","status":304,"latency":"0s","ip":"192.168.137.140","trace_id":"943a73c9019b9b06c2bf6801"}
{"time":"2026-08-23T00:37:59.9845269+08:00","level":"INFO","msg":"HTTP 访问","method":"GET","path":"/api/auth/me","status":200,"latency":"0s","ip":"192.168.137.140","trace_id":"10e9d03ff1bb966c3ca82874"}
{"time":"2026-08-23T00:38:00.3931264+08:00","level":"INFO","msg":"HTTP 访问","method":"GET","path":"/api/system/status","status":200,"latency":"218.7744ms","ip":"192.168.137.140","trace_id":"f1844a6845b0451b51a4652f"}
{"time":"2026-08-23T00:38:00.7155683+08:00","level":"INFO","msg":"HTTP 访问","method":"GET","path":"/api/system/status","status":200,"latency":"203.2028ms","ip":"192.168.137.140","trace_id":"9142d5664afa69ef081ee400"}
{"time":"2026-08-23T00:38:01.7136315+08:00","level":"INFO","msg":"HTTP 访问","method":"GET","path":"/api/files","status":200,"latency":"66.5504ms","ip":"192.168.137.140","trace_id":"1244224e60f9bf5c052d3638"}
{"time":"2026-08-23T00:38:01.8029094+08:00","level":"INFO","msg":"HTTP 访问","method":"GET","path":"/api/storage/stats","status":200,"latency":"46.7761ms","ip":"192.168.137.140","trace_id":"d40dbf96f15902e8d0e3cbcd"}
{"time":"2026-08-23T00:38:01.8649567+08:00","level":"INFO","msg":"HTTP 访问","method":"GET","path":"/api/system/status","status":200,"latency":"206.0312ms","ip":"::1","trace_id":"b74ec896cc0a46a4a98f11dc"}
{"time":"2026-08-23T00:38:05.3968203+08:00","level":"INFO","msg":"HTTP 访问","method":"GET","path":"/api/system/status","status":200,"latency":"206.2912ms","ip":"192.168.137.140","trace_id":"38a2bc8e2bd525a93cc3545d"}
{"time":"2026-08-23T00:38:06.2284762+08:00","level":"INFO","msg":"HTTP 访问","method":"GET","path":"/api/files","status":200,"latency":"999.7µs","ip":"192.168.137.140","trace_id":"856a0bf6bbc097b6adb64709"}
{"time":"2026-08-23T00:38:06.2926589+08:00","level":"INFO","msg":"HTTP 访问","method":"GET","path":"/api/storage/stats","status":200,"latency":"32.7704ms","ip":"192.168.137.140","trace_id":"4fd3a8b475cae8a47f7a815a"}
{"time":"2026-08-23T00:38:06.8640157+08:00","level":"INFO","msg":"HTTP 访问","method":"GET","path":"/api/system/status","status":200,"latency":"209.1316ms","ip":"::1","trace_id":"af78614888c5ff7a362a98bb"}
{"time":"2026-08-23T00:38:07.8738485+08:00","level":"INFO","msg":"HTTP 访问","method":"GET","path":"/api/files","status":200,"latency":"2.4883ms","ip":"192.168.137.140","trace_id":"467faf3889fba8a60996b637"}
{"time":"2026-08-23T00:38:08.1918679+08:00","level":"INFO","msg":"HTTP 访问","method":"GET","path":"/api/storage/stats","status":200,"latency":"19.861ms","ip":"192.168.137.140","trace_id":"851b4a821672ff3d4655549f"}
{"time":"2026-08-23T00:38:10.4321491+08:00","level":"INFO","msg":"HTTP 访问","method":"GET","path":"/api/system/status","status":200,"latency":"240.945ms","ip":"192.168.137.140","trace_id":"8700bc93c7531b1b2caad9cd"}
{"time":"2026-08-23T00:38:11.8656524+08:00","level":"INFO","msg":"HTTP 访问","method":"GET","path":"/api/system/status","status":200,"latency":"219.3671ms","ip":"::1","trace_id":"07e944a1b2721967beeebec2"}
{"time":"2026-08-23T00:38:15.4135965+08:00","level":"INFO","msg":"HTTP 访问","method":"GET","path":"/api/system/status","status":200,"latency":"202.9888ms","ip":"192.168.137.140","trace_id":"ccc4a0b5296e74358c000422"}
{"time":"2026-08-23T00:38:16.8527673+08:00","level":"INFO","msg":"HTTP 访问","method":"GET","path":"/api/system/status","status":200,"latency":"203.1734ms","ip":"::1","trace_id":"43f351d6fa8a954159c8474c"}
{"time":"2026-08-23T00:38:20.3902321+08:00","level":"INFO","msg":"HTTP 访问","method":"GET","path":"/api/system/status","status":200,"latency":"205.5497ms","ip":"192.168.137.140","trace_id":"85899135780651fd633c81c6"}
{"time":"2026-08-23T00:38:21.8582135+08:00","level":"INFO","msg":"HTTP 访问","method":"GET","path":"/api/system/status","status":200,"latency":"208.8525ms","ip":"::1","trace_id":"d52a70359bf3982c14ce24fc"}
{"time":"2026-08-23T00:38:22.0824344+08:00","level":"INFO","msg":"HTTP 访问","method":"GET","path":"/api/system/status","status":200,"latency":"213.8499ms","ip":"::1","trace_id":"8294b0837070c2a817d19710"}
{"time":"2026-08-23T00:38:25.3971633+08:00","level":"INFO","msg":"HTTP 访问","method":"GET","path":"/api/system/status","status":200,"latency":"207.1564ms","ip":"192.168.137.140","trace_id":"55effee624b3c884d6bbd787"}
{"time":"2026-08-23T00:38:26.8712194+08:00","level":"INFO","msg":"HTTP 访问","method":"GET","path":"/api/system/status","status":200,"latency":"222.4844ms","ip":"::1","trace_id":"1a944853fadc9e5afcfd2ae6"}
{"time":"2026-08-23T00:38:27.2948958+08:00","level":"INFO","msg":"HTTP 访问","method":"GET","path":"/api/system/status","status":200,"latency":"205.9443ms","ip":"::1","trace_id":"ce0ac47e0982e01d8849188c"}
{"time":"2026-08-23T00:38:27.4987104+08:00","level":"INFO","msg":"HTTP 访问","method":"GET","path":"/api/system/status","status":200,"latency":"202.8021ms","ip":"::1","trace_id":"f45519b5e048562d2b9e1e49"}
{"time":"2026-08-23T00:38:30.3961447+08:00","level":"INFO","msg":"HTTP 访问","method":"GET","path":"/api/system/status","status":200,"latency":"203.1721ms","ip":"192.168.137.140","trace_id":"935aca719d4b6a9f2c4d1427"}
{"time":"2026-08-23T00:38:31.8524966+08:00","level":"INFO","msg":"HTTP 访问","method":"GET","path":"/api/system/status","status":200,"latency":"207.1632ms","ip":"::1","trace_id":"bd67cf37d38cfc4d57f94a31"}
{"time":"2026-08-23T00:38:35.3992035+08:00","level":"INFO","msg":"HTTP 访问","method":"GET","path":"/api/system/status","status":200,"latency":"208.4646ms","ip":"192.168.137.140","trace_id":"09c7fa6d3a11ec717117906c"}
{"time":"2026-08-23T00:38:36.8610088+08:00","level":"INFO","msg":"HTTP 访问","method":"GET","path":"/api/system/status","status":200,"latency":"206.5798ms","ip":"::1","trace_id":"574fbb1a07ea907ab37ecd85"}
{"time":"2026-08-23T00:38:40.4024316+08:00","level":"INFO","msg":"HTTP 访问","method":"GET","path":"/api/system/status","status":200,"latency":"212.8633ms","ip":"192.168.137.140","trace_id":"30d78184dc5cdf6cc682de7d"}
{"time":"2026-08-23T00:38:41.8635569+08:00","level":"INFO","msg":"HTTP 访问","method":"GET","path":"/api/system/status","status":200,"latency":"209.9305ms","ip":"::1","trace_id":"55179d3d9b661d0eadfe9154"}
{"time":"2026-08-23T00:38:45.4052321+08:00","level":"INFO","msg":"HTTP 访问","method":"GET","path":"/api/system/status","status":200,"latency":"205.183ms","ip":"192.168.137.140","trace_id":"a7e9d5f384e4bdb3a6a4383c"}
{"time":"2026-08-23T00:38:46.8532266+08:00","level":"INFO","msg":"HTTP 访问","method":"GET","path":"/api/system/status","status":200,"latency":"207.3508ms","ip":"::1","trace_id":"5a87ee5dea66bb304c26aef1"}
{"time":"2026-08-23T00:38:50.4310657+08:00","level":"INFO","msg":"HTTP 访问","method":"GET","path":"/api/system/status","status":200,"latency":"229.3391ms","ip":"192.168.137.140","trace_id":"9e723939eaf0a32bb0e76995"}
{"time":"2026-08-23T00:38:51.8483123+08:00","level":"INFO","msg":"HTTP 访问","method":"GET","path":"/api/system/status","status":200,"latency":"206.4097ms","ip":"::1","trace_id":"03af6430ec6bbd0c40145605"}
{"time":"2026-08-23T00:38:55.4053786+08:00","level":"INFO","msg":"HTTP 访问","method":"GET","path":"/api/system/status","status":200,"latency":"212.8421ms","ip":"192.168.137.140","trace_id":"2b968006b4612c8fece17804"}
{"time":"2026-08-23T00:38:56.8785746+08:00","level":"INFO","msg":"HTTP 访问","method":"GET","path":"/api/system/status","status":200,"latency":"233.7077ms","ip":"::1","trace_id":"ee1969647eac52aea3256daf"}
{"time":"2026-08-23T00:39:00.3758919+08:00","level":"INFO","msg":"HTTP 访问","method":"GET","path":"/api/system/status","status":200,"latency":"203.2105ms","ip":"192.168.137.140","trace_id":"5bfc0d1f7d4faac064ab915a"}
{"time":"2026-08-23T00:39:01.0392984+08:00","level":"INFO","msg":"HTTP 访问","method":"GET","path":"/api/system/status","status":200,"latency":"210.4437ms","ip":"192.168.137.140","trace_id":"817475fe06c97a58e4335ca3"}
{"time":"2026-08-23T00:39:02.2905656+08:00","level":"INFO","msg":"HTTP 访问","method":"GET","path":"/api/system/status","status":200,"latency":"207.7824ms","ip":"::1","trace_id":"343e67964d5a8a7217d372b8"}
{"time":"2026-08-23T00:39:05.4614024+08:00","level":"INFO","msg":"HTTP 访问","method":"GET","path":"/api/system/status","status":200,"latency":"248.553ms","ip":"192.168.137.140","trace_id":"a81eaa67c60066b31d11ea39"}
{"time":"2026-08-23T00:39:07.2963376+08:00","level":"INFO","msg":"HTTP 访问","method":"GET","path":"/api/system/status","status":200,"latency":"211.0767ms","ip":"::1","trace_id":"d9a2d13eb4b1a0e850bd4a8a"}
{"time":"2026-08-23T00:39:10.4438417+08:00","level":"INFO","msg":"HTTP 访问","method":"GET","path":"/api/system/status","status":200,"latency":"218.8445ms","ip":"192.168.137.140","trace_id":"0eacaacf4dd9180814c88a4b"}
{"time":"2026-08-23T00:39:12.2908766+08:00","level":"INFO","msg":"HTTP 访问","method":"GET","path":"/api/system/status","status":200,"latency":"207.7081ms","ip":"::1","trace_id":"bfb5d48a4b12f646a9d233a8"}
{"time":"2026-08-23T00:39:15.3958574+08:00","level":"INFO","msg":"HTTP 访问","method":"GET","path":"/api/system/status","status":200,"latency":"203.4664ms","ip":"192.168.137.140","trace_id":"fc9446b9aea49cf6d8099ca7"}
{"time":"2026-08-23T00:39:17.3132592+08:00","level":"INFO","msg":"HTTP 访问","method":"GET","path":"/api/system/status","status":200,"latency":"206.405ms","ip":"::1","trace_id":"9eb33ff5eaccd88b48cf8f22"}
{"time":"2026-08-23T00:39:20.421321+08:00","level":"INFO","msg":"HTTP 访问","method":"GET","path":"/api/system/status","status":200,"latency":"207.4655ms","ip":"192.168.137.140","trace_id":"c652edf086b8fec4c3f1a4e3"}
{"time":"2026-08-23T00:39:22.3112249+08:00","level":"INFO","msg":"HTTP 访问","method":"GET","path":"/api/system/status","status":200,"latency":"222.0377ms","ip":"::1","trace_id":"d58c0484a4ab11eed64ccab8"}
{"time":"2026-08-23T00:39:22.5224909+08:00","level":"INFO","msg":"HTTP 访问","method":"GET","path":"/api/system/status","status":200,"latency":"209.2645ms","ip":"::1","trace_id":"9785ffdce0a43eabc9e4750b"}
{"time":"2026-08-23T00:39:25.3870601+08:00","level":"INFO","msg":"HTTP 访问","method":"GET","path":"/api/system/status","status":200,"latency":"205.5089ms","ip":"192.168.137.140","trace_id":"9dae5573c3320880a152a845"}
{"time":"2026-08-23T00:39:27.3089818+08:00","level":"INFO","msg":"HTTP 访问","method":"GET","path":"/api/system/status","status":200,"latency":"226.7321ms","ip":"::1","trace_id":"965221edf19e911050ba3a18"}
{"time":"2026-08-23T00:39:30.3817122+08:00","level":"INFO","msg":"HTTP 访问","method":"GET","path":"/api/system/status","status":200,"latency":"206.6351ms","ip":"192.168.137.140","trace_id":"c084e65e687cd6b6bef80599"}
{"time":"2026-08-23T00:39:32.2958668+08:00","level":"INFO","msg":"HTTP 访问","method":"GET","path":"/api/system/status","status":200,"latency":"211.0263ms","ip":"::1","trace_id":"848ea6b59bc9b68793f98ab2"}
{"time":"2026-08-23T00:39:35.3839834+08:00","level":"INFO","msg":"HTTP 访问","method":"GET","path":"/api/system/status","status":200,"latency":"210.6446ms","ip":"192.168.137.140","trace_id":"e69fe4ce31279ee9c2a3b7ea"}
{"time":"2026-08-23T00:39:37.3034971+08:00","level":"INFO","msg":"HTTP 访问","method":"GET","path":"/api/system/status","status":200,"latency":"217.1902ms","ip":"::1","trace_id":"fa32741de7e2659b88c3a580"}
{"time":"2026-08-23T00:39:40.3852586+08:00","level":"INFO","msg":"HTTP 访问","method":"GET","path":"/api/system/status","status":200,"latency":"213.913ms","ip":"192.168.137.140","trace_id":"134c8dd8fdd1eb171f2ebddc"}
{"time":"2026-08-23T00:39:42.2967572+08:00","level":"INFO","msg":"HTTP 访问","method":"GET","path":"/api/system/status","status":200,"latency":"208.3806ms","ip":"::1","trace_id":"c88cdc13c80502dc3bf1bda3"}
{"time":"2026-08-23T00:39:45.3895641+08:00","level":"INFO","msg":"HTTP 访问","method":"GET","path":"/api/system/status","status":200,"latency":"213.1376ms","ip":"192.168.137.140","trace_id":"23b87347c394687c3552b250"}
{"time":"2026-08-23T00:39:47.2945959+08:00","level":"INFO","msg":"HTTP 访问","method":"GET","path":"/api/system/status","status":200,"latency":"205.3882ms","ip":"::1","trace_id":"c0d6c941ff865d472e4fa6c4"}
{"time":"2026-08-23T00:39:50.3873322+08:00","level":"INFO","msg":"HTTP 访问","method":"GET","path":"/api/system/status","status":200,"latency":"203.5597ms","ip":"192.168.137.140","trace_id":"cf6a979ecba9175dc2265b55"}
{"time":"2026-08-23T00:39:52.3044115+08:00","level":"INFO","msg":"HTTP 访问","method":"GET","path":"/api/system/status","status":200,"latency":"212.7469ms","ip":"::1","trace_id":"a3066651683994bb20a0f54f"}
{"time":"2026-08-23T00:39:55.384362+08:00","level":"INFO","msg":"HTTP 访问","method":"GET","path":"/api/system/status","status":200,"latency":"202.6362ms","ip":"192.168.137.140","trace_id":"cc66af9227d164a12f0082b2"}
{"time":"2026-08-23T00:39:57.3031097+08:00","level":"INFO","msg":"HTTP 访问","method":"GET","path":"/api/system/status","status":200,"latency":"210.9367ms","ip":"::1","trace_id":"262d5bef4ee6988f9a3b19ef"}
{"time":"2026-08-23T00:40:00.3975904+08:00","level":"INFO","msg":"HTTP 访问","method":"GET","path":"/api/system/status","status":200,"latency":"218.14ms","ip":"192.168.137.140","trace_id":"1b9d467ce94fe8bf87e70845"}
{"time":"2026-08-23T00:40:00.9605461+08:00","level":"INFO","msg":"HTTP 访问","method":"GET","path":"/api/system/status","status":200,"latency":"203.1894ms","ip":"192.168.137.140","trace_id":"063391e7544c5e78bbe37734"}
{"time":"2026-08-23T00:40:05.3826236+08:00","level":"INFO","msg":"HTTP 访问","method":"GET","path":"/api/system/status","status":200,"latency":"203.3411ms","ip":"192.168.137.140","trace_id":"6b2a9c40170b4af5f591a3ae"}
{"time":"2026-08-23T00:40:10.3871988+08:00","level":"INFO","msg":"HTTP 访问","method":"GET","path":"/api/system/status","status":200,"latency":"209.1584ms","ip":"192.168.137.140","trace_id":"2927bf41dc07bb016bbb108e"}
{"time":"2026-08-23T00:40:16.0435144+08:00","level":"INFO","msg":"HTTP 访问","method":"GET","path":"/api/system/status","status":200,"latency":"204.227ms","ip":"192.168.137.140","trace_id":"838306903cc2b0ce4178bf98"}
{"time":"2026-08-23T00:40:19.4705253+08:00","level":"INFO","msg":"HTTP 访问","method":"GET","path":"/ws","status":200,"latency":"2m19.0987217s","ip":"192.168.137.140","trace_id":"7c8dbb8d57b72b27dc64dd60"}
{"time":"2026-08-23T00:40:22.296596+08:00","level":"INFO","msg":"HTTP 访问","method":"GET","path":"/api/system/status","status":200,"latency":"208.5189ms","ip":"::1","trace_id":"233600af1dd610f132c6e18b"}
{"time":"2026-08-23T00:40:27.298602+08:00","level":"INFO","msg":"HTTP 访问","method":"GET","path":"/api/system/status","status":200,"latency":"207.8402ms","ip":"::1","trace_id":"37bbab7f879b0cd2186ad646"}
{"time":"2026-08-23T00:41:27.2910884+08:00","level":"INFO","msg":"HTTP 访问","method":"GET","path":"/api/system/status","status":200,"latency":"207.7598ms","ip":"::1","trace_id":"4f47d59b0b7c5b4c18feac11"}
{"time":"2026-08-23T00:41:27.5040445+08:00","level":"INFO","msg":"HTTP 访问","method":"GET","path":"/api/system/status","status":200,"latency":"211.0994ms","ip":"::1","trace_id":"3e5a774f31bac9262b355a3f"}
{"time":"2026-08-23T00:42:27.2996676+08:00","level":"INFO","msg":"HTTP 访问","method":"GET","path":"/api/system/status","status":200,"latency":"213.1169ms","ip":"::1","trace_id":"076c14a2b86ec7ec6b4005ae"}
{"time":"2026-08-23T00:42:27.5251533+08:00","level":"INFO","msg":"HTTP 访问","method":"GET","path":"/api/system/status","status":200,"latency":"217.1539ms","ip":"::1","trace_id":"5c983b50d18a3b10889846b9"}
{"time":"2026-08-23T00:42:33.9853091+08:00","level":"INFO","msg":"HTTP 访问","method":"GET","path":"/api/system/status","status":200,"latency":"205.6578ms","ip":"::1","trace_id":"899331830e6f8ba6e158f729"}
{"time":"2026-08-23T00:42:37.3004625+08:00","level":"INFO","msg":"HTTP 访问","method":"GET","path":"/api/system/status","status":200,"latency":"209.7119ms","ip":"::1","trace_id":"4f973022765f1cb21e5ccce5"}
{"time":"2026-08-23T00:42:42.29159+08:00","level":"INFO","msg":"HTTP 访问","method":"GET","path":"/api/system/status","status":200,"latency":"207.496ms","ip":"::1","trace_id":"84c7e5abdfd5fe8963c4b64a"}
{"time":"2026-08-23T00:42:47.2917692+08:00","level":"INFO","msg":"HTTP 访问","method":"GET","path":"/api/system/status","status":200,"latency":"203.2421ms","ip":"::1","trace_id":"b44878b55e0ee258887c40df"}
{"time":"2026-08-23T00:42:50.7315408+08:00","level":"INFO","msg":"HTTP 访问","method":"GET","path":"/api/system/status","status":200,"latency":"213.7333ms","ip":"192.168.137.140","trace_id":"fe73eff6d74e4f5fb8513205"}
{"time":"2026-08-23T00:42:50.9654485+08:00","level":"INFO","msg":"HTTP 访问","method":"GET","path":"/api/system/status","status":200,"latency":"213.3307ms","ip":"192.168.137.140","trace_id":"eebd299b32f7311a38745a80"}
{"time":"2026-08-23T00:42:52.292386+08:00","level":"INFO","msg":"HTTP 访问","method":"GET","path":"/api/system/status","status":200,"latency":"203.6894ms","ip":"::1","trace_id":"671ee4da0955e41db8af67e3"}
{"time":"2026-08-23T00:42:55.3860767+08:00","level":"INFO","msg":"HTTP 访问","method":"GET","path":"/api/system/status","status":200,"latency":"211.8633ms","ip":"192.168.137.140","trace_id":"fbefdfec6e6b05eaf5e68661"}
{"time":"2026-08-23T00:42:57.2909247+08:00","level":"INFO","msg":"HTTP 访问","method":"GET","path":"/api/system/status","status":200,"latency":"204.0554ms","ip":"::1","trace_id":"c9a6eba6450bccc8fd1260e4"}
{"time":"2026-08-23T00:43:00.2371648+08:00","level":"INFO","msg":"HTTP 访问","method":"GET","path":"/","status":304,"latency":"0s","ip":"192.168.137.140","trace_id":"e008bb6d5e8a5234be977445"}
{"time":"2026-08-23T00:43:00.2829637+08:00","level":"INFO","msg":"HTTP 访问","method":"GET","path":"/api/auth/me","status":200,"latency":"0s","ip":"192.168.137.140","trace_id":"40bae6dfc0dd1157b068c4e8"}
{"time":"2026-08-23T00:43:00.3120883+08:00","level":"INFO","msg":"HTTP 访问","method":"GET","path":"/favicon.ico","status":304,"latency":"0s","ip":"192.168.137.140","trace_id":"6f3e9975bc66a700c6fdd2f5"}
{"time":"2026-08-23T00:43:00.3714377+08:00","level":"INFO","msg":"HTTP 访问","method":"GET","path":"/api/system/status","status":200,"latency":"205.7481ms","ip":"192.168.137.140","trace_id":"66c2dca5aff03fa195640eb6"}
{"time":"2026-08-23T00:43:00.4568693+08:00","level":"INFO","msg":"HTTP 访问","method":"GET","path":"/api/system/status","status":200,"latency":"202.8275ms","ip":"192.168.137.140","trace_id":"5f671a91155c011640073ae0"}
{"time":"2026-08-23T00:43:00.5284015+08:00","level":"INFO","msg":"HTTP 访问","method":"GET","path":"/api/system/status","status":200,"latency":"203.4228ms","ip":"192.168.137.140","trace_id":"174707313874ceec346cff9a"}
{"time":"2026-08-23T00:43:00.7368167+08:00","level":"INFO","msg":"HTTP 访问","method":"GET","path":"/api/system/status","status":200,"latency":"203.2161ms","ip":"192.168.137.140","trace_id":"db45d463ba5b530660a64209"}
{"time":"2026-08-23T00:43:02.3057172+08:00","level":"INFO","msg":"HTTP 访问","method":"GET","path":"/api/system/status","status":200,"latency":"220.0786ms","ip":"::1","trace_id":"113411c38a954106975193b4"}
{"time":"2026-08-23T00:43:05.356947+08:00","level":"INFO","msg":"HTTP 访问","method":"GET","path":"/api/system/status","status":200,"latency":"209.513ms","ip":"::1","trace_id":"614e75c79110510f25a748eb"}
{"time":"2026-08-23T00:43:05.5638487+08:00","level":"INFO","msg":"HTTP 访问","method":"GET","path":"/api/system/status","status":200,"latency":"206.1271ms","ip":"::1","trace_id":"f950b4229567eb442e5a6320"}
{"time":"2026-08-23T00:43:05.5872569+08:00","level":"INFO","msg":"HTTP 访问","method":"GET","path":"/api/system/status","status":200,"latency":"207.0191ms","ip":"192.168.137.140","trace_id":"b902fd55362f6ab682c6ba6b"}
{"time":"2026-08-23T00:43:07.2940795+08:00","level":"INFO","msg":"HTTP 访问","method":"GET","path":"/api/system/status","status":200,"latency":"207.4099ms","ip":"::1","trace_id":"8f9eeb4477f14feae5f2d48a"}
{"time":"2026-08-23T00:43:07.6095719+08:00","level":"INFO","msg":"HTTP 访问","method":"GET","path":"/","status":200,"latency":"1.5096ms","ip":"::1","trace_id":"826e8639d141b2d846a5fce2"}
{"time":"2026-08-23T00:43:07.6370396+08:00","level":"INFO","msg":"HTTP 访问","method":"GET","path":"/api/auth/me","status":200,"latency":"0s","ip":"::1","trace_id":"77824f59e1dd9dab088f6c43"}
{"time":"2026-08-23T00:43:07.6655039+08:00","level":"INFO","msg":"HTTP 访问","method":"GET","path":"/api/admin/settings","status":200,"latency":"0s","ip":"::1","trace_id":"0dba75cc4b6b87a677b9f9c1"}
{"time":"2026-08-23T00:43:07.6676729+08:00","level":"INFO","msg":"HTTP 访问","method":"GET","path":"/favicon.ico","status":200,"latency":"1.153ms","ip":"::1","trace_id":"cf91ab3fe97162a778ebe28c"}
{"time":"2026-08-23T00:43:07.8767293+08:00","level":"INFO","msg":"HTTP 访问","method":"GET","path":"/api/system/status","status":200,"latency":"207.5433ms","ip":"::1","trace_id":"a9815cdfa524428af11dc81f"}
{"time":"2026-08-23T00:43:08.0886279+08:00","level":"INFO","msg":"HTTP 访问","method":"GET","path":"/api/system/status","status":200,"latency":"206.1536ms","ip":"::1","trace_id":"8368e0ebc38c4774e4889555"}
{"time":"2026-08-23T00:43:10.5446814+08:00","level":"INFO","msg":"HTTP 访问","method":"GET","path":"/api/system/status","status":200,"latency":"206.9207ms","ip":"192.168.137.140","trace_id":"72f8d6020a12433fb545f09b"}
{"time":"2026-08-23T00:43:10.573987+08:00","level":"INFO","msg":"HTTP 访问","method":"GET","path":"/api/admin/settings","status":200,"latency":"0s","ip":"::1","trace_id":"a6012e2943f81bae0b7cfbf3"}
{"time":"2026-08-23T00:43:10.573987+08:00","level":"INFO","msg":"HTTP 访问","method":"GET","path":"/api/admin/users","status":200,"latency":"0s","ip":"::1","trace_id":"eb2ce58829137abb7c422c68"}
{"time":"2026-08-23T00:43:10.5754952+08:00","level":"INFO","msg":"HTTP 访问","method":"GET","path":"/api/plugins","status":200,"latency":"0s","ip":"::1","trace_id":"7ccfa0b55fb42ffe9abfe6ec"}
{"time":"2026-08-23T00:43:12.2897465+08:00","level":"INFO","msg":"HTTP 访问","method":"GET","path":"/api/system/status","status":200,"latency":"205.5258ms","ip":"::1","trace_id":"e95b6f201d37468920debcb5"}
{"time":"2026-08-23T00:43:12.8947775+08:00","level":"INFO","msg":"HTTP 访问","method":"GET","path":"/api/system/status","status":200,"latency":"224.6737ms","ip":"::1","trace_id":"ad852eeabfac6228aabd151a"}
{"time":"2026-08-23T00:43:15.558171+08:00","level":"INFO","msg":"HTTP 访问","method":"GET","path":"/api/system/status","status":200,"latency":"215.5041ms","ip":"192.168.137.140","trace_id":"dc3bc1bfde5f2898dec7f4f9"}
{"time":"2026-08-23T00:43:17.2918422+08:00","level":"INFO","msg":"HTTP 访问","method":"GET","path":"/api/system/status","status":200,"latency":"206.9298ms","ip":"::1","trace_id":"df2a6a003eb859df31d43b57"}
{"time":"2026-08-23T00:43:17.8751376+08:00","level":"INFO","msg":"HTTP 访问","method":"GET","path":"/api/system/status","status":200,"latency":"202.8511ms","ip":"::1","trace_id":"2370c5f502d2e27755770fbc"}
{"time":"2026-08-23T00:43:18.6418024+08:00","level":"INFO","msg":"HTTP 访问","method":"GET","path":"/api/admin/users","status":200,"latency":"0s","ip":"::1","trace_id":"d05f156528272213c5318d3c"}
{"time":"2026-08-23T00:43:20.5489594+08:00","level":"INFO","msg":"HTTP 访问","method":"GET","path":"/api/system/status","status":200,"latency":"203.2032ms","ip":"192.168.137.140","trace_id":"f9f6f5686816837f70aa5727"}
{"time":"2026-08-23T00:43:21.6596609+08:00","level":"INFO","msg":"HTTP 访问","method":"GET","path":"/api/files","status":200,"latency":"40.6888ms","ip":"::1","trace_id":"c1f9450006f08acace9867fa"}
{"time":"2026-08-23T00:43:22.296025+08:00","level":"INFO","msg":"HTTP 访问","method":"GET","path":"/api/system/status","status":200,"latency":"205.7941ms","ip":"::1","trace_id":"6beab7401913f862d25b045b"}
{"time":"2026-08-23T00:43:22.5131777+08:00","level":"INFO","msg":"HTTP 访问","method":"GET","path":"/api/system/status","status":200,"latency":"216.1324ms","ip":"::1","trace_id":"1915fb11261a2601dcb42369"}
{"time":"2026-08-23T00:43:22.8818124+08:00","level":"INFO","msg":"HTTP 访问","method":"GET","path":"/api/system/status","status":200,"latency":"207.7356ms","ip":"::1","trace_id":"ed43897d121f9c96d51ae30b"}
{"time":"2026-08-23T00:43:25.5820259+08:00","level":"INFO","msg":"HTTP 访问","method":"GET","path":"/api/system/status","status":200,"latency":"218.7758ms","ip":"192.168.137.140","trace_id":"8321ae023c76e3af696ccd6e"}
{"time":"2026-08-23T00:43:27.2959745+08:00","level":"INFO","msg":"HTTP 访问","method":"GET","path":"/api/system/status","status":200,"latency":"205.6302ms","ip":"::1","trace_id":"a0ed663523cc5887c041b4cc"}
{"time":"2026-08-23T00:43:27.908592+08:00","level":"INFO","msg":"HTTP 访问","method":"GET","path":"/api/system/status","status":200,"latency":"208.3985ms","ip":"::1","trace_id":"2a8caf6d865e3feb2ad70eee"}
{"time":"2026-08-23T00:43:28.1904949+08:00","level":"INFO","msg":"HTTP 访问","method":"GET","path":"/api/files","status":200,"latency":"2.0888ms","ip":"::1","trace_id":"19264c35b4a0227ba699a0af"}
{"time":"2026-08-23T00:43:30.5646686+08:00","level":"INFO","msg":"HTTP 访问","method":"GET","path":"/api/system/status","status":200,"latency":"221.3847ms","ip":"192.168.137.140","trace_id":"aaf7f9eba4e761803894cae4"}
{"time":"2026-08-23T00:43:32.2341732+08:00","level":"INFO","msg":"HTTP 访问","method":"GET","path":"/api/admin/users","status":200,"latency":"0s","ip":"::1","trace_id":"1c2bfdbe36a524d5cdb0ca55"}
{"time":"2026-08-23T00:43:32.2870376+08:00","level":"INFO","msg":"HTTP 访问","method":"GET","path":"/api/system/status","status":200,"latency":"206.679ms","ip":"::1","trace_id":"c777a7b07fda7f7e9b530c78"}
{"time":"2026-08-23T00:43:32.8781257+08:00","level":"INFO","msg":"HTTP 访问","method":"GET","path":"/api/system/status","status":200,"latency":"205.421ms","ip":"::1","trace_id":"a3ff38f0252ac6c22fda67d7"}
{"time":"2026-08-23T00:43:35.5994577+08:00","level":"INFO","msg":"HTTP 访问","method":"GET","path":"/api/system/status","status":200,"latency":"233.7074ms","ip":"192.168.137.140","trace_id":"e185d7f6bcab5c3bddeeb65f"}
{"time":"2026-08-23T00:43:37.8742681+08:00","level":"INFO","msg":"HTTP 访问","method":"GET","path":"/api/system/status","status":200,"latency":"203.1489ms","ip":"::1","trace_id":"0c6772349911b535902168c2"}
{"time":"2026-08-23T00:43:38.9612504+08:00","level":"INFO","msg":"HTTP 访问","method":"GET","path":"/api/admin/users","status":200,"latency":"0s","ip":"::1","trace_id":"1a50faf465429671512706e5"}
{"time":"2026-08-23T00:43:40.5483904+08:00","level":"INFO","msg":"HTTP 访问","method":"GET","path":"/api/system/status","status":200,"latency":"205.2024ms","ip":"192.168.137.140","trace_id":"b544f56e1999ead51e0073da"}
{"time":"2026-08-23T00:43:42.8905604+08:00","level":"INFO","msg":"HTTP 访问","method":"GET","path":"/api/system/status","status":200,"latency":"219.259ms","ip":"::1","trace_id":"e1c79379085a40485ea05db1"}
{"time":"2026-08-23T00:43:43.0141205+08:00","level":"INFO","msg":"HTTP 访问","method":"GET","path":"/api/files","status":200,"latency":"45.4877ms","ip":"::1","trace_id":"32508a611826c69589f79833"}
{"time":"2026-08-23T00:43:45.5459518+08:00","level":"INFO","msg":"HTTP 访问","method":"GET","path":"/api/system/status","status":200,"latency":"204.1033ms","ip":"192.168.137.140","trace_id":"e8cb7f3bd1c4344033fa7312"}
{"time":"2026-08-23T00:43:47.8995287+08:00","level":"INFO","msg":"HTTP 访问","method":"GET","path":"/api/system/status","status":200,"latency":"208.285ms","ip":"::1","trace_id":"737c8efba879319d8c585ce0"}
{"time":"2026-08-23T00:43:50.5559969+08:00","level":"INFO","msg":"HTTP 访问","method":"GET","path":"/api/system/status","status":200,"latency":"213.1409ms","ip":"192.168.137.140","trace_id":"bebb91284690f88cb6597746"}
{"time":"2026-08-23T00:43:52.8863956+08:00","level":"INFO","msg":"HTTP 访问","method":"GET","path":"/api/system/status","status":200,"latency":"204.5353ms","ip":"::1","trace_id":"6a58fc0135821a9511e2057d"}
{"time":"2026-08-23T00:43:55.564882+08:00","level":"INFO","msg":"HTTP 访问","method":"GET","path":"/api/system/status","status":200,"latency":"208.7383ms","ip":"192.168.137.140","trace_id":"eba3be0c4a5dc1a97e63170d"}
{"time":"2026-08-23T00:43:57.8768815+08:00","level":"INFO","msg":"HTTP 访问","method":"GET","path":"/api/system/status","status":200,"latency":"205.4973ms","ip":"::1","trace_id":"5452b7a22e775815a1a0c016"}
{"time":"2026-08-23T00:44:00.557404+08:00","level":"INFO","msg":"HTTP 访问","method":"GET","path":"/api/system/status","status":200,"latency":"218.0921ms","ip":"192.168.137.140","trace_id":"b099f161441615523e6025ee"}
{"time":"2026-08-23T00:44:00.8234794+08:00","level":"INFO","msg":"HTTP 访问","method":"GET","path":"/api/system/status","status":200,"latency":"232.6143ms","ip":"192.168.137.140","trace_id":"20e824e73c2a51a58a8240df"}
{"time":"2026-08-23T00:44:02.8823587+08:00","level":"INFO","msg":"HTTP 访问","method":"GET","path":"/api/system/status","status":200,"latency":"203.6247ms","ip":"::1","trace_id":"16822781a2d27fbbd9115fc8"}
{"time":"2026-08-23T00:44:05.5623919+08:00","level":"INFO","msg":"HTTP 访问","method":"GET","path":"/api/system/status","status":200,"latency":"205.99ms","ip":"192.168.137.140","trace_id":"a6fda1ca1b5e6835834a3e3a"}
{"time":"2026-08-23T00:44:07.8735958+08:00","level":"INFO","msg":"HTTP 访问","method":"GET","path":"/api/system/status","status":200,"latency":"203.04ms","ip":"::1","trace_id":"8681231fc39fe143c474717f"}
{"time":"2026-08-23T00:44:08.0783208+08:00","level":"INFO","msg":"HTTP 访问","method":"GET","path":"/api/system/status","status":200,"latency":"203.938ms","ip":"::1","trace_id":"d447a791297567a1ec04fece"}
{"time":"2026-08-23T00:44:10.5793155+08:00","level":"INFO","msg":"HTTP 访问","method":"GET","path":"/api/system/status","status":200,"latency":"229.9702ms","ip":"192.168.137.140","trace_id":"1b14006ddfe1f200db5955ac"}
{"time":"2026-08-23T00:44:13.2939037+08:00","level":"INFO","msg":"HTTP 访问","method":"GET","path":"/api/system/status","status":200,"latency":"208.0068ms","ip":"::1","trace_id":"17d28b194bfa75d112d89cc2"}
{"time":"2026-08-23T00:44:15.5793537+08:00","level":"INFO","msg":"HTTP 访问","method":"GET","path":"/api/system/status","status":200,"latency":"206.7562ms","ip":"192.168.137.140","trace_id":"a26f07d4712ae6d391c8a3a2"}
{"time":"2026-08-23T00:44:18.299044+08:00","level":"INFO","msg":"HTTP 访问","method":"GET","path":"/api/system/status","status":200,"latency":"212.3339ms","ip":"::1","trace_id":"4dc2f330f6512b6cdc2ccef6"}
{"time":"2026-08-23T00:44:20.5792522+08:00","level":"INFO","msg":"HTTP 访问","method":"GET","path":"/api/system/status","status":200,"latency":"212.9858ms","ip":"192.168.137.140","trace_id":"baef4076e4d021811df30555"}
{"time":"2026-08-23T00:44:23.3023832+08:00","level":"INFO","msg":"HTTP 访问","method":"GET","path":"/api/system/status","status":200,"latency":"209.5155ms","ip":"::1","trace_id":"5534d87a586748724180763b"}
{"time":"2026-08-23T00:44:25.55966+08:00","level":"INFO","msg":"HTTP 访问","method":"GET","path":"/api/system/status","status":200,"latency":"203.1303ms","ip":"192.168.137.140","trace_id":"ea45e749315d01082e269d69"}
{"time":"2026-08-23T00:44:27.3283708+08:00","level":"INFO","msg":"HTTP 访问","method":"GET","path":"/api/system/status","status":200,"latency":"232.6195ms","ip":"::1","trace_id":"eb0482ebd06e9cf3714052a4"}
{"time":"2026-08-23T00:44:27.5796494+08:00","level":"INFO","msg":"HTTP 访问","method":"GET","path":"/api/system/status","status":200,"latency":"217.6778ms","ip":"::1","trace_id":"b39285c6b58a5dd6d7b709ce"}
{"time":"2026-08-23T00:44:28.2959656+08:00","level":"INFO","msg":"HTTP 访问","method":"GET","path":"/api/system/status","status":200,"latency":"206.1004ms","ip":"::1","trace_id":"80cbf47b6b25c2d29ea57ef3"}
{"time":"2026-08-23T00:44:31.0418541+08:00","level":"INFO","msg":"HTTP 访问","method":"GET","path":"/api/system/status","status":200,"latency":"206.0469ms","ip":"192.168.137.140","trace_id":"02bc9bbbcf435fcd02532a1b"}
{"time":"2026-08-23T00:44:31.4551865+08:00","level":"INFO","msg":"HTTP 访问","method":"GET","path":"/ws","status":200,"latency":"1m31.1302078s","ip":"192.168.137.140","trace_id":"8a4695ed9b25d6c4475c4a45"}
{"time":"2026-08-23T00:44:33.2956343+08:00","level":"INFO","msg":"HTTP 访问","method":"GET","path":"/api/system/status","status":200,"latency":"205.3618ms","ip":"::1","trace_id":"913fd6480a61eabd366b4b87"}
{"time":"2026-08-23T00:44:38.2999115+08:00","level":"INFO","msg":"HTTP 访问","method":"GET","path":"/api/system/status","status":200,"latency":"212.4187ms","ip":"::1","trace_id":"65abdc670d1e6af1edac17b1"}
{"time":"2026-08-23T00:44:43.2981013+08:00","level":"INFO","msg":"HTTP 访问","method":"GET","path":"/api/system/status","status":200,"latency":"211.4153ms","ip":"::1","trace_id":"520abb703012c32e574bd15a"}
{"time":"2026-08-23T00:44:48.2919062+08:00","level":"INFO","msg":"HTTP 访问","method":"GET","path":"/api/system/status","status":200,"latency":"205.6863ms","ip":"::1","trace_id":"76d9d427d96506f50bf76177"}
{"time":"2026-08-23T00:44:53.3104449+08:00","level":"INFO","msg":"HTTP 访问","method":"GET","path":"/api/system/status","status":200,"latency":"207.6858ms","ip":"::1","trace_id":"9a66fb4dbc94f4d84802ad98"}
{"time":"2026-08-23T00:44:58.3030808+08:00","level":"INFO","msg":"HTTP 访问","method":"GET","path":"/api/system/status","status":200,"latency":"210.9604ms","ip":"::1","trace_id":"f6b6fa1b0b28c89cb2f6a3b4"}
{"time":"2026-08-23T00:45:03.3002174+08:00","level":"INFO","msg":"HTTP 访问","method":"GET","path":"/api/system/status","status":200,"latency":"216.6541ms","ip":"::1","trace_id":"91021fa3bf85e98969a80136"}
{"time":"2026-08-23T00:45:08.2963304+08:00","level":"INFO","msg":"HTTP 访问","method":"GET","path":"/api/system/status","status":200,"latency":"206.3281ms","ip":"::1","trace_id":"c43ea0184fccfe1da49a12c9"}
{"time":"2026-08-23T00:45:08.5004716+08:00","level":"INFO","msg":"HTTP 访问","method":"GET","path":"/api/system/status","status":200,"latency":"203.1317ms","ip":"::1","trace_id":"0446973af941f741bfcf91d7"}
{"time":"2026-08-23T00:45:27.2951011+08:00","level":"INFO","msg":"HTTP 访问","method":"GET","path":"/api/system/status","status":200,"latency":"204.4042ms","ip":"::1","trace_id":"9c27fe02753b3c9a3da04e35"}
{"time":"2026-08-23T00:45:27.2951011+08:00","level":"INFO","msg":"HTTP 访问","method":"GET","path":"/api/system/status","status":200,"latency":"206.7579ms","ip":"::1","trace_id":"69fcd1d52911dae5137244ae"}
{"time":"2026-08-23T00:45:27.5058504+08:00","level":"INFO","msg":"HTTP 访问","method":"GET","path":"/api/system/status","status":200,"latency":"209.7162ms","ip":"::1","trace_id":"571b4083b9d074b07b59a3f8"}
{"time":"2026-08-23T00:45:52.7349755+08:00","level":"INFO","msg":"HTTP 访问","method":"GET","path":"/api/system/status","status":200,"latency":"219.5934ms","ip":"192.168.137.140","trace_id":"16cfba4794b07ccc2a2117b4"}
{"time":"2026-08-23T00:45:52.9676459+08:00","level":"INFO","msg":"HTTP 访问","method":"GET","path":"/api/system/status","status":200,"latency":"216.0416ms","ip":"192.168.137.140","trace_id":"4422b824543bb747150cb322"}
{"time":"2026-08-23T00:45:53.5034392+08:00","level":"INFO","msg":"HTTP 访问","method":"GET","path":"/api/files","status":200,"latency":"75.6056ms","ip":"192.168.137.140","trace_id":"99648097c77895eb01863fa7"}
{"time":"2026-08-23T00:45:53.5448933+08:00","level":"INFO","msg":"HTTP 访问","method":"GET","path":"/api/storage/stats","status":200,"latency":"22.7157ms","ip":"192.168.137.140","trace_id":"1b6feeb6966233d02047351f"}
{"time":"2026-08-23T00:45:55.176353+08:00","level":"INFO","msg":"HTTP 访问","method":"GET","path":"/api/files","status":200,"latency":"1.0101ms","ip":"192.168.137.140","trace_id":"909f29c79d1b128a95acafad"}
{"time":"2026-08-23T00:45:55.2383591+08:00","level":"INFO","msg":"HTTP 访问","method":"GET","path":"/api/storage/stats","status":200,"latency":"37.7886ms","ip":"192.168.137.140","trace_id":"afef2ebbfd4bd1aa1c3b2777"}
{"time":"2026-08-23T00:45:55.5218405+08:00","level":"INFO","msg":"HTTP 访问","method":"GET","path":"/api/system/status","status":200,"latency":"204.1556ms","ip":"192.168.137.140","trace_id":"f5831f7c8118dee8c9612653"}
{"time":"2026-08-23T00:46:00.5416813+08:00","level":"INFO","msg":"HTTP 访问","method":"GET","path":"/api/system/status","status":200,"latency":"202.8545ms","ip":"192.168.137.140","trace_id":"05dc907e373d1e1b340ebc34"}
{"time":"2026-08-23T00:46:00.8148088+08:00","level":"INFO","msg":"HTTP 访问","method":"GET","path":"/api/system/status","status":200,"latency":"202.753ms","ip":"192.168.137.140","trace_id":"922b24cca5237b1c872754d3"}
{"time":"2026-08-23T00:46:03.6927691+08:00","level":"INFO","msg":"HTTP 访问","method":"GET","path":"/api/system/status","status":200,"latency":"207.3025ms","ip":"::1","trace_id":"1cd125c7bc3f2f7b05b94864"}
{"time":"2026-08-23T00:46:05.555389+08:00","level":"INFO","msg":"HTTP 访问","method":"GET","path":"/api/system/status","status":200,"latency":"214.6551ms","ip":"192.168.137.140","trace_id":"a6893bef014c1071e743216d"}
{"time":"2026-08-23T00:46:07.8770754+08:00","level":"INFO","msg":"HTTP 访问","method":"GET","path":"/api/system/status","status":200,"latency":"206.0907ms","ip":"::1","trace_id":"c84674f5dd2f266510ef5a98"}
{"time":"2026-08-23T00:46:08.0901679+08:00","level":"INFO","msg":"HTTP 访问","method":"GET","path":"/api/system/status","status":200,"latency":"212.5801ms","ip":"::1","trace_id":"341d1835117fd8f05641b29c"}
{"time":"2026-08-23T00:46:10.5727418+08:00","level":"INFO","msg":"HTTP 访问","method":"GET","path":"/api/system/status","status":200,"latency":"208.5311ms","ip":"192.168.137.140","trace_id":"ada9286f021e675b3a9b022c"}
{"time":"2026-08-23T00:46:12.8848434+08:00","level":"INFO","msg":"HTTP 访问","method":"GET","path":"/api/system/status","status":200,"latency":"204.8624ms","ip":"::1","trace_id":"2904d51e3ea4cb32c3a167e2"}
{"time":"2026-08-23T00:46:15.5590353+08:00","level":"INFO","msg":"HTTP 访问","method":"GET","path":"/api/system/status","status":200,"latency":"202.9488ms","ip":"192.168.137.140","trace_id":"a91bd78f0f45f8a8eebbe5c0"}
{"time":"2026-08-23T00:46:17.8767163+08:00","level":"INFO","msg":"HTTP 访问","method":"GET","path":"/api/system/status","status":200,"latency":"204.679ms","ip":"::1","trace_id":"3e778bee6d391319446b49d1"}
{"time":"2026-08-23T00:46:18.0433777+08:00","level":"INFO","msg":"HTTP 访问","method":"PUT","path":"/api/admin/users/2/permissions","status":200,"latency":"1.1509ms","ip":"::1","trace_id":"9203596e8dcc6415daf77e23"}
{"time":"2026-08-23T00:46:18.043939+08:00","level":"INFO","msg":"HTTP 访问","method":"GET","path":"/api/admin/users","status":200,"latency":"0s","ip":"::1","trace_id":"0091fa9ca403190cc7d5ecdc"}
{"time":"2026-08-23T00:46:20.5471764+08:00","level":"INFO","msg":"HTTP 访问","method":"GET","path":"/api/system/status","status":200,"latency":"203.0547ms","ip":"192.168.137.140","trace_id":"4c9e4d78871ae9f248910488"}
{"time":"2026-08-23T00:46:20.5652684+08:00","level":"INFO","msg":"HTTP 访问","method":"GET","path":"/","status":304,"latency":"0s","ip":"192.168.137.140","trace_id":"26a42b377ab9b8bf2d9c7e17"}
{"time":"2026-08-23T00:46:20.707218+08:00","level":"INFO","msg":"HTTP 访问","method":"GET","path":"/api/auth/me","status":200,"latency":"0s","ip":"192.168.137.140","trace_id":"b4805ddfdf088fc56cc189f5"}
{"time":"2026-08-23T00:46:21.4008865+08:00","level":"INFO","msg":"HTTP 访问","method":"GET","path":"/api/system/status","status":200,"latency":"224.7703ms","ip":"192.168.137.140","trace_id":"893c54eca9b71f67ac84386e"}
{"time":"2026-08-23T00:46:21.6814634+08:00","level":"INFO","msg":"HTTP 访问","method":"GET","path":"/api/system/status","status":200,"latency":"211.8537ms","ip":"192.168.137.140","trace_id":"da7f6f81e75730a6f322ad11"}
{"time":"2026-08-23T00:46:22.8482558+08:00","level":"INFO","msg":"HTTP 访问","method":"GET","path":"/api/files","status":200,"latency":"63.9506ms","ip":"192.168.137.140","trace_id":"cd2faa94945e4960f23c9d92"}
{"time":"2026-08-23T00:46:22.88245+08:00","level":"INFO","msg":"HTTP 访问","method":"GET","path":"/api/system/status","status":200,"latency":"207.1284ms","ip":"::1","trace_id":"bf29a4c4499e443ca5f3b8c7"}
{"time":"2026-08-23T00:46:22.9801033+08:00","level":"INFO","msg":"HTTP 访问","method":"GET","path":"/api/storage/stats","status":200,"latency":"32.2088ms","ip":"192.168.137.140","trace_id":"7a0aa6bcddf184d281cd8e97"}
{"time":"2026-08-23T00:46:25.5675847+08:00","level":"INFO","msg":"HTTP 访问","method":"GET","path":"/api/files","status":200,"latency":"1.0068ms","ip":"192.168.137.140","trace_id":"bd6f2903fda93813ad238280"}
{"time":"2026-08-23T00:46:25.7009291+08:00","level":"INFO","msg":"HTTP 访问","method":"GET","path":"/api/storage/stats","status":200,"latency":"28.0105ms","ip":"192.168.137.140","trace_id":"8ca965d15d8dd9a677724805"}
{"time":"2026-08-23T00:46:26.3860524+08:00","level":"INFO","msg":"HTTP 访问","method":"GET","path":"/api/system/status","status":200,"latency":"205.207ms","ip":"192.168.137.140","trace_id":"fe7094bc3f9a01b7f790422c"}
{"time":"2026-08-23T00:46:27.2960908+08:00","level":"INFO","msg":"HTTP 访问","method":"GET","path":"/api/system/status","status":200,"latency":"206.0151ms","ip":"::1","trace_id":"8c10238d31e5133098f55048"}
{"time":"2026-08-23T00:46:27.5091762+08:00","level":"INFO","msg":"HTTP 访问","method":"GET","path":"/api/system/status","status":200,"latency":"211.9191ms","ip":"::1","trace_id":"24725959d211a22f23b80134"}
{"time":"2026-08-23T00:46:27.9539352+08:00","level":"INFO","msg":"HTTP 访问","method":"GET","path":"/api/system/status","status":200,"latency":"275.1819ms","ip":"::1","trace_id":"50045516977c361d859c366a"}
{"time":"2026-08-23T00:46:31.4049169+08:00","level":"INFO","msg":"HTTP 访问","method":"GET","path":"/api/system/status","status":200,"latency":"203.1881ms","ip":"192.168.137.140","trace_id":"d602d10ea60ef7c4f9f5fde0"}
{"time":"2026-08-23T00:46:32.888981+08:00","level":"INFO","msg":"HTTP 访问","method":"GET","path":"/api/system/status","status":200,"latency":"205.1683ms","ip":"::1","trace_id":"a9a9ed1f483ed6d2e3b2b64c"}
{"time":"2026-08-23T00:46:35.2871513+08:00","level":"INFO","msg":"HTTP 访问","method":"GET","path":"/api/files/trash","status":200,"latency":"0s","ip":"::1","trace_id":"906c4d68c6f4c033afc341dd"}
{"time":"2026-08-23T00:46:36.0439942+08:00","level":"INFO","msg":"HTTP 访问","method":"GET","path":"/api/files","status":200,"latency":"129.9822ms","ip":"::1","trace_id":"9d3ac761bb5a5f263764ebae"}
{"time":"2026-08-23T00:46:36.1026886+08:00","level":"INFO","msg":"HTTP 访问","method":"GET","path":"/api/storage/stats","status":200,"latency":"52.9268ms","ip":"::1","trace_id":"9e1b688af847e9ce834c9347"}
{"time":"2026-08-23T00:46:36.3866845+08:00","level":"INFO","msg":"HTTP 访问","method":"GET","path":"/api/system/status","status":200,"latency":"206.354ms","ip":"192.168.137.140","trace_id":"e0391d71ea77f5f4a6679bcd"}
{"time":"2026-08-23T00:46:38.2967489+08:00","level":"INFO","msg":"HTTP 访问","method":"GET","path":"/api/system/status","status":200,"latency":"203.7124ms","ip":"::1","trace_id":"d63b71891e9f65fe549fb0d6"}
{"time":"2026-08-23T00:46:41.4063876+08:00","level":"INFO","msg":"HTTP 访问","method":"GET","path":"/api/system/status","status":200,"latency":"222.3634ms","ip":"192.168.137.140","trace_id":"4ab977f5194f8c0e3d5e019f"}
{"time":"2026-08-23T00:46:43.2935898+08:00","level":"INFO","msg":"HTTP 访问","method":"GET","path":"/api/system/status","status":200,"latency":"206.0705ms","ip":"::1","trace_id":"f25d0f1bf8ae590cd6f6cd7d"}
{"time":"2026-08-23T00:46:46.3817701+08:00","level":"INFO","msg":"HTTP 访问","method":"GET","path":"/api/system/status","status":200,"latency":"203.2612ms","ip":"192.168.137.140","trace_id":"16418d7d6051dc472ae5f575"}
{"time":"2026-08-23T00:46:48.2999492+08:00","level":"INFO","msg":"HTTP 访问","method":"GET","path":"/api/system/status","status":200,"latency":"214.0201ms","ip":"::1","trace_id":"bb9eb05a9248d484a5b77582"}
{"time":"2026-08-23T00:46:51.3744399+08:00","level":"INFO","msg":"HTTP 访问","method":"GET","path":"/api/system/status","status":200,"latency":"207.336ms","ip":"192.168.137.140","trace_id":"33d03d92666c266d59eb271b"}
{"time":"2026-08-23T00:46:53.3132741+08:00","level":"INFO","msg":"HTTP 访问","method":"GET","path":"/api/system/status","status":200,"latency":"219.5683ms","ip":"::1","trace_id":"6d91185fbdde1339e3e71ab2"}
{"time":"2026-08-23T00:46:56.3844346+08:00","level":"INFO","msg":"HTTP 访问","method":"GET","path":"/api/system/status","status":200,"latency":"204.5348ms","ip":"192.168.137.140","trace_id":"e6ca4ff7cd1a4acec7652360"}
{"time":"2026-08-23T00:46:58.2825218+08:00","level":"INFO","msg":"HTTP 访问","method":"GET","path":"/api/system/status","status":200,"latency":"203.245ms","ip":"::1","trace_id":"41bdbef60b7b40fa1df4e61a"}
{"time":"2026-08-23T00:47:01.3864415+08:00","level":"INFO","msg":"HTTP 访问","method":"GET","path":"/api/system/status","status":200,"latency":"210.7126ms","ip":"192.168.137.140","trace_id":"af2e2ecb121041b4ffb47853"}
{"time":"2026-08-23T00:47:03.2975018+08:00","level":"INFO","msg":"HTTP 访问","method":"GET","path":"/api/system/status","status":200,"latency":"205.9251ms","ip":"::1","trace_id":"41ebe0506879f6376377cb03"}
{"time":"2026-08-23T00:47:06.3956502+08:00","level":"INFO","msg":"HTTP 访问","method":"GET","path":"/api/system/status","status":200,"latency":"214.3724ms","ip":"192.168.137.140","trace_id":"a8cd8a6c636f6bee8efa9399"}
{"time":"2026-08-23T00:47:08.3008591+08:00","level":"INFO","msg":"HTTP 访问","method":"GET","path":"/api/system/status","status":200,"latency":"206.4389ms","ip":"::1","trace_id":"d952fedc50129f0446167840"}
{"time":"2026-08-23T00:47:08.5040874+08:00","level":"INFO","msg":"HTTP 访问","method":"GET","path":"/api/system/status","status":200,"latency":"202.7259ms","ip":"::1","trace_id":"1cf03e86d11813355c2c5520"}
{"time":"2026-08-23T00:47:11.3797521+08:00","level":"INFO","msg":"HTTP 访问","method":"GET","path":"/api/system/status","status":200,"latency":"202.8185ms","ip":"192.168.137.140","trace_id":"b042e895d97351ddd34da5d5"}
{"time":"2026-08-23T00:47:13.3229025+08:00","level":"INFO","msg":"HTTP 访问","method":"GET","path":"/api/system/status","status":200,"latency":"229.1182ms","ip":"::1","trace_id":"3c14b45b14add66e5c922944"}
{"time":"2026-08-23T00:47:16.3986727+08:00","level":"INFO","msg":"HTTP 访问","method":"GET","path":"/api/system/status","status":200,"latency":"204.0078ms","ip":"192.168.137.140","trace_id":"032c4960c9049f9aeb4a890a"}
{"time":"2026-08-23T00:47:18.2931811+08:00","level":"INFO","msg":"HTTP 访问","method":"GET","path":"/api/system/status","status":200,"latency":"205.5224ms","ip":"::1","trace_id":"d463aa5eec79853cad1eb433"}
{"time":"2026-08-23T00:47:21.4198007+08:00","level":"INFO","msg":"HTTP 访问","method":"GET","path":"/api/system/status","status":200,"latency":"231.9513ms","ip":"192.168.137.140","trace_id":"d4a6e9565c2a5aa967a61e3c"}
{"time":"2026-08-23T00:47:21.6366523+08:00","level":"INFO","msg":"HTTP 访问","method":"GET","path":"/api/system/status","status":200,"latency":"205.7693ms","ip":"192.168.137.140","trace_id":"98c2455d8f696c9e9cc67546"}
{"time":"2026-08-23T00:47:23.2992483+08:00","level":"INFO","msg":"HTTP 访问","method":"GET","path":"/api/system/status","status":200,"latency":"205.0105ms","ip":"::1","trace_id":"ec33623a20d2bbb50899641b"}
{"time":"2026-08-23T00:47:26.434101+08:00","level":"INFO","msg":"HTTP 访问","method":"GET","path":"/api/system/status","status":200,"latency":"257.0992ms","ip":"192.168.137.140","trace_id":"91877397868ec7fb5a84a570"}
{"time":"2026-08-23T00:47:27.295045+08:00","level":"INFO","msg":"HTTP 访问","method":"GET","path":"/api/system/status","status":200,"latency":"206.0974ms","ip":"::1","trace_id":"5173caf47209b731c5eabc21"}
{"time":"2026-08-23T00:47:27.4991194+08:00","level":"INFO","msg":"HTTP 访问","method":"GET","path":"/api/system/status","status":200,"latency":"203.0284ms","ip":"::1","trace_id":"0a939e3dd3479014455db166"}
{"time":"2026-08-23T00:47:28.3000962+08:00","level":"INFO","msg":"HTTP 访问","method":"GET","path":"/api/system/status","status":200,"latency":"205.8043ms","ip":"::1","trace_id":"3754fad8f13d5af1c872fa4a"}
{"time":"2026-08-23T00:47:31.4110238+08:00","level":"INFO","msg":"HTTP 访问","method":"GET","path":"/api/system/status","status":200,"latency":"203.6989ms","ip":"192.168.137.140","trace_id":"84523f5d9d79a82c88447664"}
{"time":"2026-08-23T00:47:33.2940326+08:00","level":"INFO","msg":"HTTP 访问","method":"GET","path":"/api/system/status","status":200,"latency":"206.3373ms","ip":"::1","trace_id":"996ed8a14257461601b81a58"}
{"time":"2026-08-23T00:47:36.4044239+08:00","level":"INFO","msg":"HTTP 访问","method":"GET","path":"/api/system/status","status":200,"latency":"203.0889ms","ip":"192.168.137.140","trace_id":"0e971690213f54ce6d0d978a"}
{"time":"2026-08-23T00:47:41.3906527+08:00","level":"INFO","msg":"HTTP 访问","method":"GET","path":"/api/system/status","status":200,"latency":"217.4811ms","ip":"192.168.137.140","trace_id":"6fbf88f72cb813e5dd578c10"}
{"time":"2026-08-23T00:47:46.4321129+08:00","level":"INFO","msg":"HTTP 访问","method":"GET","path":"/api/system/status","status":200,"latency":"237.5186ms","ip":"192.168.137.140","trace_id":"bc0bc85b7aba7ad2c893a4a7"}
{"time":"2026-08-23T00:47:51.3779941+08:00","level":"INFO","msg":"HTTP 访问","method":"GET","path":"/api/system/status","status":200,"latency":"204.1827ms","ip":"192.168.137.140","trace_id":"9c673491e512e0dbfa67e328"}
{"time":"2026-08-23T00:47:56.3806957+08:00","level":"INFO","msg":"HTTP 访问","method":"GET","path":"/api/system/status","status":200,"latency":"204.1799ms","ip":"192.168.137.140","trace_id":"967af344733cbb9a9186f1dc"}
{"time":"2026-08-23T00:48:01.4062881+08:00","level":"INFO","msg":"HTTP 访问","method":"GET","path":"/api/system/status","status":200,"latency":"213.9585ms","ip":"192.168.137.140","trace_id":"3b86e01b118aa84705bd5676"}
{"time":"2026-08-23T00:48:06.3930858+08:00","level":"INFO","msg":"HTTP 访问","method":"GET","path":"/api/system/status","status":200,"latency":"207.4275ms","ip":"192.168.137.140","trace_id":"4667d1b2137e19ff74372d84"}
{"time":"2026-08-23T00:48:08.3008828+08:00","level":"INFO","msg":"HTTP 访问","method":"GET","path":"/api/system/status","status":200,"latency":"215.4617ms","ip":"::1","trace_id":"5fceeff95be5672092d4f0ca"}
{"time":"2026-08-23T00:48:11.6379492+08:00","level":"INFO","msg":"HTTP 访问","method":"GET","path":"/ws","status":200,"latency":"1m50.4460725s","ip":"192.168.137.140","trace_id":"b0bad7d99e38cd923d2bcf0b"}
{"time":"2026-08-23T00:48:27.2947681+08:00","level":"INFO","msg":"HTTP 访问","method":"GET","path":"/api/system/status","status":200,"latency":"206.7433ms","ip":"::1","trace_id":"ccfdf201408e4c815b6c0c2a"}
{"time":"2026-08-23T00:48:27.2947681+08:00","level":"INFO","msg":"HTTP 访问","method":"GET","path":"/api/system/status","status":200,"latency":"206.7433ms","ip":"::1","trace_id":"c6cd68350b548b20b1244d20"}
{"time":"2026-08-23T00:48:27.5227835+08:00","level":"INFO","msg":"HTTP 访问","method":"GET","path":"/api/system/status","status":200,"latency":"226.8833ms","ip":"::1","trace_id":"64b25c5a56f919c82006f100"}
{"time":"2026-08-23T00:48:47.9445877+08:00","level":"INFO","msg":"HTTP 访问","method":"GET","path":"/api/system/status","status":200,"latency":"214.7809ms","ip":"::1","trace_id":"b16c579062f66ad8ed2f83eb"}
{"time":"2026-08-23T00:48:49.0856126+08:00","level":"INFO","msg":"HTTP 访问","method":"GET","path":"/api/files","status":200,"latency":"56.6161ms","ip":"::1","trace_id":"82443f00280a97864043fef0"}
{"time":"2026-08-23T00:48:49.1275991+08:00","level":"INFO","msg":"HTTP 访问","method":"GET","path":"/api/storage/stats","status":200,"latency":"38.6244ms","ip":"::1","trace_id":"22c881be623b44fc045aabf4"}
{"time":"2026-08-23T00:48:51.8534963+08:00","level":"INFO","msg":"HTTP 访问","method":"GET","path":"/api/system/status","status":200,"latency":"205.7856ms","ip":"::1","trace_id":"807dab6e138e82c1d08179ca"}
{"time":"2026-08-23T00:48:55.121725+08:00","level":"INFO","msg":"HTTP 访问","method":"GET","path":"/api/files/trash","status":200,"latency":"0s","ip":"::1","trace_id":"679e30ead5b8117bce0180bb"}
{"time":"2026-08-23T00:48:56.0733806+08:00","level":"INFO","msg":"HTTP 访问","method":"GET","path":"/api/files","status":200,"latency":"57.3108ms","ip":"::1","trace_id":"5f0defa8c976e8aed718f8f5"}
{"time":"2026-08-23T00:48:56.1212573+08:00","level":"INFO","msg":"HTTP 访问","method":"GET","path":"/api/storage/stats","status":200,"latency":"45.8755ms","ip":"::1","trace_id":"13310baaa7e0d5739a6cc57b"}
{"time":"2026-08-23T00:48:56.8491722+08:00","level":"INFO","msg":"HTTP 访问","method":"GET","path":"/api/system/status","status":200,"latency":"207.1205ms","ip":"::1","trace_id":"7778c24b60d8d4bf64d6a42a"}
{"time":"2026-08-23T00:48:58.7044777+08:00","level":"INFO","msg":"HTTP 访问","method":"GET","path":"/api/files","status":200,"latency":"1.7989ms","ip":"::1","trace_id":"9427349dd986060fd5f29296"}
{"time":"2026-08-23T00:48:58.7309066+08:00","level":"INFO","msg":"HTTP 访问","method":"GET","path":"/api/storage/stats","status":200,"latency":"24.827ms","ip":"::1","trace_id":"8969d69bcaab6bfe71a29ea7"}
{"time":"2026-08-23T00:48:59.4659537+08:00","level":"INFO","msg":"HTTP 访问","method":"GET","path":"/api/files","status":200,"latency":"1.7693ms","ip":"::1","trace_id":"6e41410903a77c50ce813fdb"}
{"time":"2026-08-23T00:48:59.5022681+08:00","level":"INFO","msg":"HTTP 访问","method":"GET","path":"/api/storage/stats","status":200,"latency":"35.1841ms","ip":"::1","trace_id":"49aa5a6fd75ef9c27e429fea"}
{"time":"2026-08-23T00:49:01.8582606+08:00","level":"INFO","msg":"HTTP 访问","method":"GET","path":"/api/system/status","status":200,"latency":"206.1544ms","ip":"::1","trace_id":"f9f9478ff176b8abdfa3b8b1"}
{"time":"2026-08-23T00:49:06.8522987+08:00","level":"INFO","msg":"HTTP 访问","method":"GET","path":"/api/system/status","status":200,"latency":"208.2338ms","ip":"::1","trace_id":"3f71c4245362fc36f34975d1"}
{"time":"2026-08-23T00:49:08.2918062+08:00","level":"INFO","msg":"HTTP 访问","method":"GET","path":"/api/system/status","status":200,"latency":"207.3949ms","ip":"::1","trace_id":"7ddf8c2d4d2a915f38b2921d"}
{"time":"2026-08-23T00:49:11.6129207+08:00","level":"INFO","msg":"HTTP 访问","method":"GET","path":"/api/system/status","status":200,"latency":"202.4264ms","ip":"192.168.137.140","trace_id":"a850045d42a904d395fa494e"}
{"time":"2026-08-23T00:49:11.8563434+08:00","level":"INFO","msg":"HTTP 访问","method":"GET","path":"/api/system/status","status":200,"latency":"204.64ms","ip":"::1","trace_id":"3563078d92639ac8cf3578eb"}
{"time":"2026-08-23T00:49:12.0001042+08:00","level":"INFO","msg":"HTTP 访问","method":"GET","path":"/api/system/status","status":200,"latency":"221.8379ms","ip":"192.168.137.140","trace_id":"cdd56ea94ded49298e218d6e"}
{"time":"2026-08-23T00:49:12.3039475+08:00","level":"INFO","msg":"HTTP 访问","method":"GET","path":"/api/system/status","status":200,"latency":"215.5232ms","ip":"192.168.137.140","trace_id":"d138bc2ddd1fb935afcbbb5a"}
{"time":"2026-08-23T00:49:12.714447+08:00","level":"INFO","msg":"HTTP 访问","method":"GET","path":"/api/system/status","status":200,"latency":"203.4072ms","ip":"192.168.137.140","trace_id":"51a93b74f466b4c69963a562"}
{"time":"2026-08-23T00:49:16.855741+08:00","level":"INFO","msg":"HTTP 访问","method":"GET","path":"/api/system/status","status":200,"latency":"202.9382ms","ip":"::1","trace_id":"b8a9eb8ae951421b84cb522d"}
{"time":"2026-08-23T00:49:17.0441478+08:00","level":"INFO","msg":"HTTP 访问","method":"GET","path":"/api/system/status","status":200,"latency":"217.8956ms","ip":"192.168.137.140","trace_id":"03aeca49f5ebf0ad80fb9373"}
{"time":"2026-08-23T00:49:21.4053072+08:00","level":"INFO","msg":"HTTP 访问","method":"GET","path":"/api/system/status","status":200,"latency":"217.419ms","ip":"192.168.137.140","trace_id":"fd8cacaa50f92676f1c240b7"}
{"time":"2026-08-23T00:49:21.4603392+08:00","level":"INFO","msg":"HTTP 访问","method":"GET","path":"/api/files","status":200,"latency":"0s","ip":"192.168.137.140","trace_id":"e7370faee84f879ade340166"}
{"time":"2026-08-23T00:49:21.5077001+08:00","level":"INFO","msg":"HTTP 访问","method":"GET","path":"/api/storage/stats","status":200,"latency":"19.2181ms","ip":"192.168.137.140","trace_id":"d1e2ec3c8bbcde22ad9637b9"}
{"time":"2026-08-23T00:49:21.6406181+08:00","level":"INFO","msg":"HTTP 访问","method":"GET","path":"/api/system/status","status":200,"latency":"204.5469ms","ip":"192.168.137.140","trace_id":"6e676ea6d213900d60be9c74"}
{"time":"2026-08-23T00:49:21.8551535+08:00","level":"INFO","msg":"HTTP 访问","method":"GET","path":"/api/system/status","status":200,"latency":"205.9778ms","ip":"::1","trace_id":"ce649211dfcaa304bc3b5730"}
{"time":"2026-08-23T00:49:22.0596921+08:00","level":"INFO","msg":"HTTP 访问","method":"GET","path":"/api/system/status","status":200,"latency":"203.4533ms","ip":"::1","trace_id":"70a9681ccc0ad002ccd79169"}
{"time":"2026-08-23T00:49:25.5991659+08:00","level":"INFO","msg":"HTTP 访问","method":"POST","path":"/api/files/upload/init","status":200,"latency":"0s","ip":"192.168.137.140","trace_id":"cb3b40b773e5d432b23b0a59"}
{"time":"2026-08-23T00:49:25.6230161+08:00","level":"INFO","msg":"HTTP 访问","method":"POST","path":"/files/upload/8a1a5e84-2aaa-45d7-a964-26179a8f","status":201,"latency":"3.3259ms","ip":"192.168.137.140","trace_id":"b6a39c2b9998130ba1f6b734"}
{"time":"2026-08-23T00:49:25.7197918+08:00","level":"ERROR","msg":"上传完成处理失败","error":"无权上传到该目录"}
{"time":"2026-08-23T00:49:25.7197918+08:00","level":"INFO","msg":"HTTP 访问","method":"PATCH","path":"/files/upload/8a1a5e84-2aaa-45d7-a964-26179a8f","status":500,"latency":"66.9562ms","ip":"192.168.137.140","trace_id":"51cd6a15cbece15c2ee9eb1d"}
{"time":"2026-08-23T00:49:26.3907209+08:00","level":"INFO","msg":"HTTP 访问","method":"GET","path":"/api/system/status","status":200,"latency":"209.7ms","ip":"192.168.137.140","trace_id":"d042d3f0c82a9d824966fc10"}
{"time":"2026-08-23T00:49:26.8544191+08:00","level":"INFO","msg":"HTTP 访问","method":"GET","path":"/api/system/status","status":200,"latency":"203.0769ms","ip":"::1","trace_id":"e930ae2f12a22e1a87fe608a"}
{"time":"2026-08-23T00:49:27.2932957+08:00","level":"INFO","msg":"HTTP 访问","method":"GET","path":"/api/system/status","status":200,"latency":"205.313ms","ip":"::1","trace_id":"c54f82fb989ec2ed04f017b3"}
{"time":"2026-08-23T00:49:29.3133426+08:00","level":"INFO","msg":"HTTP 访问","method":"GET","path":"/","status":304,"latency":"0s","ip":"192.168.137.140","trace_id":"3b02bf27fdf08d0032cadf90"}
{"time":"2026-08-23T00:49:29.383436+08:00","level":"INFO","msg":"HTTP 访问","method":"GET","path":"/api/auth/me","status":200,"latency":"0s","ip":"192.168.137.140","trace_id":"b25dcd1132bf0a6939cd3585"}
{"time":"2026-08-23T00:49:29.4278381+08:00","level":"INFO","msg":"HTTP 访问","method":"GET","path":"/favicon.ico","status":304,"latency":"0s","ip":"192.168.137.140","trace_id":"0b42a155e4ac5e7c996e524d"}
{"time":"2026-08-23T00:49:30.0356664+08:00","level":"INFO","msg":"HTTP 访问","method":"GET","path":"/api/system/status","status":200,"latency":"203.1452ms","ip":"192.168.137.140","trace_id":"59b4274ac63eaf5f9302c1fc"}
{"time":"2026-08-23T00:49:30.7842193+08:00","level":"INFO","msg":"HTTP 访问","method":"GET","path":"/api/system/status","status":200,"latency":"228.9261ms","ip":"192.168.137.140","trace_id":"4e5b2aa49aa5c2f21119d2c9"}
{"time":"2026-08-23T00:49:31.4883018+08:00","level":"INFO","msg":"HTTP 访问","method":"GET","path":"/api/files","status":200,"latency":"54.8451ms","ip":"192.168.137.140","trace_id":"4e2e6460fd88ea3c3db8d64a"}
{"time":"2026-08-23T00:49:31.8685546+08:00","level":"INFO","msg":"HTTP 访问","method":"GET","path":"/api/system/status","status":200,"latency":"216.0718ms","ip":"::1","trace_id":"4d428d47760e3d8cb145a4c8"}
{"time":"2026-08-23T00:49:31.9209735+08:00","level":"INFO","msg":"HTTP 访问","method":"GET","path":"/api/storage/stats","status":200,"latency":"29.2961ms","ip":"192.168.137.140","trace_id":"183645d3f09bad2f2cf5b538"}
{"time":"2026-08-23T00:49:33.6180898+08:00","level":"INFO","msg":"HTTP 访问","method":"GET","path":"/api/files","status":200,"latency":"2.0728ms","ip":"192.168.137.140","trace_id":"8083e94e5bb5174ba21dfcd6"}
{"time":"2026-08-23T00:49:33.8642545+08:00","level":"INFO","msg":"HTTP 访问","method":"GET","path":"/api/storage/stats","status":200,"latency":"44.802ms","ip":"192.168.137.140","trace_id":"19c020d5fbb99178ddf4193e"}
{"time":"2026-08-23T00:49:35.0514733+08:00","level":"INFO","msg":"HTTP 访问","method":"GET","path":"/api/system/status","status":200,"latency":"210.8753ms","ip":"192.168.137.140","trace_id":"6e119ce33ef4d558fc6b29f5"}
{"time":"2026-08-23T00:49:36.1822697+08:00","level":"INFO","msg":"HTTP 访问","method":"GET","path":"/api/files","status":200,"latency":"1.0052ms","ip":"192.168.137.140","trace_id":"a8f3e8e25e5e52a0b57dc484"}
{"time":"2026-08-23T00:49:36.2328185+08:00","level":"INFO","msg":"HTTP 访问","method":"GET","path":"/api/storage/stats","status":200,"latency":"34.8526ms","ip":"192.168.137.140","trace_id":"f338b4468964367c9663ac43"}
{"time":"2026-08-23T00:49:36.8750913+08:00","level":"INFO","msg":"HTTP 访问","method":"GET","path":"/api/system/status","status":200,"latency":"232.7218ms","ip":"::1","trace_id":"2844a3009cf806cf3b5d6c85"}
{"time":"2026-08-23T00:49:40.0313917+08:00","level":"INFO","msg":"HTTP 访问","method":"GET","path":"/api/system/status","status":200,"latency":"202.5391ms","ip":"192.168.137.140","trace_id":"428bb62c160c80264248babc"}
{"time":"2026-08-23T00:49:41.8532134+08:00","level":"INFO","msg":"HTTP 访问","method":"GET","path":"/api/system/status","status":200,"latency":"202.7328ms","ip":"::1","trace_id":"5bf08954f2fbf5e9d2ef477b"}
{"time":"2026-08-23T00:49:42.9601204+08:00","level":"INFO","msg":"HTTP 访问","method":"POST","path":"/api/files/upload/init","status":200,"latency":"0s","ip":"192.168.137.140","trace_id":"f1865cce43dba999368a6a89"}
{"time":"2026-08-23T00:49:42.9883713+08:00","level":"INFO","msg":"HTTP 访问","method":"POST","path":"/files/upload/3e2c41ff-0664-42e7-a02d-d25982f3","status":201,"latency":"631.1µs","ip":"192.168.137.140","trace_id":"1bd2b339339d34039b7efaef"}
{"time":"2026-08-23T00:49:44.0483775+08:00","level":"ERROR","msg":"上传完成处理失败","error":"无权上传到该目录"}
{"time":"2026-08-23T00:49:44.05007+08:00","level":"INFO","msg":"HTTP 访问","method":"PATCH","path":"/files/upload/3e2c41ff-0664-42e7-a02d-d25982f3","status":500,"latency":"967.7951ms","ip":"192.168.137.140","trace_id":"9215b2f1a2b95d44e97ee1e5"}
{"time":"2026-08-23T00:49:45.0929562+08:00","level":"INFO","msg":"HTTP 访问","method":"GET","path":"/api/system/status","status":200,"latency":"209.9757ms","ip":"192.168.137.140","trace_id":"277786eb205120e627bbb8f6"}
{"time":"2026-08-23T00:49:46.8806065+08:00","level":"INFO","msg":"HTTP 访问","method":"GET","path":"/api/system/status","status":200,"latency":"208.775ms","ip":"::1","trace_id":"b21cfbc20cce822737b2bbc1"}
{"time":"2026-08-23T00:49:50.0528604+08:00","level":"INFO","msg":"HTTP 访问","method":"GET","path":"/api/system/status","status":200,"latency":"217.3161ms","ip":"192.168.137.140","trace_id":"a2ee80eecaf87c9632553fc4"}
{"time":"2026-08-23T00:49:51.8591787+08:00","level":"INFO","msg":"HTTP 访问","method":"GET","path":"/api/system/status","status":200,"latency":"209.0246ms","ip":"::1","trace_id":"64ac1f8970faf17c521ddee5"}
{"time":"2026-08-23T00:49:53.9928939+08:00","level":"INFO","msg":"HTTP 访问","method":"POST","path":"/api/files/upload/init","status":200,"latency":"0s","ip":"192.168.137.140","trace_id":"5426964ef8318a84206d41ed"}
{"time":"2026-08-23T00:49:54.0783248+08:00","level":"INFO","msg":"HTTP 访问","method":"POST","path":"/files/upload/d6512148-7a1a-4d5c-9389-0c521516","status":201,"latency":"3.9296ms","ip":"192.168.137.140","trace_id":"59968cb5f60a0dabd0968949"}
{"time":"2026-08-23T00:49:54.9355075+08:00","level":"ERROR","msg":"上传完成处理失败","error":"无权上传到该目录"}
{"time":"2026-08-23T00:49:54.9362595+08:00","level":"INFO","msg":"HTTP 访问","method":"PATCH","path":"/files/upload/d6512148-7a1a-4d5c-9389-0c521516","status":500,"latency":"611.7855ms","ip":"192.168.137.140","trace_id":"712d774a33e441fd803bdd70"}
{"time":"2026-08-23T00:49:55.0332684+08:00","level":"INFO","msg":"HTTP 访问","method":"GET","path":"/api/system/status","status":200,"latency":"208.4974ms","ip":"192.168.137.140","trace_id":"0721326f07d12f36b70e8ce6"}
{"time":"2026-08-23T00:49:56.8760254+08:00","level":"INFO","msg":"HTTP 访问","method":"GET","path":"/api/system/status","status":200,"latency":"214.2193ms","ip":"::1","trace_id":"0de60d78dffabc0233229ff7"}
{"time":"2026-08-23T00:50:00.037726+08:00","level":"INFO","msg":"HTTP 访问","method":"GET","path":"/api/system/status","status":200,"latency":"210.1117ms","ip":"192.168.137.140","trace_id":"a56fc695abee147d4489b065"}
{"time":"2026-08-23T00:50:01.8796063+08:00","level":"INFO","msg":"HTTP 访问","method":"GET","path":"/api/system/status","status":200,"latency":"221.5003ms","ip":"::1","trace_id":"a75f14725c41f8e00aad3203"}
{"time":"2026-08-23T00:50:05.0654953+08:00","level":"INFO","msg":"HTTP 访问","method":"GET","path":"/api/system/status","status":200,"latency":"214.8834ms","ip":"192.168.137.140","trace_id":"26b880be423d9e36e1d07729"}
{"time":"2026-08-23T00:50:06.8605547+08:00","level":"INFO","msg":"HTTP 访问","method":"GET","path":"/api/system/status","status":200,"latency":"205.7558ms","ip":"::1","trace_id":"1acd3f22eeced6c0258e3938"}
{"time":"2026-08-23T00:50:07.7287931+08:00","level":"INFO","msg":"HTTP 访问","method":"GET","path":"/api/system/status","status":200,"latency":"206.1307ms","ip":"::1","trace_id":"44fbb57130f5bc3b29a5f705"}
{"time":"2026-08-23T00:50:07.9341+08:00","level":"INFO","msg":"HTTP 访问","method":"GET","path":"/api/system/status","status":200,"latency":"204.7944ms","ip":"::1","trace_id":"0d53847afa55d3b8a82697f5"}
{"time":"2026-08-23T00:50:08.422764+08:00","level":"INFO","msg":"HTTP 访问","method":"GET","path":"/api/admin/users","status":200,"latency":"0s","ip":"::1","trace_id":"26be82bd423bd7c008e12df2"}
{"time":"2026-08-23T00:50:08.422764+08:00","level":"INFO","msg":"HTTP 访问","method":"GET","path":"/api/admin/settings","status":200,"latency":"0s","ip":"::1","trace_id":"f535d52349abf6a400d7cadc"}
{"time":"2026-08-23T00:50:08.4232672+08:00","level":"INFO","msg":"HTTP 访问","method":"GET","path":"/api/plugins","status":200,"latency":"0s","ip":"::1","trace_id":"a12aa641b94362d221efd6e5"}
{"time":"2026-08-23T00:50:10.0621496+08:00","level":"INFO","msg":"HTTP 访问","method":"GET","path":"/api/system/status","status":200,"latency":"225.1971ms","ip":"192.168.137.140","trace_id":"5a0272d5607205b23e737172"}
{"time":"2026-08-23T00:50:11.8462541+08:00","level":"INFO","msg":"HTTP 访问","method":"GET","path":"/api/system/status","status":200,"latency":"204.4159ms","ip":"::1","trace_id":"793cabe7b0f1cb5691b883f7"}
{"time":"2026-08-23T00:50:12.8848377+08:00","level":"INFO","msg":"HTTP 访问","method":"GET","path":"/api/system/status","status":200,"latency":"214.2014ms","ip":"::1","trace_id":"aa6a787b7ff424693fae3714"}
{"time":"2026-08-23T00:50:16.0228324+08:00","level":"INFO","msg":"HTTP 访问","method":"GET","path":"/api/system/status","status":200,"latency":"204.4961ms","ip":"192.168.137.140","trace_id":"3f70885bb7083782c35b30cd"}
{"time":"2026-08-23T00:50:17.2972894+08:00","level":"INFO","msg":"HTTP 访问","method":"GET","path":"/api/system/status","status":200,"latency":"213.6256ms","ip":"::1","trace_id":"14cb3e75641673429dd4557a"}
{"time":"2026-08-23T00:50:18.289628+08:00","level":"INFO","msg":"HTTP 访问","method":"GET","path":"/api/system/status","status":200,"latency":"205.4659ms","ip":"::1","trace_id":"67fadef168ccefaecc4d4a64"}
{"time":"2026-08-23T00:50:19.3667783+08:00","level":"INFO","msg":"HTTP 访问","method":"GET","path":"/ws","status":200,"latency":"49.4923324s","ip":"192.168.137.140","trace_id":"df38d77a4ec285778bcb13b1"}
{"time":"2026-08-23T00:50:22.3164413+08:00","level":"INFO","msg":"HTTP 访问","method":"GET","path":"/api/system/status","status":200,"latency":"221.1526ms","ip":"::1","trace_id":"273648a08797eb2046cfa70e"}
{"time":"2026-08-23T00:50:22.5358011+08:00","level":"INFO","msg":"HTTP 访问","method":"GET","path":"/api/system/status","status":200,"latency":"217.9672ms","ip":"::1","trace_id":"a916d0b3ddaa16cf5113f27f"}
{"time":"2026-08-23T00:50:23.304074+08:00","level":"INFO","msg":"HTTP 访问","method":"GET","path":"/api/system/status","status":200,"latency":"211.2191ms","ip":"::1","trace_id":"4988799d866d1749ef31ac04"}
{"time":"2026-08-23T00:50:27.2876843+08:00","level":"INFO","msg":"HTTP 访问","method":"GET","path":"/api/system/status","status":200,"latency":"207.9876ms","ip":"::1","trace_id":"95e7669006eef0125f1cbd3f"}
{"time":"2026-08-23T00:50:28.2981332+08:00","level":"INFO","msg":"HTTP 访问","method":"GET","path":"/api/system/status","status":200,"latency":"206.092ms","ip":"::1","trace_id":"b1c5da1bbc5541c0967d6d7a"}
{"time":"2026-08-23T00:50:32.2940585+08:00","level":"INFO","msg":"HTTP 访问","method":"GET","path":"/api/system/status","status":200,"latency":"206.1581ms","ip":"::1","trace_id":"8c6aaa0fc8fae0958f3df569"}
{"time":"2026-08-23T00:50:33.2932291+08:00","level":"INFO","msg":"HTTP 访问","method":"GET","path":"/api/system/status","status":200,"latency":"206.6865ms","ip":"::1","trace_id":"5288025981d7316b02a77c66"}
{"time":"2026-08-23T00:50:37.2938878+08:00","level":"INFO","msg":"HTTP 访问","method":"GET","path":"/api/system/status","status":200,"latency":"205.772ms","ip":"::1","trace_id":"cf6a4e375fa459f24f1dd693"}
{"time":"2026-08-23T00:50:38.2977227+08:00","level":"INFO","msg":"HTTP 访问","method":"GET","path":"/api/system/status","status":200,"latency":"205.3647ms","ip":"::1","trace_id":"58e63d5dc6d2b5dca87d86e9"}
{"time":"2026-08-23T00:50:42.3009533+08:00","level":"INFO","msg":"HTTP 访问","method":"GET","path":"/api/system/status","status":200,"latency":"207.6176ms","ip":"::1","trace_id":"f30e6924e03e45977efd6f86"}
{"time":"2026-08-23T00:50:43.3118325+08:00","level":"INFO","msg":"HTTP 访问","method":"GET","path":"/api/system/status","status":200,"latency":"207.9762ms","ip":"::1","trace_id":"550cd43504e7dc72a9ed7acd"}
{"time":"2026-08-23T00:50:47.2982938+08:00","level":"INFO","msg":"HTTP 访问","method":"GET","path":"/api/system/status","status":200,"latency":"205.8935ms","ip":"::1","trace_id":"bd168d605ca1a4dd341643b6"}
{"time":"2026-08-23T00:50:48.2946678+08:00","level":"INFO","msg":"HTTP 访问","method":"GET","path":"/api/system/status","status":200,"latency":"206.6206ms","ip":"::1","trace_id":"737b52736c09e77f7a00ae36"}
{"time":"2026-08-23T00:50:52.2939774+08:00","level":"INFO","msg":"HTTP 访问","method":"GET","path":"/api/system/status","status":200,"latency":"205.9324ms","ip":"::1","trace_id":"cbd3fbabeb6e4e8863be3e4e"}
{"time":"2026-08-23T00:50:53.2904588+08:00","level":"INFO","msg":"HTTP 访问","method":"GET","path":"/api/system/status","status":200,"latency":"208.6799ms","ip":"::1","trace_id":"f8cedd3a819ebf9f4280556a"}
{"time":"2026-08-23T00:50:57.299154+08:00","level":"INFO","msg":"HTTP 访问","method":"GET","path":"/api/system/status","status":200,"latency":"205.7288ms","ip":"::1","trace_id":"8501a6149bc157649b54c3c6"}
{"time":"2026-08-23T00:50:58.2996602+08:00","level":"INFO","msg":"HTTP 访问","method":"GET","path":"/api/system/status","status":200,"latency":"205.7218ms","ip":"::1","trace_id":"5858288b0e10ec47bb513565"}
{"time":"2026-08-23T00:51:02.2857981+08:00","level":"INFO","msg":"HTTP 访问","method":"GET","path":"/api/system/status","status":200,"latency":"206.1443ms","ip":"::1","trace_id":"68aac371deabc154c2421ee1"}
{"time":"2026-08-23T00:51:03.3256814+08:00","level":"INFO","msg":"HTTP 访问","method":"GET","path":"/api/system/status","status":200,"latency":"231.2507ms","ip":"::1","trace_id":"a792a6ac2293b6e5b71a5df5"}
{"time":"2026-08-23T00:51:07.2998824+08:00","level":"INFO","msg":"HTTP 访问","method":"GET","path":"/api/system/status","status":200,"latency":"205.6983ms","ip":"::1","trace_id":"52dfef71f506bbd16506aed8"}
{"time":"2026-08-23T00:51:07.8760722+08:00","level":"INFO","msg":"HTTP 访问","method":"GET","path":"/api/system/status","status":200,"latency":"205.8184ms","ip":"::1","trace_id":"9fa59e6eb10f09362c20b66f"}
{"time":"2026-08-23T00:51:08.0805912+08:00","level":"INFO","msg":"HTTP 访问","method":"GET","path":"/api/system/status","status":200,"latency":"203.975ms","ip":"::1","trace_id":"d4dbdbfc60267876dd29d9dc"}
{"time":"2026-08-23T00:51:12.2968629+08:00","level":"INFO","msg":"HTTP 访问","method":"GET","path":"/api/system/status","status":200,"latency":"206.3726ms","ip":"::1","trace_id":"5d9cb93c066b7823ba463911"}
{"time":"2026-08-23T00:51:12.8916958+08:00","level":"INFO","msg":"HTTP 访问","method":"GET","path":"/api/system/status","status":200,"latency":"209.9146ms","ip":"::1","trace_id":"269e6d929873ebe85807c5f5"}
{"time":"2026-08-23T00:51:17.8855688+08:00","level":"INFO","msg":"HTTP 访问","method":"GET","path":"/api/system/status","status":200,"latency":"206.9448ms","ip":"::1","trace_id":"1f3f6a7b82bca7d056d3b52e"}
{"time":"2026-08-23T00:51:18.1054173+08:00","level":"INFO","msg":"HTTP 访问","method":"GET","path":"/api/system/status","status":200,"latency":"207.1138ms","ip":"::1","trace_id":"a86f1207142f97de3d560485"}
{"time":"2026-08-23T00:51:21.8532897+08:00","level":"INFO","msg":"HTTP 访问","method":"GET","path":"/api/system/status","status":200,"latency":"204.9878ms","ip":"::1","trace_id":"d29b86adff67ea7aec72f609"}
{"time":"2026-08-23T00:51:22.0647484+08:00","level":"INFO","msg":"HTTP 访问","method":"GET","path":"/api/system/status","status":200,"latency":"209.01ms","ip":"::1","trace_id":"957bf79b198453d06d88eedb"}
{"time":"2026-08-23T00:51:23.3211138+08:00","level":"INFO","msg":"HTTP 访问","method":"GET","path":"/api/system/status","status":200,"latency":"233.9931ms","ip":"::1","trace_id":"c97edfc86c1773d68fe05e4e"}
{"time":"2026-08-23T00:51:26.8591345+08:00","level":"INFO","msg":"HTTP 访问","method":"GET","path":"/api/system/status","status":200,"latency":"206.2038ms","ip":"::1","trace_id":"428e5836032a1f92de380b6f"}
{"time":"2026-08-23T00:51:27.980803+08:00","level":"INFO","msg":"HTTP 访问","method":"GET","path":"/api/system/status","status":200,"latency":"211.4447ms","ip":"::1","trace_id":"984637be30ad15596414771a"}
{"time":"2026-08-23T00:51:31.8570928+08:00","level":"INFO","msg":"HTTP 访问","method":"GET","path":"/api/system/status","status":200,"latency":"207.1549ms","ip":"::1","trace_id":"8a70b2f018312b2a6789c3ef"}
{"time":"2026-08-23T00:51:33.2915646+08:00","level":"INFO","msg":"HTTP 访问","method":"GET","path":"/api/system/status","status":200,"latency":"205.2275ms","ip":"::1","trace_id":"3ee256468c095e8359b01ba0"}
{"time":"2026-08-23T00:51:36.8927298+08:00","level":"INFO","msg":"HTTP 访问","method":"GET","path":"/api/system/status","status":200,"latency":"223.6347ms","ip":"::1","trace_id":"87d2088a3c6a1db57c74dee1"}
{"time":"2026-08-23T00:51:38.2989589+08:00","level":"INFO","msg":"HTTP 访问","method":"GET","path":"/api/system/status","status":200,"latency":"205.2743ms","ip":"::1","trace_id":"e1e3e9f8188f8bd0d33ceafe"}
{"time":"2026-08-23T00:51:41.8482671+08:00","level":"INFO","msg":"HTTP 访问","method":"GET","path":"/api/system/status","status":200,"latency":"204.0834ms","ip":"::1","trace_id":"6ffb204e8a7a243f854608eb"}
{"time":"2026-08-23T00:51:43.2971103+08:00","level":"INFO","msg":"HTTP 访问","method":"GET","path":"/api/system/status","status":200,"latency":"203.1258ms","ip":"::1","trace_id":"e5609255bd068a0bf2fb862b"}
{"time":"2026-08-23T00:51:46.8541415+08:00","level":"INFO","msg":"HTTP 访问","method":"GET","path":"/api/system/status","status":200,"latency":"203.8939ms","ip":"::1","trace_id":"040cc5aed7a5675764a02eb6"}
{"time":"2026-08-23T00:51:48.2967319+08:00","level":"INFO","msg":"HTTP 访问","method":"GET","path":"/api/system/status","status":200,"latency":"203.1783ms","ip":"::1","trace_id":"845edf34cf5d51d022e9b5ac"}
{"time":"2026-08-23T00:51:51.8447876+08:00","level":"INFO","msg":"HTTP 访问","method":"GET","path":"/api/system/status","status":200,"latency":"203.1864ms","ip":"::1","trace_id":"89d128afa96128fadbf364bf"}
{"time":"2026-08-23T00:51:53.2851154+08:00","level":"INFO","msg":"HTTP 访问","method":"GET","path":"/api/system/status","status":200,"latency":"203.1802ms","ip":"::1","trace_id":"c1b4f0c99dbf9f06b84ebace"}
{"time":"2026-08-23T00:51:57.2937417+08:00","level":"INFO","msg":"HTTP 访问","method":"GET","path":"/api/system/status","status":200,"latency":"202.9672ms","ip":"::1","trace_id":"aa00b4931ae8e465e2d70470"}
{"time":"2026-08-23T00:51:58.2930802+08:00","level":"INFO","msg":"HTTP 访问","method":"GET","path":"/api/system/status","status":200,"latency":"203.5121ms","ip":"::1","trace_id":"e99305d65cfa1f40149f9ff6"}
{"time":"2026-08-23T00:52:02.2852646+08:00","level":"INFO","msg":"HTTP 访问","method":"GET","path":"/api/system/status","status":200,"latency":"203.2501ms","ip":"::1","trace_id":"1140d94f345a12489711debf"}
{"time":"2026-08-23T00:52:03.2842131+08:00","level":"INFO","msg":"HTTP 访问","method":"GET","path":"/api/system/status","status":200,"latency":"203.0353ms","ip":"::1","trace_id":"e998804e0e3335284286b142"}
{"time":"2026-08-23T00:52:07.2913194+08:00","level":"INFO","msg":"HTTP 访问","method":"GET","path":"/api/system/status","status":200,"latency":"202.8077ms","ip":"::1","trace_id":"2698917095e74d7c01d28034"}
{"time":"2026-08-23T00:52:08.2943658+08:00","level":"INFO","msg":"HTTP 访问","method":"GET","path":"/api/system/status","status":200,"latency":"205.359ms","ip":"::1","trace_id":"d286c089f7cc0375f02cf075"}
{"time":"2026-08-23T00:52:08.4972431+08:00","level":"INFO","msg":"HTTP 访问","method":"GET","path":"/api/system/status","status":200,"latency":"202.3468ms","ip":"::1","trace_id":"62de389c13ba1c7600e0a973"}
{"time":"2026-08-23T00:52:12.2846873+08:00","level":"INFO","msg":"HTTP 访问","method":"GET","path":"/api/system/status","status":200,"latency":"204.0865ms","ip":"::1","trace_id":"493382530e8f20ae0ba87498"}
{"time":"2026-08-23T00:52:13.2862109+08:00","level":"INFO","msg":"HTTP 访问","method":"GET","path":"/api/system/status","status":200,"latency":"203.0871ms","ip":"::1","trace_id":"a17769d523e57b1bfee6196f"}
{"time":"2026-08-23T00:52:17.2962316+08:00","level":"INFO","msg":"HTTP 访问","method":"GET","path":"/api/system/status","status":200,"latency":"203.3407ms","ip":"::1","trace_id":"d97b813b8b2541310ebe8297"}
{"time":"2026-08-23T00:52:18.2977249+08:00","level":"INFO","msg":"HTTP 访问","method":"GET","path":"/api/system/status","status":200,"latency":"202.9494ms","ip":"::1","trace_id":"63f58d8b5cf5fe0fe7f8ab15"}
{"time":"2026-08-23T00:52:22.291285+08:00","level":"INFO","msg":"HTTP 访问","method":"GET","path":"/api/system/status","status":200,"latency":"204.2265ms","ip":"::1","trace_id":"16d8f4742b5d49518d0389ef"}
{"time":"2026-08-23T00:52:22.4952168+08:00","level":"INFO","msg":"HTTP 访问","method":"GET","path":"/api/system/status","status":200,"latency":"202.8681ms","ip":"::1","trace_id":"4de27ef2b0292e4ded16148d"}
{"time":"2026-08-23T00:52:23.2908906+08:00","level":"INFO","msg":"HTTP 访问","method":"GET","path":"/api/system/status","status":200,"latency":"203.6198ms","ip":"::1","trace_id":"7cdd4778560e3541919ca4e2"}
{"time":"2026-08-23T00:52:27.2900343+08:00","level":"INFO","msg":"HTTP 访问","method":"GET","path":"/api/system/status","status":200,"latency":"203.5659ms","ip":"::1","trace_id":"54930d85bc7e11e3f22b8814"}
{"time":"2026-08-23T00:52:28.2831123+08:00","level":"INFO","msg":"HTTP 访问","method":"GET","path":"/api/system/status","status":200,"latency":"204.0745ms","ip":"::1","trace_id":"c47ea12127359e8dcc510a3a"}
{"time":"2026-08-23T00:52:32.2887325+08:00","level":"INFO","msg":"HTTP 访问","method":"GET","path":"/api/system/status","status":200,"latency":"204.3602ms","ip":"::1","trace_id":"ef3eb4c6466a5e3339a22a45"}
{"time":"2026-08-23T00:52:37.2879044+08:00","level":"INFO","msg":"HTTP 访问","method":"GET","path":"/api/system/status","status":200,"latency":"204.1616ms","ip":"::1","trace_id":"374329cbd480b9d7f4909539"}
{"time":"2026-08-23T00:52:42.2901454+08:00","level":"INFO","msg":"HTTP 访问","method":"GET","path":"/api/system/status","status":200,"latency":"204.5586ms","ip":"::1","trace_id":"ca361ba5477ac58445c0a64c"}
{"time":"2026-08-23T00:52:47.2997312+08:00","level":"INFO","msg":"HTTP 访问","method":"GET","path":"/api/system/status","status":200,"latency":"203.4753ms","ip":"::1","trace_id":"3736349aa0d2fd978ef2112c"}
{"time":"2026-08-23T00:52:52.2939716+08:00","level":"INFO","msg":"HTTP 访问","method":"GET","path":"/api/system/status","status":200,"latency":"203.4311ms","ip":"::1","trace_id":"ee539529fb8e22879305564e"}
{"time":"2026-08-23T00:53:27.3004322+08:00","level":"INFO","msg":"HTTP 访问","method":"GET","path":"/api/system/status","status":200,"latency":"207.3525ms","ip":"::1","trace_id":"986d9d77cddd4489d29b4a35"}
{"time":"2026-08-23T00:53:27.3020588+08:00","level":"INFO","msg":"HTTP 访问","method":"GET","path":"/api/system/status","status":200,"latency":"203.3044ms","ip":"::1","trace_id":"0154ac895b0c57976e446bba"}
{"time":"2026-08-23T00:53:27.504379+08:00","level":"INFO","msg":"HTTP 访问","method":"GET","path":"/api/system/status","status":200,"latency":"203.4426ms","ip":"::1","trace_id":"d84c57751076ec13380a5280"}
{"time":"2026-08-23T00:53:27.5054921+08:00","level":"INFO","msg":"HTTP 访问","method":"GET","path":"/api/system/status","status":200,"latency":"202.9193ms","ip":"::1","trace_id":"5c2199c50d5cb0b1ab7094f9"}
{"time":"2026-08-23T00:54:04.8301261+08:00","level":"INFO","msg":"HTTP 访问","method":"GET","path":"/api/system/status","status":200,"latency":"203.4945ms","ip":"192.168.137.140","trace_id":"8c6feb0dd92a9935d3dbec25"}
{"time":"2026-08-23T00:54:05.0422816+08:00","level":"INFO","msg":"HTTP 访问","method":"GET","path":"/api/system/status","status":200,"latency":"203.6005ms","ip":"192.168.137.140","trace_id":"8a9d60a7d1d53590d139f8d6"}
{"time":"2026-08-23T00:54:05.5479935+08:00","level":"INFO","msg":"HTTP 访问","method":"GET","path":"/api/system/status","status":200,"latency":"203.357ms","ip":"192.168.137.140","trace_id":"7db82889903c29d1ce100c97"}
{"time":"2026-08-23T00:54:10.0186886+08:00","level":"INFO","msg":"HTTP 访问","method":"GET","path":"/api/system/status","status":200,"latency":"203.6948ms","ip":"192.168.137.140","trace_id":"56b8c38fb94793ccc49fe3f8"}
{"time":"2026-08-23T00:54:16.0196696+08:00","level":"INFO","msg":"HTTP 访问","method":"GET","path":"/api/system/status","status":200,"latency":"204.02ms","ip":"192.168.137.140","trace_id":"736129f1d7ae57a938cf7df1"}
{"time":"2026-08-23T00:54:18.2706845+08:00","level":"INFO","msg":"HTTP 访问","method":"GET","path":"/api/system/status","status":200,"latency":"205.6976ms","ip":"::1","trace_id":"af2849a40ee02981ff7bc356"}
{"time":"2026-08-23T00:54:21.8502144+08:00","level":"INFO","msg":"HTTP 访问","method":"GET","path":"/api/system/status","status":200,"latency":"203.675ms","ip":"::1","trace_id":"6233087cb341a24cdd6f8b96"}
{"time":"2026-08-23T00:54:22.0543999+08:00","level":"INFO","msg":"HTTP 访问","method":"GET","path":"/api/system/status","status":200,"latency":"203.1286ms","ip":"::1","trace_id":"ceb26d480776009c1f1fb1d1"}
{"time":"2026-08-23T00:54:26.8489641+08:00","level":"INFO","msg":"HTTP 访问","method":"GET","path":"/api/system/status","status":200,"latency":"203.7795ms","ip":"::1","trace_id":"32a2d577b9d14b0c271a0feb"}
{"time":"2026-08-23T00:54:27.2943884+08:00","level":"INFO","msg":"HTTP 访问","method":"GET","path":"/api/system/status","status":200,"latency":"203.6552ms","ip":"::1","trace_id":"a5916fed66fdbd35457766a2"}
{"time":"2026-08-23T00:54:27.4976225+08:00","level":"INFO","msg":"HTTP 访问","method":"GET","path":"/api/system/status","status":200,"latency":"202.6539ms","ip":"::1","trace_id":"e09827d2c5cc24eb59c1a21f"}
{"time":"2026-08-23T00:54:31.860565+08:00","level":"INFO","msg":"HTTP 访问","method":"GET","path":"/api/system/status","status":200,"latency":"203.2643ms","ip":"::1","trace_id":"dff00c557652351d34f8584a"}
{"time":"2026-08-23T00:54:36.8499623+08:00","level":"INFO","msg":"HTTP 访问","method":"GET","path":"/api/system/status","status":200,"latency":"203.3556ms","ip":"::1","trace_id":"643f0abc73c395a47f112581"}
{"time":"2026-08-23T00:54:41.8445038+08:00","level":"INFO","msg":"HTTP 访问","method":"GET","path":"/api/system/status","status":200,"latency":"203.8739ms","ip":"::1","trace_id":"946b9fade71755ee7e3fa64c"}
{"time":"2026-08-23T00:54:46.8498744+08:00","level":"INFO","msg":"HTTP 访问","method":"GET","path":"/api/system/status","status":200,"latency":"203.5893ms","ip":"::1","trace_id":"31c443ff1e3cf48fbecb804d"}
{"time":"2026-08-23T00:54:51.8445682+08:00","level":"INFO","msg":"HTTP 访问","method":"GET","path":"/api/system/status","status":200,"latency":"203.5464ms","ip":"::1","trace_id":"fe3febedada0c403a3881d00"}
{"time":"2026-08-23T00:54:56.8559959+08:00","level":"INFO","msg":"HTTP 访问","method":"GET","path":"/api/system/status","status":200,"latency":"203.1085ms","ip":"::1","trace_id":"64ef068486b8010c1d2a3615"}
{"time":"2026-08-23T00:55:01.8559843+08:00","level":"INFO","msg":"HTTP 访问","method":"GET","path":"/api/system/status","status":200,"latency":"202.8905ms","ip":"::1","trace_id":"e7dda64feeaa272eb0f958e7"}
{"time":"2026-08-23T00:55:06.859283+08:00","level":"INFO","msg":"HTTP 访问","method":"GET","path":"/api/system/status","status":200,"latency":"204.2996ms","ip":"::1","trace_id":"2f06b0b572ecd3c66f14738f"}
{"time":"2026-08-23T00:55:11.8444314+08:00","level":"INFO","msg":"HTTP 访问","method":"GET","path":"/api/system/status","status":200,"latency":"204.2304ms","ip":"::1","trace_id":"baadc8b1c90d82c873d19f0b"}
{"time":"2026-08-23T00:55:16.8489211+08:00","level":"INFO","msg":"HTTP 访问","method":"GET","path":"/api/system/status","status":200,"latency":"203.5784ms","ip":"::1","trace_id":"5398ea5107c6db87c476b3f9"}
{"time":"2026-08-23T00:55:21.8440164+08:00","level":"INFO","msg":"HTTP 访问","method":"GET","path":"/api/system/status","status":200,"latency":"203.6127ms","ip":"::1","trace_id":"d3844d9f78bd9af8da815d21"}
{"time":"2026-08-23T00:55:22.0485073+08:00","level":"INFO","msg":"HTTP 访问","method":"GET","path":"/api/system/status","status":200,"latency":"203.4114ms","ip":"::1","trace_id":"4e0e6a3e86bd0cef34f4ad9b"}
{"time":"2026-08-23T00:55:26.847054+08:00","level":"INFO","msg":"HTTP 访问","method":"GET","path":"/api/system/status","status":200,"latency":"205.1178ms","ip":"::1","trace_id":"b80cc57b9450dc0e69f941b4"}
{"time":"2026-08-23T00:55:27.2857365+08:00","level":"INFO","msg":"HTTP 访问","method":"GET","path":"/api/system/status","status":200,"latency":"203.3257ms","ip":"::1","trace_id":"96530ecfe27475d3806690bc"}
{"time":"2026-08-23T00:55:27.4894485+08:00","level":"INFO","msg":"HTTP 访问","method":"GET","path":"/api/system/status","status":200,"latency":"203.1688ms","ip":"::1","trace_id":"e524f9505b2c6fd083ff5c25"}
{"time":"2026-08-23T00:55:31.7956555+08:00","level":"INFO","msg":"HTTP 访问","method":"GET","path":"/api/system/status","status":200,"latency":"203.0729ms","ip":"192.168.137.140","trace_id":"f3e6d720edeed0c4d98aeef7"}
{"time":"2026-08-23T00:55:31.853176+08:00","level":"INFO","msg":"HTTP 访问","method":"GET","path":"/api/system/status","status":200,"latency":"203.7205ms","ip":"::1","trace_id":"375044e51d89808f2d7cce7d"}
{"time":"2026-08-23T00:55:32.0457451+08:00","level":"INFO","msg":"HTTP 访问","method":"GET","path":"/api/system/status","status":200,"latency":"202.7071ms","ip":"192.168.137.140","trace_id":"23af414402a0c0c3bbbf0bf6"}
{"time":"2026-08-23T00:55:32.2691637+08:00","level":"INFO","msg":"HTTP 访问","method":"GET","path":"/api/system/status","status":200,"latency":"204.3032ms","ip":"192.168.137.140","trace_id":"6d4343707579754d0db34c08"}
{"time":"2026-08-23T00:55:36.8593307+08:00","level":"INFO","msg":"HTTP 访问","method":"GET","path":"/api/system/status","status":200,"latency":"203.4022ms","ip":"::1","trace_id":"060dcc3316f93db23b439ab2"}
{"time":"2026-08-23T00:55:41.8455443+08:00","level":"INFO","msg":"HTTP 访问","method":"GET","path":"/api/system/status","status":200,"latency":"203.9364ms","ip":"::1","trace_id":"a64e6ca6518d32fe2907b71b"}
{"time":"2026-08-23T00:55:46.8482528+08:00","level":"INFO","msg":"HTTP 访问","method":"GET","path":"/api/system/status","status":200,"latency":"203.2016ms","ip":"::1","trace_id":"c90f40a594c5f46f0f853adf"}
{"time":"2026-08-23T00:55:51.8454284+08:00","level":"INFO","msg":"HTTP 访问","method":"GET","path":"/api/system/status","status":200,"latency":"203.3995ms","ip":"::1","trace_id":"d4a71965d21aba3ec4cd2190"}
{"time":"2026-08-23T00:55:56.8454383+08:00","level":"INFO","msg":"HTTP 访问","method":"GET","path":"/api/system/status","status":200,"latency":"203.4033ms","ip":"::1","trace_id":"6d0c0c797116a8bb2751e6bf"}
{"time":"2026-08-23T00:56:01.8466699+08:00","level":"INFO","msg":"HTTP 访问","method":"GET","path":"/api/system/status","status":200,"latency":"202.8606ms","ip":"::1","trace_id":"3709a28a5c669cef75dd5440"}
{"time":"2026-08-23T00:56:06.8511918+08:00","level":"INFO","msg":"HTTP 访问","method":"GET","path":"/api/system/status","status":200,"latency":"203.1587ms","ip":"::1","trace_id":"3d303243865f5e03e7f8f197"}
{"time":"2026-08-23T00:56:11.8463701+08:00","level":"INFO","msg":"HTTP 访问","method":"GET","path":"/api/system/status","status":200,"latency":"202.738ms","ip":"::1","trace_id":"b5393d08f0bbc2f20162e301"}
{"time":"2026-08-23T00:56:16.8583927+08:00","level":"INFO","msg":"HTTP 访问","method":"GET","path":"/api/system/status","status":200,"latency":"202.894ms","ip":"::1","trace_id":"171e965f0a2922e028a5d1a6"}
{"time":"2026-08-23T00:56:21.8510004+08:00","level":"INFO","msg":"HTTP 访问","method":"GET","path":"/api/system/status","status":200,"latency":"205.133ms","ip":"::1","trace_id":"730f56a3e6daad20bb3a07c6"}
{"time":"2026-08-23T00:56:22.0561534+08:00","level":"INFO","msg":"HTTP 访问","method":"GET","path":"/api/system/status","status":200,"latency":"204.5913ms","ip":"::1","trace_id":"9a89da4bca33abf8db111833"}
{"time":"2026-08-23T00:56:26.8470315+08:00","level":"INFO","msg":"HTTP 访问","method":"GET","path":"/api/system/status","status":200,"latency":"203.622ms","ip":"::1","trace_id":"d0718cd1e59cd473e5bd04d7"}
{"time":"2026-08-23T00:56:27.2869335+08:00","level":"INFO","msg":"HTTP 访问","method":"GET","path":"/api/system/status","status":200,"latency":"203.5196ms","ip":"::1","trace_id":"a92d75d56dac293d1a614584"}
{"time":"2026-08-23T00:56:27.4903698+08:00","level":"INFO","msg":"HTTP 访问","method":"GET","path":"/api/system/status","status":200,"latency":"202.8818ms","ip":"::1","trace_id":"93c052fa1e715b9497443a57"}
{"time":"2026-08-23T00:56:31.850242+08:00","level":"INFO","msg":"HTTP 访问","method":"GET","path":"/api/system/status","status":200,"latency":"204.6943ms","ip":"::1","trace_id":"0a50f8650a747fb5922dfbfb"}
{"time":"2026-08-23T00:56:36.8539135+08:00","level":"INFO","msg":"HTTP 访问","method":"GET","path":"/api/system/status","status":200,"latency":"204.6213ms","ip":"::1","trace_id":"a71aa111744421a71a4dcc97"}
{"time":"2026-08-23T00:56:41.8507638+08:00","level":"INFO","msg":"HTTP 访问","method":"GET","path":"/api/system/status","status":200,"latency":"203.0614ms","ip":"::1","trace_id":"afc02fdf8fc0173584202605"}
{"time":"2026-08-23T00:56:46.8504685+08:00","level":"INFO","msg":"HTTP 访问","method":"GET","path":"/api/system/status","status":200,"latency":"203.4912ms","ip":"::1","trace_id":"08face363da7953a631c49ed"}
{"time":"2026-08-23T00:56:51.8505978+08:00","level":"INFO","msg":"HTTP 访问","method":"GET","path":"/api/system/status","status":200,"latency":"203.9306ms","ip":"::1","trace_id":"953b7c3845e88d56f2d6ca2d"}
{"time":"2026-08-23T00:56:56.8503588+08:00","level":"INFO","msg":"HTTP 访问","method":"GET","path":"/api/system/status","status":200,"latency":"203.763ms","ip":"::1","trace_id":"268c258544c5b52e4d9d728e"}
{"time":"2026-08-23T00:57:01.8502277+08:00","level":"INFO","msg":"HTTP 访问","method":"GET","path":"/api/system/status","status":200,"latency":"204.0371ms","ip":"::1","trace_id":"daf8448a8f48808520ad9c17"}
{"time":"2026-08-23T00:57:06.8534154+08:00","level":"INFO","msg":"HTTP 访问","method":"GET","path":"/api/system/status","status":200,"latency":"203.3254ms","ip":"::1","trace_id":"125363a2a857e21102f564eb"}
{"time":"2026-08-23T00:57:11.8560166+08:00","level":"INFO","msg":"HTTP 访问","method":"GET","path":"/api/system/status","status":200,"latency":"202.6578ms","ip":"::1","trace_id":"c3b6316d32fe64ae42f75bba"}
{"time":"2026-08-23T00:57:16.8441996+08:00","level":"INFO","msg":"HTTP 访问","method":"GET","path":"/api/system/status","status":200,"latency":"202.9472ms","ip":"::1","trace_id":"b1e9ebed7716e27b8c7ac4f7"}
{"time":"2026-08-23T00:57:21.8443023+08:00","level":"INFO","msg":"HTTP 访问","method":"GET","path":"/api/system/status","status":200,"latency":"202.9765ms","ip":"::1","trace_id":"ef692ba4357b06b286901a84"}
{"time":"2026-08-23T00:57:22.0485968+08:00","level":"INFO","msg":"HTTP 访问","method":"GET","path":"/api/system/status","status":200,"latency":"203.7624ms","ip":"::1","trace_id":"a8b2be552d180cf495b387d8"}
{"time":"2026-08-23T00:57:26.8506978+08:00","level":"INFO","msg":"HTTP 访问","method":"GET","path":"/api/system/status","status":200,"latency":"202.71ms","ip":"::1","trace_id":"65c4953228929d38f2dfdddc"}
{"time":"2026-08-23T00:57:31.8562835+08:00","level":"INFO","msg":"HTTP 访问","method":"GET","path":"/api/system/status","status":200,"latency":"203.6249ms","ip":"::1","trace_id":"6c7bffc57d04c7affbe7f467"}
{"time":"2026-08-23T00:57:36.847219+08:00","level":"INFO","msg":"HTTP 访问","method":"GET","path":"/api/system/status","status":200,"latency":"203.9259ms","ip":"::1","trace_id":"b3ae43a3b7d5e3be738835a7"}
{"time":"2026-08-23T00:57:41.8564224+08:00","level":"INFO","msg":"HTTP 访问","method":"GET","path":"/api/system/status","status":200,"latency":"203.521ms","ip":"::1","trace_id":"caf7796218e70b538d609222"}
{"time":"2026-08-23T00:57:46.8545619+08:00","level":"INFO","msg":"HTTP 访问","method":"GET","path":"/api/system/status","status":200,"latency":"203.1501ms","ip":"::1","trace_id":"6137b00da40b528fe1e4c8d6"}
{"time":"2026-08-23T00:57:51.8525852+08:00","level":"INFO","msg":"HTTP 访问","method":"GET","path":"/api/system/status","status":200,"latency":"203.8046ms","ip":"::1","trace_id":"a3b13f260ae13fd5a3f4e1b0"}
{"time":"2026-08-23T00:57:56.8511675+08:00","level":"INFO","msg":"HTTP 访问","method":"GET","path":"/api/system/status","status":200,"latency":"203.3593ms","ip":"::1","trace_id":"d5b5d52fe20034a2cb3050e1"}
{"time":"2026-08-23T00:58:01.8592395+08:00","level":"INFO","msg":"HTTP 访问","method":"GET","path":"/api/system/status","status":200,"latency":"204.1137ms","ip":"::1","trace_id":"9f91b47959c833625a417e14"}
{"time":"2026-08-23T00:58:06.8513723+08:00","level":"INFO","msg":"HTTP 访问","method":"GET","path":"/api/system/status","status":200,"latency":"203.0495ms","ip":"::1","trace_id":"9d394c74a0431bc9a9b7f16c"}
{"time":"2026-08-23T00:58:11.8549617+08:00","level":"INFO","msg":"HTTP 访问","method":"GET","path":"/api/system/status","status":200,"latency":"202.866ms","ip":"::1","trace_id":"e8f296c742febd08f4931474"}
{"time":"2026-08-23T00:58:16.8557191+08:00","level":"INFO","msg":"HTTP 访问","method":"GET","path":"/api/system/status","status":200,"latency":"203.0959ms","ip":"::1","trace_id":"cc91e518fee0d4078e74b94b"}
{"time":"2026-08-23T00:58:21.8503944+08:00","level":"INFO","msg":"HTTP 访问","method":"GET","path":"/api/system/status","status":200,"latency":"203.4841ms","ip":"::1","trace_id":"0cd597232d9644d79ecc115d"}
{"time":"2026-08-23T00:58:22.0550691+08:00","level":"INFO","msg":"HTTP 访问","method":"GET","path":"/api/system/status","status":200,"latency":"203.6407ms","ip":"::1","trace_id":"7195ec06d7d3aa0216c2e524"}
{"time":"2026-08-23T00:58:26.8461609+08:00","level":"INFO","msg":"HTTP 访问","method":"GET","path":"/api/system/status","status":200,"latency":"202.7645ms","ip":"::1","trace_id":"0298fa1149bdec56ae8478e5"}
{"time":"2026-08-23T00:58:31.8552683+08:00","level":"INFO","msg":"HTTP 访问","method":"GET","path":"/api/system/status","status":200,"latency":"203.9603ms","ip":"::1","trace_id":"fd3796137a1d79cfaba8b7e8"}
{"time":"2026-08-23T00:58:36.8561275+08:00","level":"INFO","msg":"HTTP 访问","method":"GET","path":"/api/system/status","status":200,"latency":"203.1217ms","ip":"::1","trace_id":"368e748ce87b5c967b05dc95"}
{"time":"2026-08-23T00:58:41.8452752+08:00","level":"INFO","msg":"HTTP 访问","method":"GET","path":"/api/system/status","status":200,"latency":"203.1773ms","ip":"::1","trace_id":"3673576dd0b0fa155249f7bd"}
{"time":"2026-08-23T00:58:46.8463844+08:00","level":"INFO","msg":"HTTP 访问","method":"GET","path":"/api/system/status","status":200,"latency":"203.8036ms","ip":"::1","trace_id":"7f35c93af9c9d60f2685e808"}
{"time":"2026-08-23T00:58:51.8504948+08:00","level":"INFO","msg":"HTTP 访问","method":"GET","path":"/api/system/status","status":200,"latency":"203.9209ms","ip":"::1","trace_id":"ce743be3198a2bf9439e08aa"}
{"time":"2026-08-23T00:58:56.8474532+08:00","level":"INFO","msg":"HTTP 访问","method":"GET","path":"/api/system/status","status":200,"latency":"203.025ms","ip":"::1","trace_id":"fe4f61b43b0e0f7b0ca7cedd"}
{"time":"2026-08-23T00:59:01.8446317+08:00","level":"INFO","msg":"HTTP 访问","method":"GET","path":"/api/system/status","status":200,"latency":"202.8542ms","ip":"::1","trace_id":"19fba3193ebf57848accf9a1"}
{"time":"2026-08-23T00:59:06.8472175+08:00","level":"INFO","msg":"HTTP 访问","method":"GET","path":"/api/system/status","status":200,"latency":"203.1111ms","ip":"::1","trace_id":"681343e753d536172cd336b3"}
{"time":"2026-08-23T00:59:11.8550796+08:00","level":"INFO","msg":"HTTP 访问","method":"GET","path":"/api/system/status","status":200,"latency":"202.9237ms","ip":"::1","trace_id":"a1ed7672e16692042402a020"}
{"time":"2026-08-23T00:59:16.8595245+08:00","level":"INFO","msg":"HTTP 访问","method":"GET","path":"/api/system/status","status":200,"latency":"203.1016ms","ip":"::1","trace_id":"c34080ac1de1a9380058d8cd"}
{"time":"2026-08-23T00:59:21.8519322+08:00","level":"INFO","msg":"HTTP 访问","method":"GET","path":"/api/system/status","status":200,"latency":"203.2691ms","ip":"::1","trace_id":"97a9669d79906cf6d11cc605"}
{"time":"2026-08-23T00:59:22.0560673+08:00","level":"INFO","msg":"HTTP 访问","method":"GET","path":"/api/system/status","status":200,"latency":"203.0589ms","ip":"::1","trace_id":"30231a1ac5a7c99ba896818c"}
{"time":"2026-08-23T00:59:26.8529462+08:00","level":"INFO","msg":"HTTP 访问","method":"GET","path":"/api/system/status","status":200,"latency":"203.1485ms","ip":"::1","trace_id":"93885e05108ff80ca5cbc869"}
{"time":"2026-08-23T00:59:31.8448831+08:00","level":"INFO","msg":"HTTP 访问","method":"GET","path":"/api/system/status","status":200,"latency":"203.8244ms","ip":"::1","trace_id":"6977d2ff1cacabaf15f453ac"}
{"time":"2026-08-23T00:59:36.8492692+08:00","level":"INFO","msg":"HTTP 访问","method":"GET","path":"/api/system/status","status":200,"latency":"204.097ms","ip":"::1","trace_id":"b3abd1ca8cd7cb2440d58e32"}
{"time":"2026-08-23T00:59:41.8572901+08:00","level":"INFO","msg":"HTTP 访问","method":"GET","path":"/api/system/status","status":200,"latency":"204.1484ms","ip":"::1","trace_id":"bf9d01c0972d3212330b3398"}
{"time":"2026-08-23T00:59:46.845743+08:00","level":"INFO","msg":"HTTP 访问","method":"GET","path":"/api/system/status","status":200,"latency":"202.7841ms","ip":"::1","trace_id":"8c87d2191a49d7feeb76e08d"}
{"time":"2026-08-23T00:59:51.8491433+08:00","level":"INFO","msg":"HTTP 访问","method":"GET","path":"/api/system/status","status":200,"latency":"203.0258ms","ip":"::1","trace_id":"a9012e805525b42b5d765a74"}
{"time":"2026-08-23T00:59:56.8440647+08:00","level":"INFO","msg":"HTTP 访问","method":"GET","path":"/api/system/status","status":200,"latency":"203.8907ms","ip":"::1","trace_id":"6ed873e3a76bab4903786fe1"}
{"time":"2026-08-23T01:00:01.8549938+08:00","level":"INFO","msg":"HTTP 访问","method":"GET","path":"/api/system/status","status":200,"latency":"202.9019ms","ip":"::1","trace_id":"5111820c2d974e74c5b51ded"}
{"time":"2026-08-23T01:00:06.8559589+08:00","level":"INFO","msg":"HTTP 访问","method":"GET","path":"/api/system/status","status":200,"latency":"202.8362ms","ip":"::1","trace_id":"f93ff193930bd267b2434746"}
{"time":"2026-08-23T01:00:11.8557883+08:00","level":"INFO","msg":"HTTP 访问","method":"GET","path":"/api/system/status","status":200,"latency":"204.2501ms","ip":"::1","trace_id":"4ad7a4bc705b783ab1e68c71"}
{"time":"2026-08-23T01:00:16.8568931+08:00","level":"INFO","msg":"HTTP 访问","method":"GET","path":"/api/system/status","status":200,"latency":"203.0032ms","ip":"::1","trace_id":"02f8effb2dae47331e1d3426"}
{"time":"2026-08-23T01:00:21.8444367+08:00","level":"INFO","msg":"HTTP 访问","method":"GET","path":"/api/system/status","status":200,"latency":"203.9006ms","ip":"::1","trace_id":"b8045217dd21bc3641b58914"}
{"time":"2026-08-23T01:00:22.0491658+08:00","level":"INFO","msg":"HTTP 访问","method":"GET","path":"/api/system/status","status":200,"latency":"203.4929ms","ip":"::1","trace_id":"e5d90f0489aa85ad530d61fd"}
{"time":"2026-08-23T01:00:26.8531894+08:00","level":"INFO","msg":"HTTP 访问","method":"GET","path":"/api/system/status","status":200,"latency":"202.9617ms","ip":"::1","trace_id":"3d27691f4ee07c139e6e3b39"}
{"time":"2026-08-23T01:00:31.8527788+08:00","level":"INFO","msg":"HTTP 访问","method":"GET","path":"/api/system/status","status":200,"latency":"203.3883ms","ip":"::1","trace_id":"e119694ae8242404303d4f2b"}
{"time":"2026-08-23T01:00:36.8582044+08:00","level":"INFO","msg":"HTTP 访问","method":"GET","path":"/api/system/status","status":200,"latency":"203.0467ms","ip":"::1","trace_id":"6f5e6b2c0c20e9d3a2160c99"}
{"time":"2026-08-23T01:00:41.8532568+08:00","level":"INFO","msg":"HTTP 访问","method":"GET","path":"/api/system/status","status":200,"latency":"203.0973ms","ip":"::1","trace_id":"484940ff344847b442eb251c"}
{"time":"2026-08-23T01:00:46.8455876+08:00","level":"INFO","msg":"HTTP 访问","method":"GET","path":"/api/system/status","status":200,"latency":"203.9294ms","ip":"::1","trace_id":"0950d376ce020945a93f4c97"}
{"time":"2026-08-23T01:00:51.8451186+08:00","level":"INFO","msg":"HTTP 访问","method":"GET","path":"/api/system/status","status":200,"latency":"203.8035ms","ip":"::1","trace_id":"d9e38f22ce515981e282dd27"}
{"time":"2026-08-23T01:00:56.8524933+08:00","level":"INFO","msg":"HTTP 访问","method":"GET","path":"/api/system/status","status":200,"latency":"203.116ms","ip":"::1","trace_id":"e7a5b2f560bb2c4d4f55397b"}
{"time":"2026-08-23T01:01:01.8476095+08:00","level":"INFO","msg":"HTTP 访问","method":"GET","path":"/api/system/status","status":200,"latency":"203.5787ms","ip":"::1","trace_id":"181aa51a0c46193a8d4bdf6d"}
{"time":"2026-08-23T01:01:06.8448448+08:00","level":"INFO","msg":"HTTP 访问","method":"GET","path":"/api/system/status","status":200,"latency":"203.1097ms","ip":"::1","trace_id":"330078ce78663523fd6406a0"}
{"time":"2026-08-23T01:01:11.8584497+08:00","level":"INFO","msg":"HTTP 访问","method":"GET","path":"/api/system/status","status":200,"latency":"204.0325ms","ip":"::1","trace_id":"877f6b8508c61ec58dafc838"}
{"time":"2026-08-23T01:01:16.8561435+08:00","level":"INFO","msg":"HTTP 访问","method":"GET","path":"/api/system/status","status":200,"latency":"204.1215ms","ip":"::1","trace_id":"2743df095ccc2c3c1066f4a6"}
{"time":"2026-08-23T01:01:21.8452748+08:00","level":"INFO","msg":"HTTP 访问","method":"GET","path":"/api/system/status","status":200,"latency":"203.1803ms","ip":"::1","trace_id":"5095143b3f98200afa12c5f0"}
{"time":"2026-08-23T01:01:22.0514263+08:00","level":"INFO","msg":"HTTP 访问","method":"GET","path":"/api/system/status","status":200,"latency":"204.6138ms","ip":"::1","trace_id":"285cb5a868707bfc132dc5ba"}
{"time":"2026-08-23T01:01:26.8441282+08:00","level":"INFO","msg":"HTTP 访问","method":"GET","path":"/api/system/status","status":200,"latency":"203.0533ms","ip":"::1","trace_id":"306c5ec3bea68ad37a34dab2"}
{"time":"2026-08-23T01:01:31.8565646+08:00","level":"INFO","msg":"HTTP 访问","method":"GET","path":"/api/system/status","status":200,"latency":"203.109ms","ip":"::1","trace_id":"90be6da53a82e6794b94393e"}
{"time":"2026-08-23T01:01:36.8603539+08:00","level":"INFO","msg":"HTTP 访问","method":"GET","path":"/api/system/status","status":200,"latency":"203.3896ms","ip":"::1","trace_id":"c81f667cb16bf29aa3414945"}
{"time":"2026-08-23T01:01:41.8449953+08:00","level":"INFO","msg":"HTTP 访问","method":"GET","path":"/api/system/status","status":200,"latency":"203.2194ms","ip":"::1","trace_id":"b8bdd3c1c3753f3a155b381d"}
{"time":"2026-08-23T01:01:45.8163368+08:00","level":"INFO","msg":"收到退出信号，开始优雅关闭"}
{"time":"2026-08-23T01:01:45.817869+08:00","level":"INFO","msg":"定时任务调度器已停止"}
{"time":"2026-08-23T01:01:45.817869+08:00","level":"INFO","msg":"定时任务调度器已停止"}
{"time":"2026-08-23T01:01:45.8183855+08:00","level":"INFO","msg":"WebSocket Hub 已关闭"}
{"time":"2026-08-23T01:01:50.3396316+08:00","level":"WARN","msg":"默认主人账号已就绪","username":"admin","role":"master","id":0,"提示":"主人密码仅可通过 config.toml 的 [auth] 段修改"}
{"time":"2026-08-23T01:01:50.3401516+08:00","level":"INFO","msg":"定时任务调度器已启动","count":0}
{"time":"2026-08-23T01:01:50.3401516+08:00","level":"INFO","msg":"异步任务 Worker 已启动","size":4}
{"time":"2026-08-23T01:01:50.3422178+08:00","level":"WARN","msg":"MQTT 连接失败（降级运行，仅支持本地设备）","broker":"tcp://localhost:1883","error":"连接 MQTT broker 失败: dial tcp :1883: connectex: No connection could be made because the target machine actively refused it."}
{"time":"2026-08-23T01:01:50.3422178+08:00","level":"INFO","msg":"定时任务调度器已启动","count":0}
{"time":"2026-08-23T01:01:50.3422178+08:00","level":"INFO","msg":"IoT 服务已启动"}
{"time":"2026-08-23T01:01:50.3422178+08:00","level":"INFO","msg":"WebDAV 已挂载","prefix":"/dav"}
{"time":"2026-08-23T01:01:50.3422178+08:00","level":"INFO","msg":"HTTP 服务启动","addr":":8080"}
{"time":"2026-08-23T01:01:52.2992286+08:00","level":"INFO","msg":"HTTP 访问","method":"GET","path":"/api/system/status","status":200,"latency":"207.2162ms","ip":"::1","trace_id":"274fb91e201e0ff14be96c5d"}
{"time":"2026-08-23T01:01:55.1559993+08:00","level":"INFO","msg":"HTTP 访问","method":"GET","path":"/api/system/status","status":200,"latency":"204.5162ms","ip":"192.168.137.140","trace_id":"cd46dfd70588198e8baa7932"}
{"time":"2026-08-23T01:01:55.4023382+08:00","level":"INFO","msg":"HTTP 访问","method":"GET","path":"/api/system/status","status":200,"latency":"202.7005ms","ip":"192.168.137.140","trace_id":"f04575a8fab136d8d605b911"}
{"time":"2026-08-23T01:01:55.5478748+08:00","level":"INFO","msg":"HTTP 访问","method":"GET","path":"/","status":200,"latency":"69.026ms","ip":"192.168.137.140","trace_id":"115d182f646a084ca2cb98ff"}
{"time":"2026-08-23T01:01:55.5976624+08:00","level":"INFO","msg":"HTTP 访问","method":"GET","path":"/api/auth/me","status":200,"latency":"0s","ip":"192.168.137.140","trace_id":"a2324667cc1f57e370bab7e5"}
{"time":"2026-08-23T01:01:55.6304243+08:00","level":"INFO","msg":"HTTP 访问","method":"GET","path":"/favicon.ico","status":200,"latency":"5.7244ms","ip":"192.168.137.140","trace_id":"b16f81e3578d43b41cfc7c1d"}
{"time":"2026-08-23T01:01:55.8334687+08:00","level":"INFO","msg":"HTTP 访问","method":"GET","path":"/api/system/status","status":200,"latency":"203.5468ms","ip":"192.168.137.140","trace_id":"0a29548a850bd0c16625d9a7"}
{"time":"2026-08-23T01:01:56.0402847+08:00","level":"INFO","msg":"HTTP 访问","method":"GET","path":"/api/system/status","status":200,"latency":"203.2713ms","ip":"192.168.137.140","trace_id":"45f3ed1679ec280b57aacf2b"}
{"time":"2026-08-23T01:01:57.2942783+08:00","level":"INFO","msg":"HTTP 访问","method":"GET","path":"/api/system/status","status":200,"latency":"202.6784ms","ip":"::1","trace_id":"b96e61cdbbb2c02926e9f272"}
{"time":"2026-08-23T01:01:59.2518577+08:00","level":"INFO","msg":"HTTP 访问","method":"GET","path":"/api/files","status":200,"latency":"28.8324ms","ip":"192.168.137.140","trace_id":"1621bc5861fa05894e454db4"}
{"time":"2026-08-23T01:01:59.2892198+08:00","level":"INFO","msg":"HTTP 访问","method":"GET","path":"/api/storage/stats","status":200,"latency":"20.0441ms","ip":"192.168.137.140","trace_id":"05af293c92901e940517f074"}
{"time":"2026-08-23T01:02:00.8321517+08:00","level":"INFO","msg":"HTTP 访问","method":"GET","path":"/api/system/status","status":200,"latency":"204.5711ms","ip":"192.168.137.140","trace_id":"1df3129707eeb1121188d245"}
{"time":"2026-08-23T01:02:01.6744978+08:00","level":"INFO","msg":"HTTP 访问","method":"GET","path":"/api/files","status":200,"latency":"502.7µs","ip":"192.168.137.140","trace_id":"d51d401cfc3cab753e914a6e"}
{"time":"2026-08-23T01:02:01.7122596+08:00","level":"INFO","msg":"HTTP 访问","method":"GET","path":"/api/storage/stats","status":200,"latency":"19.4964ms","ip":"192.168.137.140","trace_id":"3e6b4a5e5d62ad13989dab68"}
{"time":"2026-08-23T01:02:02.2879239+08:00","level":"INFO","msg":"HTTP 访问","method":"GET","path":"/api/system/status","status":200,"latency":"204.1856ms","ip":"::1","trace_id":"e8544806712995f601680797"}
{"time":"2026-08-23T01:02:02.5451129+08:00","level":"INFO","msg":"HTTP 访问","method":"GET","path":"/api/files","status":200,"latency":"1.0138ms","ip":"192.168.137.140","trace_id":"d2f648d91df4e062cd5df298"}
{"time":"2026-08-23T01:02:02.5957559+08:00","level":"INFO","msg":"HTTP 访问","method":"GET","path":"/api/storage/stats","status":200,"latency":"21.0189ms","ip":"192.168.137.140","trace_id":"ed13a39619a9f39e2b209e72"}
{"time":"2026-08-23T01:02:05.8358029+08:00","level":"INFO","msg":"HTTP 访问","method":"GET","path":"/api/system/status","status":200,"latency":"203.0627ms","ip":"192.168.137.140","trace_id":"b574ca133c5eb5dd28d2dd67"}
{"time":"2026-08-23T01:02:07.289002+08:00","level":"INFO","msg":"HTTP 访问","method":"GET","path":"/api/system/status","status":200,"latency":"203.0066ms","ip":"::1","trace_id":"5e64457df1853ae73425cccc"}
{"time":"2026-08-23T01:02:07.960473+08:00","level":"INFO","msg":"HTTP 访问","method":"GET","path":"/api/files","status":200,"latency":"1.508ms","ip":"192.168.137.140","trace_id":"32b06896c0828ecf60141721"}
{"time":"2026-08-23T01:02:08.0199238+08:00","level":"INFO","msg":"HTTP 访问","method":"GET","path":"/api/storage/stats","status":200,"latency":"19.5778ms","ip":"192.168.137.140","trace_id":"85ae79012f5095d10ee4eb14"}
{"time":"2026-08-23T01:02:10.8320892+08:00","level":"INFO","msg":"HTTP 访问","method":"GET","path":"/api/system/status","status":200,"latency":"203.0887ms","ip":"192.168.137.140","trace_id":"606532bc136010305724eed0"}
{"time":"2026-08-23T01:02:12.3088834+08:00","level":"INFO","msg":"HTTP 访问","method":"GET","path":"/api/system/status","status":200,"latency":"203.1062ms","ip":"::1","trace_id":"11037f0e586236984ed0bf97"}
{"time":"2026-08-23T01:02:15.8304042+08:00","level":"INFO","msg":"HTTP 访问","method":"GET","path":"/api/system/status","status":200,"latency":"203.0757ms","ip":"192.168.137.140","trace_id":"6ae098d9601d976ed84d11b8"}
{"time":"2026-08-23T01:02:17.2014322+08:00","level":"INFO","msg":"HTTP 访问","method":"GET","path":"/api/system/status","status":200,"latency":"203.1825ms","ip":"::1","trace_id":"408d3978e859adbc87c55896"}
{"time":"2026-08-23T01:02:20.8241854+08:00","level":"INFO","msg":"HTTP 访问","method":"GET","path":"/api/system/status","status":200,"latency":"203.1455ms","ip":"192.168.137.140","trace_id":"be7a8e306edd139c33014a88"}
{"time":"2026-08-23T01:02:21.8529565+08:00","level":"INFO","msg":"HTTP 访问","method":"GET","path":"/api/system/status","status":200,"latency":"203.5868ms","ip":"::1","trace_id":"78f7d889c73cea7a22c696ae"}
{"time":"2026-08-23T01:02:22.059122+08:00","level":"INFO","msg":"HTTP 访问","method":"GET","path":"/api/system/status","status":200,"latency":"205.1516ms","ip":"::1","trace_id":"c5a3c0d40cbba87b0a1d3dea"}
{"time":"2026-08-23T01:02:25.8444694+08:00","level":"INFO","msg":"HTTP 访问","method":"GET","path":"/api/system/status","status":200,"latency":"214.3593ms","ip":"192.168.137.140","trace_id":"775a20785831559bac0c6db2"}
{"time":"2026-08-23T01:02:26.8507381+08:00","level":"INFO","msg":"HTTP 访问","method":"GET","path":"/api/system/status","status":200,"latency":"207.6406ms","ip":"::1","trace_id":"47d40f3b12a2c9026674813f"}
{"time":"2026-08-23T01:02:30.8505475+08:00","level":"INFO","msg":"HTTP 访问","method":"GET","path":"/api/system/status","status":200,"latency":"217.9644ms","ip":"192.168.137.140","trace_id":"25e5dc98bba2908657f324ca"}
{"time":"2026-08-23T01:02:31.8488549+08:00","level":"INFO","msg":"HTTP 访问","method":"GET","path":"/api/system/status","status":200,"latency":"203.5173ms","ip":"::1","trace_id":"87c925de2efb379e9015e894"}
{"time":"2026-08-23T01:02:35.91707+08:00","level":"INFO","msg":"HTTP 访问","method":"GET","path":"/api/system/status","status":200,"latency":"216.0467ms","ip":"192.168.137.140","trace_id":"295ee5a1e9b75e7150227a1d"}
{"time":"2026-08-23T01:02:36.8503194+08:00","level":"INFO","msg":"HTTP 访问","method":"GET","path":"/api/system/status","status":200,"latency":"208.8752ms","ip":"::1","trace_id":"ee1edc49e4e89b6fe99a7eb8"}
{"time":"2026-08-23T01:02:40.8226481+08:00","level":"INFO","msg":"HTTP 访问","method":"GET","path":"/api/system/status","status":200,"latency":"203.88ms","ip":"192.168.137.140","trace_id":"b2f2c2dd8539edf88240aede"}
{"time":"2026-08-23T01:02:41.8665825+08:00","level":"INFO","msg":"HTTP 访问","method":"GET","path":"/api/system/status","status":200,"latency":"218.4587ms","ip":"::1","trace_id":"d981aa29be04fcf9452b3b8a"}
{"time":"2026-08-23T01:02:45.8370145+08:00","level":"INFO","msg":"HTTP 访问","method":"GET","path":"/api/system/status","status":200,"latency":"214.0444ms","ip":"192.168.137.140","trace_id":"f019643ece457b99fb4e3734"}
{"time":"2026-08-23T01:02:46.8640849+08:00","level":"INFO","msg":"HTTP 访问","method":"GET","path":"/api/system/status","status":200,"latency":"216.6597ms","ip":"::1","trace_id":"8bf306a2027df9858e31febc"}
{"time":"2026-08-23T01:02:50.8399602+08:00","level":"INFO","msg":"HTTP 访问","method":"GET","path":"/api/system/status","status":200,"latency":"220.2482ms","ip":"192.168.137.140","trace_id":"602fe301be31cfb6f7cb04ad"}
{"time":"2026-08-23T01:02:51.8583413+08:00","level":"INFO","msg":"HTTP 访问","method":"GET","path":"/api/system/status","status":200,"latency":"206.2808ms","ip":"::1","trace_id":"f33f1b58c9900666b582f18c"}
{"time":"2026-08-23T01:02:55.9899234+08:00","level":"INFO","msg":"HTTP 访问","method":"GET","path":"/api/system/status","status":200,"latency":"203.4568ms","ip":"192.168.137.140","trace_id":"93e6d18d092b4ea61d8e9543"}
{"time":"2026-08-23T01:02:56.0068188+08:00","level":"INFO","msg":"HTTP 访问","method":"GET","path":"/ws","status":200,"latency":"1m0.3763945s","ip":"192.168.137.140","trace_id":"52dddab2b98a63e21dd5dc39"}
{"time":"2026-08-23T01:02:56.8653096+08:00","level":"INFO","msg":"HTTP 访问","method":"GET","path":"/api/system/status","status":200,"latency":"217.9008ms","ip":"::1","trace_id":"0cd200c8718e85d1e5f400ee"}
{"time":"2026-08-23T01:03:01.8790214+08:00","level":"INFO","msg":"HTTP 访问","method":"GET","path":"/api/system/status","status":200,"latency":"232.6933ms","ip":"::1","trace_id":"ca1937b4e447c4cc682447df"}
{"time":"2026-08-23T01:03:06.8451483+08:00","level":"INFO","msg":"HTTP 访问","method":"GET","path":"/api/system/status","status":200,"latency":"204.7118ms","ip":"::1","trace_id":"b1333757c724c0becc452229"}
{"time":"2026-08-23T01:03:11.8508749+08:00","level":"INFO","msg":"HTTP 访问","method":"GET","path":"/api/system/status","status":200,"latency":"203.3171ms","ip":"::1","trace_id":"d7f71dc915323184361aa771"}
{"time":"2026-08-23T01:03:16.8606942+08:00","level":"INFO","msg":"HTTP 访问","method":"GET","path":"/api/system/status","status":200,"latency":"220.4356ms","ip":"::1","trace_id":"651476b8d0a25c875538eb01"}
{"time":"2026-08-23T01:03:21.8609481+08:00","level":"INFO","msg":"HTTP 访问","method":"GET","path":"/api/system/status","status":200,"latency":"208.9769ms","ip":"::1","trace_id":"8e96cfd3dc6663f33f972f05"}
{"time":"2026-08-23T01:03:22.0726078+08:00","level":"INFO","msg":"HTTP 访问","method":"GET","path":"/api/system/status","status":200,"latency":"209.1269ms","ip":"::1","trace_id":"527ce79807bed43473d4169b"}
{"time":"2026-08-23T01:03:26.8609361+08:00","level":"INFO","msg":"HTTP 访问","method":"GET","path":"/api/system/status","status":200,"latency":"213.007ms","ip":"::1","trace_id":"d00ba66258240c2f9283ea86"}
{"time":"2026-08-23T01:03:31.8473747+08:00","level":"INFO","msg":"HTTP 访问","method":"GET","path":"/api/system/status","status":200,"latency":"202.9819ms","ip":"::1","trace_id":"f485856d20c7c2852866d816"}
{"time":"2026-08-23T01:03:36.8551029+08:00","level":"INFO","msg":"HTTP 访问","method":"GET","path":"/api/system/status","status":200,"latency":"205.2265ms","ip":"::1","trace_id":"e3e0274b47cb83395b6a51d2"}
{"time":"2026-08-23T01:03:41.8516175+08:00","level":"INFO","msg":"HTTP 访问","method":"GET","path":"/api/system/status","status":200,"latency":"209.4025ms","ip":"::1","trace_id":"b247a907d2435eb0821e3443"}
{"time":"2026-08-23T01:03:46.8695422+08:00","level":"INFO","msg":"HTTP 访问","method":"GET","path":"/api/system/status","status":200,"latency":"220.8495ms","ip":"::1","trace_id":"558fa5c3d1873b90670667bd"}
{"time":"2026-08-23T01:03:51.8728104+08:00","level":"INFO","msg":"HTTP 访问","method":"GET","path":"/api/system/status","status":200,"latency":"209.8298ms","ip":"::1","trace_id":"cf960e1d2bf015ba3c91fce5"}
{"time":"2026-08-23T01:03:56.8525904+08:00","level":"INFO","msg":"HTTP 访问","method":"GET","path":"/api/system/status","status":200,"latency":"203.6124ms","ip":"::1","trace_id":"2aaa78608e1f9860192a1c12"}
{"time":"2026-08-23T01:04:01.8535444+08:00","level":"INFO","msg":"HTTP 访问","method":"GET","path":"/api/system/status","status":200,"latency":"207.8454ms","ip":"::1","trace_id":"b8b157fc5e230f31ef313773"}
{"time":"2026-08-23T01:04:06.8684407+08:00","level":"INFO","msg":"HTTP 访问","method":"GET","path":"/api/system/status","status":200,"latency":"216.3538ms","ip":"::1","trace_id":"e73b06748fceb08c65780ce1"}
{"time":"2026-08-23T01:04:11.8644617+08:00","level":"INFO","msg":"HTTP 访问","method":"GET","path":"/api/system/status","status":200,"latency":"204.4811ms","ip":"::1","trace_id":"79806b1959fc231dcd40e6f1"}
{"time":"2026-08-23T01:04:16.862926+08:00","level":"INFO","msg":"HTTP 访问","method":"GET","path":"/api/system/status","status":200,"latency":"211.9531ms","ip":"::1","trace_id":"16b9f01507acc4e37e0d97c9"}
{"time":"2026-08-23T01:04:21.8699615+08:00","level":"INFO","msg":"HTTP 访问","method":"GET","path":"/api/system/status","status":200,"latency":"221.8768ms","ip":"::1","trace_id":"6802c5d8af0eb1a06b632cf6"}
{"time":"2026-08-23T01:04:22.0850956+08:00","level":"INFO","msg":"HTTP 访问","method":"GET","path":"/api/system/status","status":200,"latency":"210.7193ms","ip":"::1","trace_id":"6f6775f38ec2cd66e27acda7"}
{"time":"2026-08-23T01:04:26.9228461+08:00","level":"INFO","msg":"HTTP 访问","method":"GET","path":"/api/system/status","status":200,"latency":"229.1375ms","ip":"::1","trace_id":"edf6a407be1c6aaf307d02ff"}
{"time":"2026-08-23T01:04:31.8774167+08:00","level":"INFO","msg":"HTTP 访问","method":"GET","path":"/api/system/status","status":200,"latency":"221.9975ms","ip":"::1","trace_id":"2d52220b2e9c1a405fbc608c"}
{"time":"2026-08-23T01:04:36.8572468+08:00","level":"INFO","msg":"HTTP 访问","method":"GET","path":"/api/system/status","status":200,"latency":"203.7909ms","ip":"::1","trace_id":"1c9eae688c7b2e36e916f0b2"}
{"time":"2026-08-23T01:04:41.8531741+08:00","level":"INFO","msg":"HTTP 访问","method":"GET","path":"/api/system/status","status":200,"latency":"210.9773ms","ip":"::1","trace_id":"23d8c8166d3732b1a94b9544"}
{"time":"2026-08-23T01:04:46.8875552+08:00","level":"INFO","msg":"HTTP 访问","method":"GET","path":"/api/system/status","status":200,"latency":"237.3553ms","ip":"::1","trace_id":"f97bfdb85502b6d9644adc47"}
{"time":"2026-08-23T01:04:51.8444555+08:00","level":"INFO","msg":"HTTP 访问","method":"GET","path":"/api/system/status","status":200,"latency":"203.0207ms","ip":"::1","trace_id":"68cc012efa2d1db94d015149"}
{"time":"2026-08-23T01:04:56.8500171+08:00","level":"INFO","msg":"HTTP 访问","method":"GET","path":"/api/system/status","status":200,"latency":"203.2494ms","ip":"::1","trace_id":"98e7e3eb7ab07e913223c5a2"}
{"time":"2026-08-23T01:05:01.8489692+08:00","level":"INFO","msg":"HTTP 访问","method":"GET","path":"/api/system/status","status":200,"latency":"203.8915ms","ip":"::1","trace_id":"6d194e67093d6c7c772eec2e"}
{"time":"2026-08-23T01:05:06.8779802+08:00","level":"INFO","msg":"HTTP 访问","method":"GET","path":"/api/system/status","status":200,"latency":"236.5873ms","ip":"::1","trace_id":"b1a526d600df1874d26536ff"}
{"time":"2026-08-23T01:05:11.8514876+08:00","level":"INFO","msg":"HTTP 访问","method":"GET","path":"/api/system/status","status":200,"latency":"206.4346ms","ip":"::1","trace_id":"1f93f14ca30005a424b68c33"}
{"time":"2026-08-23T01:05:16.8567698+08:00","level":"INFO","msg":"HTTP 访问","method":"GET","path":"/api/system/status","status":200,"latency":"202.9993ms","ip":"::1","trace_id":"2d1e7a3f6c2c752bf1d4807b"}
{"time":"2026-08-23T01:05:21.8515306+08:00","level":"INFO","msg":"HTTP 访问","method":"GET","path":"/api/system/status","status":200,"latency":"202.8355ms","ip":"::1","trace_id":"f88809f8eb7de985c2d279df"}
{"time":"2026-08-23T01:05:22.0564987+08:00","level":"INFO","msg":"HTTP 访问","method":"GET","path":"/api/system/status","status":200,"latency":"203.1189ms","ip":"::1","trace_id":"2605bfb3b1d867b70c74a551"}
{"time":"2026-08-23T01:05:26.8588524+08:00","level":"INFO","msg":"HTTP 访问","method":"GET","path":"/api/system/status","status":200,"latency":"214.5731ms","ip":"::1","trace_id":"c4ab61728ab4bb893b7dea87"}
{"time":"2026-08-23T01:05:31.9097435+08:00","level":"INFO","msg":"HTTP 访问","method":"GET","path":"/api/system/status","status":200,"latency":"262.684ms","ip":"::1","trace_id":"0ce436e296d98df21b81e634"}
{"time":"2026-08-23T01:05:36.8592823+08:00","level":"INFO","msg":"HTTP 访问","method":"GET","path":"/api/system/status","status":200,"latency":"203.257ms","ip":"::1","trace_id":"b0786671d1febec04204f0f8"}
{"time":"2026-08-23T01:05:41.8750091+08:00","level":"INFO","msg":"HTTP 访问","method":"GET","path":"/api/system/status","status":200,"latency":"219.969ms","ip":"::1","trace_id":"3f70596d72f48095b44906d1"}
{"time":"2026-08-23T01:05:46.864222+08:00","level":"INFO","msg":"HTTP 访问","method":"GET","path":"/api/system/status","status":200,"latency":"216.305ms","ip":"::1","trace_id":"f9cd833e06a6d95683846cc4"}
{"time":"2026-08-23T01:05:51.8882935+08:00","level":"INFO","msg":"HTTP 访问","method":"GET","path":"/api/system/status","status":200,"latency":"219.0929ms","ip":"::1","trace_id":"82004c5de8803e721fab3355"}
{"time":"2026-08-23T01:05:56.8643034+08:00","level":"INFO","msg":"HTTP 访问","method":"GET","path":"/api/system/status","status":200,"latency":"217.2938ms","ip":"::1","trace_id":"55132ebf9855b1a935b0ca90"}
{"time":"2026-08-23T01:06:01.8452371+08:00","level":"INFO","msg":"HTTP 访问","method":"GET","path":"/api/system/status","status":200,"latency":"203.1623ms","ip":"::1","trace_id":"b14f89601ceddad5bd61ea82"}
{"time":"2026-08-23T01:06:06.8539112+08:00","level":"INFO","msg":"HTTP 访问","method":"GET","path":"/api/system/status","status":200,"latency":"208.7339ms","ip":"::1","trace_id":"b0705eb7d9acea60447182eb"}
{"time":"2026-08-23T01:06:11.8607675+08:00","level":"INFO","msg":"HTTP 访问","method":"GET","path":"/api/system/status","status":200,"latency":"207.5518ms","ip":"::1","trace_id":"b658cd26657c15f5f97a150c"}
{"time":"2026-08-23T01:06:16.8543731+08:00","level":"INFO","msg":"HTTP 访问","method":"GET","path":"/api/system/status","status":200,"latency":"204.869ms","ip":"::1","trace_id":"6ab9d35a77b787c5ac6f361a"}
{"time":"2026-08-23T01:06:21.8577876+08:00","level":"INFO","msg":"HTTP 访问","method":"GET","path":"/api/system/status","status":200,"latency":"206.3776ms","ip":"::1","trace_id":"c49b3d87d7e51565645dbd59"}
{"time":"2026-08-23T01:06:22.0650712+08:00","level":"INFO","msg":"HTTP 访问","method":"GET","path":"/api/system/status","status":200,"latency":"205.139ms","ip":"::1","trace_id":"d2e864f97c0c2a577e60cc20"}
{"time":"2026-08-23T01:06:26.8446435+08:00","level":"INFO","msg":"HTTP 访问","method":"GET","path":"/api/system/status","status":200,"latency":"202.8176ms","ip":"::1","trace_id":"3199393de1b7207a86e67742"}
{"time":"2026-08-23T01:06:31.8565966+08:00","level":"INFO","msg":"HTTP 访问","method":"GET","path":"/api/system/status","status":200,"latency":"213.4663ms","ip":"::1","trace_id":"899afd273781270d204579ca"}
{"time":"2026-08-23T01:06:36.8486444+08:00","level":"INFO","msg":"HTTP 访问","method":"GET","path":"/api/system/status","status":200,"latency":"206.2348ms","ip":"::1","trace_id":"8f3756a8eca509968eaac0e4"}
{"time":"2026-08-23T01:06:41.8459672+08:00","level":"INFO","msg":"HTTP 访问","method":"GET","path":"/api/system/status","status":200,"latency":"203.4338ms","ip":"::1","trace_id":"29c4a0bd8714c89ec2d61be3"}
{"time":"2026-08-23T01:06:46.8592578+08:00","level":"INFO","msg":"HTTP 访问","method":"GET","path":"/api/system/status","status":200,"latency":"204.4587ms","ip":"::1","trace_id":"131c0b29bc330d2fc5f04c09"}
{"time":"2026-08-23T01:06:51.845338+08:00","level":"INFO","msg":"HTTP 访问","method":"GET","path":"/api/system/status","status":200,"latency":"202.8579ms","ip":"::1","trace_id":"19857f4ff01be16f10b22119"}
{"time":"2026-08-23T01:06:56.9039002+08:00","level":"INFO","msg":"HTTP 访问","method":"GET","path":"/api/system/status","status":200,"latency":"233.5057ms","ip":"::1","trace_id":"ae2a204ce53490a98772f9d5"}
{"time":"2026-08-23T01:07:01.8716265+08:00","level":"INFO","msg":"HTTP 访问","method":"GET","path":"/api/system/status","status":200,"latency":"216.7745ms","ip":"::1","trace_id":"c08a5b4a205ef3f96a321504"}
{"time":"2026-08-23T01:07:06.8493122+08:00","level":"INFO","msg":"HTTP 访问","method":"GET","path":"/api/system/status","status":200,"latency":"203.3972ms","ip":"::1","trace_id":"c41c5581a173469f9f854de6"}
{"time":"2026-08-23T01:07:11.8636091+08:00","level":"INFO","msg":"HTTP 访问","method":"GET","path":"/api/system/status","status":200,"latency":"212.895ms","ip":"::1","trace_id":"4d49e3bf513c29803047c216"}
{"time":"2026-08-23T01:07:16.8507392+08:00","level":"INFO","msg":"HTTP 访问","method":"GET","path":"/api/system/status","status":200,"latency":"206.0282ms","ip":"::1","trace_id":"27fb84580a7ecc49e36b9b50"}
{"time":"2026-08-23T01:07:21.866443+08:00","level":"INFO","msg":"HTTP 访问","method":"GET","path":"/api/system/status","status":200,"latency":"206.4719ms","ip":"::1","trace_id":"83651ca6b56451e852bed11b"}
{"time":"2026-08-23T01:07:22.0894504+08:00","level":"INFO","msg":"HTTP 访问","method":"GET","path":"/api/system/status","status":200,"latency":"214.5786ms","ip":"::1","trace_id":"89ce9399fa248e352d07554c"}
{"time":"2026-08-23T01:07:26.8485301+08:00","level":"INFO","msg":"HTTP 访问","method":"GET","path":"/api/system/status","status":200,"latency":"206.38ms","ip":"::1","trace_id":"9a796e81ca9eecad2dab495c"}
{"time":"2026-08-23T01:07:31.8572311+08:00","level":"INFO","msg":"HTTP 访问","method":"GET","path":"/api/system/status","status":200,"latency":"206.1446ms","ip":"::1","trace_id":"2584e665e4b83b748fb318e8"}
{"time":"2026-08-23T01:07:36.860506+08:00","level":"INFO","msg":"HTTP 访问","method":"GET","path":"/api/system/status","status":200,"latency":"205.4071ms","ip":"::1","trace_id":"d75025e9b83c6113177f2872"}
{"time":"2026-08-23T01:07:41.8533785+08:00","level":"INFO","msg":"HTTP 访问","method":"GET","path":"/api/system/status","status":200,"latency":"211.6107ms","ip":"::1","trace_id":"c72634c42285bd7d089a53e1"}
{"time":"2026-08-23T01:07:46.8574199+08:00","level":"INFO","msg":"HTTP 访问","method":"GET","path":"/api/system/status","status":200,"latency":"213.7035ms","ip":"::1","trace_id":"2600954a123000704f4861e2"}
{"time":"2026-08-23T01:07:51.8515031+08:00","level":"INFO","msg":"HTTP 访问","method":"GET","path":"/api/system/status","status":200,"latency":"204.3511ms","ip":"::1","trace_id":"049506f320fa6b286c2d0c84"}
{"time":"2026-08-23T01:07:57.2816043+08:00","level":"INFO","msg":"HTTP 访问","method":"GET","path":"/api/system/status","status":200,"latency":"203.3929ms","ip":"::1","trace_id":"df3c7bf23760a647faff37a3"}
{"time":"2026-08-23T01:07:59.307216+08:00","level":"INFO","msg":"收到退出信号，开始优雅关闭"}
{"time":"2026-08-23T01:07:59.3092294+08:00","level":"INFO","msg":"定时任务调度器已停止"}
{"time":"2026-08-23T01:07:59.3099131+08:00","level":"INFO","msg":"定时任务调度器已停止"}
{"time":"2026-08-23T01:07:59.3099131+08:00","level":"INFO","msg":"WebSocket Hub 已关闭"}
{"time":"2026-08-23T01:12:26.5255843+08:00","level":"WARN","msg":"默认主人账号已就绪","username":"admin","role":"master","id":0,"提示":"主人密码仅可通过 config.toml 的 [auth] 段修改"}
{"time":"2026-08-23T01:12:26.5265837+08:00","level":"INFO","msg":"定时任务调度器已启动","count":0}
{"time":"2026-08-23T01:12:26.5270866+08:00","level":"INFO","msg":"异步任务 Worker 已启动","size":4}
{"time":"2026-08-23T01:12:26.5280895+08:00","level":"WARN","msg":"MQTT 连接失败（降级运行，仅支持本地设备）","broker":"tcp://localhost:1883","error":"连接 MQTT broker 失败: dial tcp :1883: connectex: No connection could be made because the target machine actively refused it."}
{"time":"2026-08-23T01:12:26.5280895+08:00","level":"INFO","msg":"定时任务调度器已启动","count":0}
{"time":"2026-08-23T01:12:26.5434418+08:00","level":"INFO","msg":"IoT 服务已启动"}
{"time":"2026-08-23T01:12:26.5434418+08:00","level":"INFO","msg":"WebDAV 已挂载","prefix":"/dav"}
{"time":"2026-08-23T01:12:26.5434418+08:00","level":"INFO","msg":"HTTP 服务启动","addr":":8080"}
{"time":"2026-08-23T01:12:26.6231625+08:00","level":"INFO","msg":"HTTP 访问","method":"GET","path":"/api/files","status":401,"latency":"0s","ip":"::1","trace_id":"9154ab2b1e60b217e247d18f"}
{"time":"2026-08-23T01:12:26.6695745+08:00","level":"INFO","msg":"HTTP 访问","method":"GET","path":"/api/files//download","status":401,"latency":"0s","ip":"::1","trace_id":"74ea847ea2ce85a1b0d50e57"}
{"time":"2026-08-23T01:12:26.8048791+08:00","level":"INFO","msg":"HTTP 访问","method":"GET","path":"/api/files//versions","status":401,"latency":"0s","ip":"::1","trace_id":"9bac34441d0eebd6299ced28"}
{"time":"2026-08-23T01:12:26.9089467+08:00","level":"INFO","msg":"HTTP 访问","method":"GET","path":"/api/files","status":401,"latency":"0s","ip":"::1","trace_id":"f4b1b30c68d3c7cd5742398e"}
{"time":"2026-08-23T01:12:26.9800946+08:00","level":"INFO","msg":"HTTP 访问","method":"POST","path":"/api/files/mkdir","status":401,"latency":"0s","ip":"::1","trace_id":"bda658640d006b62a09098c2"}
{"time":"2026-08-23T01:12:27.0940087+08:00","level":"INFO","msg":"HTTP 访问","method":"GET","path":"/","status":200,"latency":"37.452ms","ip":"::1","trace_id":"e61ce4b941faf9c2eb8e411e"}
{"time":"2026-08-23T01:12:27.3044524+08:00","level":"INFO","msg":"HTTP 访问","method":"GET","path":"/api/system/status","status":200,"latency":"205.3803ms","ip":"::1","trace_id":"30cbfee12edd5f1600174562"}
{"time":"2026-08-23T01:12:27.5079595+08:00","level":"INFO","msg":"HTTP 访问","method":"GET","path":"/api/system/status","status":200,"latency":"202.9085ms","ip":"::1","trace_id":"c9cc1db317f704d0b7195ea9"}
{"time":"2026-08-23T01:12:34.8571967+08:00","level":"INFO","msg":"HTTP 访问","method":"POST","path":"/api/auth/login","status":200,"latency":"22.9583ms","ip":"::1","trace_id":"41b235d1d9db0ed346b01c7b"}
{"time":"2026-08-23T01:12:34.9284167+08:00","level":"INFO","msg":"HTTP 访问","method":"POST","path":"/api/auth/login","status":200,"latency":"26.3441ms","ip":"::1","trace_id":"d6450065068a20f9fe8eeab1"}
{"time":"2026-08-23T01:12:34.9890078+08:00","level":"INFO","msg":"HTTP 访问","method":"GET","path":"/api/admin/users","status":200,"latency":"0s","ip":"::1","trace_id":"bc71cf14aea113e6efbfafd0"}
{"time":"2026-08-23T01:12:42.4100907+08:00","level":"INFO","msg":"HTTP 访问","method":"POST","path":"/api/auth/login","status":200,"latency":"25.2645ms","ip":"::1","trace_id":"826c7a7e5ff3aec82133151a"}
{"time":"2026-08-23T01:12:42.5043739+08:00","level":"INFO","msg":"HTTP 访问","method":"POST","path":"/api/auth/login","status":200,"latency":"26.0745ms","ip":"::1","trace_id":"52b5726e2a5d0982c4a2b6e3"}
{"time":"2026-08-23T01:12:42.5979886+08:00","level":"INFO","msg":"HTTP 访问","method":"GET","path":"/api/files","status":200,"latency":"27.0755ms","ip":"::1","trace_id":"f3c93e31819e4be88b6035d9"}
{"time":"2026-08-23T01:12:42.665226+08:00","level":"INFO","msg":"HTTP 访问","method":"GET","path":"/api/files","status":200,"latency":"631.8µs","ip":"::1","trace_id":"1374c39c389a83e4bab5f338"}
{"time":"2026-08-23T01:12:42.7848901+08:00","level":"INFO","msg":"HTTP 访问","method":"GET","path":"/api/files","status":200,"latency":"674.3µs","ip":"::1","trace_id":"c076004bf6b5942850c18011"}
{"time":"2026-08-23T01:12:42.8641416+08:00","level":"INFO","msg":"HTTP 访问","method":"GET","path":"/api/files","status":500,"latency":"0s","ip":"::1","trace_id":"e4864c878f5daefd353e4b8d"}
{"time":"2026-08-23T01:12:42.9314571+08:00","level":"INFO","msg":"HTTP 访问","method":"GET","path":"/api/files/48","status":403,"latency":"0s","ip":"::1","trace_id":"702987fbff3cb75272504e2e"}
{"time":"2026-08-23T01:12:42.9888677+08:00","level":"INFO","msg":"HTTP 访问","method":"GET","path":"/api/files/48/download","status":403,"latency":"0s","ip":"::1","trace_id":"7a9a97a38a57b2bfb5a13e85"}
{"time":"2026-08-23T01:12:43.0695873+08:00","level":"INFO","msg":"HTTP 访问","method":"POST","path":"/api/files/mkdir","status":400,"latency":"0s","ip":"::1","trace_id":"d8d6cdc5a02b6080c73f427c"}
{"time":"2026-08-23T01:12:43.1471992+08:00","level":"INFO","msg":"HTTP 访问","method":"GET","path":"/api/files/55","status":200,"latency":"0s","ip":"::1","trace_id":"bfe4e4773399766756968794"}
{"time":"2026-08-23T01:14:10.8314184+08:00","level":"WARN","msg":"默认主人账号已就绪","username":"admin","role":"master","id":0,"提示":"主人密码仅可通过 config.toml 的 [auth] 段修改"}
{"time":"2026-08-23T01:14:10.8319235+08:00","level":"INFO","msg":"定时任务调度器已启动","count":0}
{"time":"2026-08-23T01:14:10.8319235+08:00","level":"INFO","msg":"异步任务 Worker 已启动","size":4}
{"time":"2026-08-23T01:14:10.832928+08:00","level":"WARN","msg":"MQTT 连接失败（降级运行，仅支持本地设备）","broker":"tcp://localhost:1883","error":"连接 MQTT broker 失败: dial tcp :1883: connectex: No connection could be made because the target machine actively refused it."}
{"time":"2026-08-23T01:14:10.832928+08:00","level":"INFO","msg":"定时任务调度器已启动","count":0}
{"time":"2026-08-23T01:14:10.8339326+08:00","level":"INFO","msg":"IoT 服务已启动"}
{"time":"2026-08-23T01:14:10.8339326+08:00","level":"INFO","msg":"WebDAV 已挂载","prefix":"/dav"}
{"time":"2026-08-23T01:14:10.8339326+08:00","level":"INFO","msg":"HTTP 服务启动","addr":":8080"}
{"time":"2026-08-23T01:14:19.0649067+08:00","level":"INFO","msg":"HTTP 访问","method":"GET","path":"/api/system/status","status":200,"latency":"206.8167ms","ip":"::1","trace_id":"7ebca7e1d3ab340e9033181f"}
{"time":"2026-08-23T01:14:19.2689023+08:00","level":"INFO","msg":"HTTP 访问","method":"GET","path":"/api/system/status","status":200,"latency":"203.0228ms","ip":"::1","trace_id":"a98b5e54a1c0537819b96583"}
{"time":"2026-08-23T01:14:19.7787703+08:00","level":"INFO","msg":"HTTP 访问","method":"GET","path":"/","status":200,"latency":"44.3632ms","ip":"::1","trace_id":"119b75ee2544c8b786a186a8"}
{"time":"2026-08-23T01:14:19.7995953+08:00","level":"INFO","msg":"HTTP 访问","method":"GET","path":"/api/auth/me","status":200,"latency":"548.8µs","ip":"::1","trace_id":"a0bafd810e7f38f6b51abf9b"}
{"time":"2026-08-23T01:14:19.8205948+08:00","level":"INFO","msg":"HTTP 访问","method":"GET","path":"/api/admin/settings","status":200,"latency":"0s","ip":"::1","trace_id":"31863a91827a1b08d037ab3f"}
{"time":"2026-08-23T01:14:19.8223258+08:00","level":"INFO","msg":"HTTP 访问","method":"GET","path":"/favicon.ico","status":200,"latency":"1.0297ms","ip":"::1","trace_id":"a366a5239c76dec653545201"}
{"time":"2026-08-23T01:14:20.0302032+08:00","level":"INFO","msg":"HTTP 访问","method":"GET","path":"/api/system/status","status":200,"latency":"203.3557ms","ip":"::1","trace_id":"8e50e20bca91bb73d21d55bb"}
{"time":"2026-08-23T01:14:20.2347576+08:00","level":"INFO","msg":"HTTP 访问","method":"GET","path":"/api/system/status","status":200,"latency":"203.9996ms","ip":"::1","trace_id":"77106ac659462539bb9ffc53"}
{"time":"2026-08-23T01:14:21.3843698+08:00","level":"INFO","msg":"HTTP 访问","method":"GET","path":"/api/auth/me","status":200,"latency":"0s","ip":"::1","trace_id":"e9257bc2d9c5e5468566acc0"}
{"time":"2026-08-23T01:14:25.0428414+08:00","level":"INFO","msg":"HTTP 访问","method":"GET","path":"/api/system/status","status":200,"latency":"205.3767ms","ip":"::1","trace_id":"56c5df5195f08ca0e50f9f7c"}
{"time":"2026-08-23T01:14:27.2928032+08:00","level":"INFO","msg":"HTTP 访问","method":"GET","path":"/api/system/status","status":200,"latency":"203.1673ms","ip":"::1","trace_id":"dd8f4227feb507d799c332ad"}
{"time":"2026-08-23T01:14:27.5086065+08:00","level":"INFO","msg":"HTTP 访问","method":"GET","path":"/api/system/status","status":200,"latency":"204.6454ms","ip":"::1","trace_id":"b146785868a9bc98ac88057e"}
{"time":"2026-08-23T01:14:30.0305158+08:00","level":"INFO","msg":"HTTP 访问","method":"GET","path":"/api/system/status","status":200,"latency":"202.8424ms","ip":"::1","trace_id":"68f68810a23a30ef55aa8c61"}
{"time":"2026-08-23T01:14:35.0441524+08:00","level":"INFO","msg":"HTTP 访问","method":"GET","path":"/api/system/status","status":200,"latency":"203.3029ms","ip":"::1","trace_id":"39ce1a1d0df992dfe4b6b78a"}
{"time":"2026-08-23T01:14:36.891943+08:00","level":"INFO","msg":"HTTP 访问","method":"GET","path":"/api/system/status","status":200,"latency":"203.3367ms","ip":"192.168.137.140","trace_id":"7d391358e00c2600c7e91de4"}
{"time":"2026-08-23T01:14:36.9011525+08:00","level":"INFO","msg":"HTTP 访问","method":"GET","path":"/api/system/status","status":200,"latency":"203.5847ms","ip":"192.168.137.140","trace_id":"92fa6673e7c93a3a174d0d19"}
{"time":"2026-08-23T01:14:36.9016924+08:00","level":"INFO","msg":"HTTP 访问","method":"GET","path":"/api/system/status","status":200,"latency":"203.6206ms","ip":"192.168.137.140","trace_id":"337b70b0a2c773fe8b749cdb"}
{"time":"2026-08-23T01:14:36.9016924+08:00","level":"INFO","msg":"HTTP 访问","method":"GET","path":"/api/system/status","status":200,"latency":"204.1246ms","ip":"192.168.137.140","trace_id":"7abf96f94e75325e5900b875"}
{"time":"2026-08-23T01:14:37.184903+08:00","level":"INFO","msg":"HTTP 访问","method":"GET","path":"/","status":200,"latency":"10.8569ms","ip":"192.168.137.140","trace_id":"be346e55d66a6c2f58902623"}
{"time":"2026-08-23T01:14:37.1879155+08:00","level":"INFO","msg":"HTTP 访问","method":"GET","path":"/api/system/status","status":200,"latency":"202.7889ms","ip":"192.168.137.140","trace_id":"412a5ca62c129fec96b5bb33"}
{"time":"2026-08-23T01:14:37.2692068+08:00","level":"INFO","msg":"HTTP 访问","method":"GET","path":"/api/auth/me","status":200,"latency":"531.4µs","ip":"192.168.137.140","trace_id":"3a08c4496f35b19a94e95bb1"}
{"time":"2026-08-23T01:14:37.2880323+08:00","level":"INFO","msg":"HTTP 访问","method":"GET","path":"/favicon.ico","status":200,"latency":"33.5458ms","ip":"192.168.137.140","trace_id":"e263a5ad20701045fe9963b0"}
{"time":"2026-08-23T01:14:37.3987294+08:00","level":"INFO","msg":"HTTP 访问","method":"GET","path":"/api/system/status","status":200,"latency":"203.5801ms","ip":"192.168.137.140","trace_id":"1ceacab07246c86ef586cd77"}
{"time":"2026-08-23T01:14:37.5400952+08:00","level":"INFO","msg":"HTTP 访问","method":"GET","path":"/api/system/status","status":200,"latency":"203.2243ms","ip":"192.168.137.140","trace_id":"e96f7805b4f6873a481b26e7"}
{"time":"2026-08-23T01:14:37.7496091+08:00","level":"INFO","msg":"HTTP 访问","method":"GET","path":"/api/system/status","status":200,"latency":"204.6493ms","ip":"192.168.137.140","trace_id":"22220b443318fd25a8a1fe08"}
{"time":"2026-08-23T01:14:38.8440888+08:00","level":"INFO","msg":"HTTP 访问","method":"GET","path":"/api/auth/me","status":200,"latency":"0s","ip":"192.168.137.140","trace_id":"c38eb7e0efcf28d478bb4a52"}
{"time":"2026-08-23T01:14:40.0329463+08:00","level":"INFO","msg":"HTTP 访问","method":"GET","path":"/api/system/status","status":200,"latency":"202.8551ms","ip":"::1","trace_id":"b289acba4c1b7e5748f76be3"}
{"time":"2026-08-23T01:14:42.5428516+08:00","level":"INFO","msg":"HTTP 访问","method":"GET","path":"/api/system/status","status":200,"latency":"203.0907ms","ip":"192.168.137.140","trace_id":"8420c0ed5313764348b7ffa7"}
{"time":"2026-08-23T01:14:45.0333145+08:00","level":"INFO","msg":"HTTP 访问","method":"GET","path":"/api/system/status","status":200,"latency":"203.0383ms","ip":"::1","trace_id":"942d1057ac0d60e187a04f8c"}
{"time":"2026-08-23T01:14:47.5601283+08:00","level":"INFO","msg":"HTTP 访问","method":"GET","path":"/api/system/status","status":200,"latency":"203.8042ms","ip":"192.168.137.140","trace_id":"2d2d273c771e597f1850fcc9"}
{"time":"2026-08-23T01:14:50.0315226+08:00","level":"INFO","msg":"HTTP 访问","method":"GET","path":"/api/system/status","status":200,"latency":"202.8526ms","ip":"::1","trace_id":"2088c21d1c8ac719df137de9"}
{"time":"2026-08-23T01:14:52.546554+08:00","level":"INFO","msg":"HTTP 访问","method":"GET","path":"/api/system/status","status":200,"latency":"203.2273ms","ip":"192.168.137.140","trace_id":"645dcc648411737cf51d8d08"}
{"time":"2026-08-23T01:14:55.0434269+08:00","level":"INFO","msg":"HTTP 访问","method":"GET","path":"/api/system/status","status":200,"latency":"203.2603ms","ip":"::1","trace_id":"f5d87a46e847e2202b9f6f7f"}
{"time":"2026-08-23T01:14:57.5462136+08:00","level":"INFO","msg":"HTTP 访问","method":"GET","path":"/api/system/status","status":200,"latency":"203.1634ms","ip":"192.168.137.140","trace_id":"8b7a3ec7a9938181bc8ba630"}
{"time":"2026-08-23T01:15:00.0443894+08:00","level":"INFO","msg":"HTTP 访问","method":"GET","path":"/api/system/status","status":200,"latency":"202.7776ms","ip":"::1","trace_id":"fb228c19c67e6ec74e827dc1"}
{"time":"2026-08-23T01:15:02.545344+08:00","level":"INFO","msg":"HTTP 访问","method":"GET","path":"/api/system/status","status":200,"latency":"202.6597ms","ip":"192.168.137.140","trace_id":"48905ca07cae0f0831faf894"}
{"time":"2026-08-23T01:15:05.0301503+08:00","level":"INFO","msg":"HTTP 访问","method":"GET","path":"/api/system/status","status":200,"latency":"202.9261ms","ip":"::1","trace_id":"4781a8e64effa5f21110f5d2"}
{"time":"2026-08-23T01:15:07.5422486+08:00","level":"INFO","msg":"HTTP 访问","method":"GET","path":"/api/system/status","status":200,"latency":"203.2648ms","ip":"192.168.137.140","trace_id":"6702093b3a7fc48d2866f274"}
{"time":"2026-08-23T01:15:10.0310595+08:00","level":"INFO","msg":"HTTP 访问","method":"GET","path":"/api/system/status","status":200,"latency":"203.8778ms","ip":"::1","trace_id":"909a484b2710a3a180ca7a90"}
{"time":"2026-08-23T01:15:12.5466439+08:00","level":"INFO","msg":"HTTP 访问","method":"GET","path":"/api/system/status","status":200,"latency":"203.7349ms","ip":"192.168.137.140","trace_id":"383ab837be41b3d866349f53"}
{"time":"2026-08-23T01:15:12.6910407+08:00","level":"INFO","msg":"HTTP 访问","method":"POST","path":"/api/auth/change-password","status":400,"latency":"24.2234ms","ip":"192.168.137.140","trace_id":"321bcf62f14ba6d32dbafb15"}
{"time":"2026-08-23T01:15:15.0376699+08:00","level":"INFO","msg":"HTTP 访问","method":"GET","path":"/api/system/status","status":200,"latency":"204.1704ms","ip":"::1","trace_id":"abafbd6dffd29d664023b89a"}
{"time":"2026-08-23T01:15:17.5312737+08:00","level":"INFO","msg":"HTTP 访问","method":"GET","path":"/api/system/status","status":200,"latency":"204.2643ms","ip":"192.168.137.140","trace_id":"3d587aafb611e7b4e69c0a5e"}
{"time":"2026-08-23T01:15:19.8433235+08:00","level":"INFO","msg":"HTTP 访问","method":"POST","path":"/api/auth/change-password","status":400,"latency":"32.2462ms","ip":"192.168.137.140","trace_id":"da8b81be78dcb3647f2119d6"}
{"time":"2026-08-23T01:15:20.0306345+08:00","level":"INFO","msg":"HTTP 访问","method":"GET","path":"/api/system/status","status":200,"latency":"204.764ms","ip":"::1","trace_id":"40ae6abf4040c672d334c916"}
{"time":"2026-08-23T01:15:20.2357164+08:00","level":"INFO","msg":"HTTP 访问","method":"GET","path":"/api/system/status","status":200,"latency":"204.5791ms","ip":"::1","trace_id":"742bb188b11bddd23ce95749"}
{"time":"2026-08-23T01:15:22.54777+08:00","level":"INFO","msg":"HTTP 访问","method":"GET","path":"/api/system/status","status":200,"latency":"203.267ms","ip":"192.168.137.140","trace_id":"d4c77d874f7381c97d4ea9fe"}
{"time":"2026-08-23T01:15:23.1493204+08:00","level":"INFO","msg":"HTTP 访问","method":"GET","path":"/api/admin/users","status":200,"latency":"0s","ip":"::1","trace_id":"2a885903230f21fcdce48ffc"}
{"time":"2026-08-23T01:15:23.1498231+08:00","level":"INFO","msg":"HTTP 访问","method":"GET","path":"/api/admin/settings","status":200,"latency":"0s","ip":"::1","trace_id":"da1b90cd98b0abe5f6b65639"}
{"time":"2026-08-23T01:15:23.1498231+08:00","level":"INFO","msg":"HTTP 访问","method":"GET","path":"/api/plugins","status":200,"latency":"0s","ip":"::1","trace_id":"3321c21b0dd79635550ba7a0"}
{"time":"2026-08-23T01:15:25.0296013+08:00","level":"INFO","msg":"HTTP 访问","method":"GET","path":"/api/system/status","status":200,"latency":"202.8716ms","ip":"::1","trace_id":"1c3ad54c82582a57333bd5b0"}
{"time":"2026-08-23T01:15:27.2927916+08:00","level":"INFO","msg":"HTTP 访问","method":"GET","path":"/api/system/status","status":200,"latency":"203.7429ms","ip":"::1","trace_id":"bf7bb58a67f49a1dbd5aacad"}
{"time":"2026-08-23T01:15:27.4960373+08:00","level":"INFO","msg":"HTTP 访问","method":"GET","path":"/api/system/status","status":200,"latency":"202.2366ms","ip":"::1","trace_id":"ea28db37b0c9a9c0367f27f7"}
{"time":"2026-08-23T01:15:27.5512206+08:00","level":"INFO","msg":"HTTP 访问","method":"GET","path":"/api/system/status","status":200,"latency":"202.7282ms","ip":"192.168.137.140","trace_id":"02285439b934e3ae802dc1cc"}
{"time":"2026-08-23T01:15:30.0295792+08:00","level":"INFO","msg":"HTTP 访问","method":"GET","path":"/api/system/status","status":200,"latency":"203.6377ms","ip":"::1","trace_id":"ff5a0b6ad002b05cdca40c91"}
{"time":"2026-08-23T01:15:32.5440776+08:00","level":"INFO","msg":"HTTP 访问","method":"GET","path":"/api/system/status","status":200,"latency":"203.4862ms","ip":"192.168.137.140","trace_id":"94a4a99cf52f72d761a99e56"}
{"time":"2026-08-23T01:15:34.1579019+08:00","level":"INFO","msg":"HTTP 访问","method":"PUT","path":"/api/admin/users/2","status":200,"latency":"25.014ms","ip":"::1","trace_id":"c7a7de3d26c9862a759fa197"}
{"time":"2026-08-23T01:15:35.0402811+08:00","level":"INFO","msg":"HTTP 访问","method":"GET","path":"/api/system/status","status":200,"latency":"203.7078ms","ip":"::1","trace_id":"91a72a1f5b577b9bbeab4c81"}
{"time":"2026-08-23T01:15:37.5401406+08:00","level":"INFO","msg":"HTTP 访问","method":"GET","path":"/api/system/status","status":200,"latency":"202.821ms","ip":"192.168.137.140","trace_id":"1af7a41c5a1f240b1916e172"}
{"time":"2026-08-23T01:15:37.8604867+08:00","level":"INFO","msg":"HTTP 访问","method":"GET","path":"/api/system/status","status":200,"latency":"202.7165ms","ip":"192.168.137.140","trace_id":"432c7068c6de2424104b7cce"}
{"time":"2026-08-23T01:15:38.827067+08:00","level":"INFO","msg":"HTTP 访问","method":"POST","path":"/api/auth/change-password","status":200,"latency":"51.3879ms","ip":"192.168.137.140","trace_id":"6106a1caac0d1f06d4d15860"}
{"time":"2026-08-23T01:15:40.0362802+08:00","level":"INFO","msg":"HTTP 访问","method":"GET","path":"/api/system/status","status":200,"latency":"203.0586ms","ip":"::1","trace_id":"9077c70daafdc7ee49e99c3b"}
{"time":"2026-08-23T01:15:41.3885717+08:00","level":"INFO","msg":"HTTP 访问","method":"GET","path":"/api/auth/me","status":200,"latency":"1.5022ms","ip":"192.168.137.140","trace_id":"85aec45f69ec13154b0b6f4a"}
{"time":"2026-08-23T01:15:42.5428758+08:00","level":"INFO","msg":"HTTP 访问","method":"GET","path":"/api/system/status","status":200,"latency":"203.0716ms","ip":"192.168.137.140","trace_id":"1abe703fa7af7869d2e15c10"}
{"time":"2026-08-23T01:15:45.0390183+08:00","level":"INFO","msg":"HTTP 访问","method":"GET","path":"/api/system/status","status":200,"latency":"203.1276ms","ip":"::1","trace_id":"0a05108a004f46503358d954"}
{"time":"2026-08-23T01:15:47.5545938+08:00","level":"INFO","msg":"HTTP 访问","method":"GET","path":"/api/system/status","status":200,"latency":"202.6963ms","ip":"192.168.137.140","trace_id":"d13470689871f4ba1b81ec90"}
{"time":"2026-08-23T01:15:50.0310558+08:00","level":"INFO","msg":"HTTP 访问","method":"GET","path":"/api/system/status","status":200,"latency":"202.9551ms","ip":"::1","trace_id":"9943b9054e9972ebdd47e690"}
{"time":"2026-08-23T01:15:50.4512664+08:00","level":"INFO","msg":"HTTP 访问","method":"POST","path":"/api/auth/change-password","status":200,"latency":"51.312ms","ip":"192.168.137.140","trace_id":"08eec088d2c846b268af0592"}
{"time":"2026-08-23T01:15:52.5475821+08:00","level":"INFO","msg":"HTTP 访问","method":"GET","path":"/api/system/status","status":200,"latency":"203.092ms","ip":"192.168.137.140","trace_id":"a85398cb50311edf1550ad79"}
{"time":"2026-08-23T01:15:53.3353177+08:00","level":"INFO","msg":"HTTP 访问","method":"GET","path":"/api/files","status":200,"latency":"28.3424ms","ip":"192.168.137.140","trace_id":"929495465e09af046d4ee61e"}
{"time":"2026-08-23T01:15:53.4607559+08:00","level":"INFO","msg":"HTTP 访问","method":"GET","path":"/api/storage/stats","status":200,"latency":"19.5177ms","ip":"192.168.137.140","trace_id":"7381997db1964b5ccdb3fc78"}
{"time":"2026-08-23T01:15:55.0419703+08:00","level":"INFO","msg":"HTTP 访问","method":"GET","path":"/api/system/status","status":200,"latency":"203.7692ms","ip":"::1","trace_id":"4754d52274df45cbceeb3e33"}
{"time":"2026-08-23T01:15:55.5581206+08:00","level":"INFO","msg":"HTTP 访问","method":"GET","path":"/api/files","status":200,"latency":"503.7µs","ip":"192.168.137.140","trace_id":"01f36a2dc74228500e81139e"}
{"time":"2026-08-23T01:15:55.5937236+08:00","level":"INFO","msg":"HTTP 访问","method":"GET","path":"/api/storage/stats","status":200,"latency":"19.6527ms","ip":"192.168.137.140","trace_id":"d9f75a71f3f081fd1e87e397"}
{"time":"2026-08-23T01:15:57.7974896+08:00","level":"INFO","msg":"HTTP 访问","method":"GET","path":"/api/system/status","status":200,"latency":"203.3464ms","ip":"192.168.137.140","trace_id":"4065a5fc069eb7e1981010c4"}
{"time":"2026-08-23T01:16:00.0385299+08:00","level":"INFO","msg":"HTTP 访问","method":"GET","path":"/api/system/status","status":200,"latency":"202.958ms","ip":"::1","trace_id":"44b1b2a27577a53822a38fda"}
{"time":"2026-08-23T01:16:01.3008993+08:00","level":"INFO","msg":"HTTP 访问","method":"GET","path":"/api/files","status":200,"latency":"1.0027ms","ip":"192.168.137.140","trace_id":"68254942ef4fe987bc005b63"}
{"time":"2026-08-23T01:16:01.3356218+08:00","level":"INFO","msg":"HTTP 访问","method":"GET","path":"/api/storage/stats","status":200,"latency":"23.2299ms","ip":"192.168.137.140","trace_id":"5dfff6472d1ed9f7564b0626"}
{"time":"2026-08-23T01:16:02.4814706+08:00","level":"INFO","msg":"HTTP 访问","method":"GET","path":"/api/files","status":200,"latency":"1.7415ms","ip":"192.168.137.140","trace_id":"180b1aaf0223f883bfec2185"}
{"time":"2026-08-23T01:16:02.5178432+08:00","level":"INFO","msg":"HTTP 访问","method":"GET","path":"/api/storage/stats","status":200,"latency":"21.4604ms","ip":"192.168.137.140","trace_id":"e385984333146c3ec851874e"}
{"time":"2026-08-23T01:16:02.5397452+08:00","level":"INFO","msg":"HTTP 访问","method":"GET","path":"/api/system/status","status":200,"latency":"202.8222ms","ip":"192.168.137.140","trace_id":"681e77d1a05ecd3d902370b0"}
{"time":"2026-08-23T01:16:03.6484014+08:00","level":"INFO","msg":"HTTP 访问","method":"GET","path":"/api/files","status":200,"latency":"23.0131ms","ip":"192.168.137.140","trace_id":"e36ec11226e47dfe7eb5948c"}
{"time":"2026-08-23T01:16:03.6850431+08:00","level":"INFO","msg":"HTTP 访问","method":"GET","path":"/api/storage/stats","status":200,"latency":"20.1294ms","ip":"192.168.137.140","trace_id":"09781901d2d04b94cac26247"}
{"time":"2026-08-23T01:16:05.04317+08:00","level":"INFO","msg":"HTTP 访问","method":"GET","path":"/api/system/status","status":200,"latency":"203.2816ms","ip":"::1","trace_id":"dd4c9767902e03b89a31fdff"}
{"time":"2026-08-23T01:16:07.5489225+08:00","level":"INFO","msg":"HTTP 访问","method":"GET","path":"/api/system/status","status":200,"latency":"204.9521ms","ip":"192.168.137.140","trace_id":"ce3f3d11a851c3ad004f83ed"}
{"time":"2026-08-23T01:16:10.0387454+08:00","level":"INFO","msg":"HTTP 访问","method":"GET","path":"/api/system/status","status":200,"latency":"203.1265ms","ip":"::1","trace_id":"06f6315f045f710f9c59734b"}
{"time":"2026-08-23T01:16:12.5245+08:00","level":"INFO","msg":"HTTP 访问","method":"GET","path":"/api/system/status","status":200,"latency":"203.1729ms","ip":"192.168.137.140","trace_id":"a3fe781b74a617fd03317e57"}
{"time":"2026-08-23T01:16:15.0341243+08:00","level":"INFO","msg":"HTTP 访问","method":"GET","path":"/api/system/status","status":200,"latency":"202.7698ms","ip":"::1","trace_id":"80550bf3dd104327dc63c67d"}
{"time":"2026-08-23T01:16:18.4133509+08:00","level":"INFO","msg":"HTTP 访问","method":"GET","path":"/api/system/status","status":200,"latency":"204.375ms","ip":"192.168.137.140","trace_id":"1ec9d5f2a6ce2c8b5d553498"}
{"time":"2026-08-23T01:16:20.2839271+08:00","level":"INFO","msg":"HTTP 访问","method":"GET","path":"/api/system/status","status":200,"latency":"203.5151ms","ip":"::1","trace_id":"4ed2279aa956fcab58c02b45"}
{"time":"2026-08-23T01:16:20.4874811+08:00","level":"INFO","msg":"HTTP 访问","method":"GET","path":"/api/system/status","status":200,"latency":"203.0307ms","ip":"::1","trace_id":"9e6b7589e77f11e5787845f1"}
{"time":"2026-08-23T01:16:23.4305224+08:00","level":"INFO","msg":"HTTP 访问","method":"GET","path":"/api/system/status","status":200,"latency":"203.688ms","ip":"192.168.137.140","trace_id":"a92001656e7271245e619933"}
{"time":"2026-08-23T01:16:25.2897841+08:00","level":"INFO","msg":"HTTP 访问","method":"GET","path":"/api/system/status","status":200,"latency":"203.0552ms","ip":"::1","trace_id":"d250aba14f30f81528179aca"}
{"time":"2026-08-23T01:16:27.2920824+08:00","level":"INFO","msg":"HTTP 访问","method":"GET","path":"/api/system/status","status":200,"latency":"204.8194ms","ip":"::1","trace_id":"39947ff8fffa3edeb5eba08d"}
{"time":"2026-08-23T01:16:27.4966814+08:00","level":"INFO","msg":"HTTP 访问","method":"GET","path":"/api/system/status","status":200,"latency":"202.7899ms","ip":"::1","trace_id":"2c41d24625a9b45cf317077b"}
{"time":"2026-08-23T01:16:28.445927+08:00","level":"INFO","msg":"HTTP 访问","method":"GET","path":"/api/system/status","status":200,"latency":"203.8927ms","ip":"192.168.137.140","trace_id":"b962674a0909f91a59005fee"}
{"time":"2026-08-23T01:16:28.913143+08:00","level":"INFO","msg":"HTTP 访问","method":"GET","path":"/api/admin/users","status":200,"latency":"0s","ip":"::1","trace_id":"6538a7087727b61b57fcc4fe"}
{"time":"2026-08-23T01:16:29.4415387+08:00","level":"INFO","msg":"HTTP 访问","method":"GET","path":"/ws","status":200,"latency":"1m52.1046678s","ip":"192.168.137.140","trace_id":"56eabf7dd7765db95828a42e"}
{"time":"2026-08-23T01:16:30.0442012+08:00","level":"INFO","msg":"HTTP 访问","method":"GET","path":"/api/system/status","status":200,"latency":"203.1495ms","ip":"::1","trace_id":"af05b1b94dea189cf761077b"}
{"time":"2026-08-23T01:16:30.6296464+08:00","level":"INFO","msg":"HTTP 访问","method":"GET","path":"/api/files","status":200,"latency":"27.322ms","ip":"::1","trace_id":"2de8e55f5d3cacbe9b44d670"}
{"time":"2026-08-23T01:16:33.9984903+08:00","level":"INFO","msg":"HTTP 访问","method":"GET","path":"/api/files","status":200,"latency":"540.7µs","ip":"::1","trace_id":"6f360149e8eeeae4854d8ebd"}
{"time":"2026-08-23T01:16:35.0371597+08:00","level":"INFO","msg":"HTTP 访问","method":"GET","path":"/api/system/status","status":200,"latency":"204.409ms","ip":"::1","trace_id":"074941708b68adbd513dc2d8"}
{"time":"2026-08-23T01:16:36.4241896+08:00","level":"INFO","msg":"HTTP 访问","method":"GET","path":"/api/files","status":200,"latency":"1.0151ms","ip":"::1","trace_id":"d44f97a606451d9184d37524"}
{"time":"2026-08-23T01:16:40.0440557+08:00","level":"INFO","msg":"HTTP 访问","method":"GET","path":"/api/system/status","status":200,"latency":"202.8452ms","ip":"::1","trace_id":"a53b382e111aa8d7277f5b5b"}
{"time":"2026-08-23T01:16:41.4708681+08:00","level":"INFO","msg":"HTTP 访问","method":"GET","path":"/api/files","status":200,"latency":"26.7353ms","ip":"::1","trace_id":"991b0673c1ec38a1edd4704c"}
{"time":"2026-08-23T01:16:42.1910654+08:00","level":"INFO","msg":"HTTP 访问","method":"GET","path":"/api/files","status":200,"latency":"504.6µs","ip":"::1","trace_id":"518fcdbda778d84b92d5df32"}
{"time":"2026-08-23T01:16:42.985844+08:00","level":"INFO","msg":"HTTP 访问","method":"GET","path":"/api/files","status":200,"latency":"27.7668ms","ip":"::1","trace_id":"db78d2cbf62d79eecc03f4db"}
{"time":"2026-08-23T01:16:45.0322119+08:00","level":"INFO","msg":"HTTP 访问","method":"GET","path":"/api/system/status","status":200,"latency":"204.2185ms","ip":"::1","trace_id":"4cbb12e7b10559ecda24d943"}
{"time":"2026-08-23T01:16:46.2667812+08:00","level":"INFO","msg":"HTTP 访问","method":"PUT","path":"/api/admin/users/2/permissions","status":200,"latency":"502.9µs","ip":"::1","trace_id":"e218245386ea282d0e05739b"}
{"time":"2026-08-23T01:16:46.2691976+08:00","level":"INFO","msg":"HTTP 访问","method":"GET","path":"/api/admin/users","status":200,"latency":"0s","ip":"::1","trace_id":"ff18f3d80c271a7dc94660cc"}
{"time":"2026-08-23T01:16:50.030995+08:00","level":"INFO","msg":"HTTP 访问","method":"GET","path":"/api/system/status","status":200,"latency":"203.355ms","ip":"::1","trace_id":"379cd74ce95ec16f4cab88a9"}
{"time":"2026-08-23T01:16:53.2545142+08:00","level":"INFO","msg":"HTTP 访问","method":"GET","path":"/api/system/status","status":200,"latency":"203.4836ms","ip":"192.168.137.140","trace_id":"404986041e09ea30882c3dca"}
{"time":"2026-08-23T01:16:53.4632051+08:00","level":"INFO","msg":"HTTP 访问","method":"GET","path":"/api/system/status","status":200,"latency":"202.7615ms","ip":"192.168.137.140","trace_id":"01a7db01537e248d2b3b241b"}
{"time":"2026-08-23T01:16:55.0402137+08:00","level":"INFO","msg":"HTTP 访问","method":"GET","path":"/api/system/status","status":200,"latency":"203.2649ms","ip":"::1","trace_id":"d8637fcb7b9a8fb9f95ad674"}
{"time":"2026-08-23T01:16:55.3054802+08:00","level":"INFO","msg":"HTTP 访问","method":"GET","path":"/api/system/status","status":200,"latency":"204.2779ms","ip":"192.168.137.140","trace_id":"7511631bd5028c9699eaadba"}
{"time":"2026-08-23T01:17:00.2919802+08:00","level":"INFO","msg":"HTTP 访问","method":"GET","path":"/api/system/status","status":200,"latency":"203.1922ms","ip":"::1","trace_id":"8a9dbad570794b09e7ce0630"}
{"time":"2026-08-23T01:17:00.3230129+08:00","level":"INFO","msg":"HTTP 访问","method":"GET","path":"/api/system/status","status":200,"latency":"202.7166ms","ip":"192.168.137.140","trace_id":"2452a0339c41cfc9e60b7883"}
{"time":"2026-08-23T01:17:05.2911426+08:00","level":"INFO","msg":"HTTP 访问","method":"GET","path":"/api/system/status","status":200,"latency":"203.8013ms","ip":"::1","trace_id":"3ab58a0880864b853284c9a7"}
{"time":"2026-08-23T01:17:10.2926053+08:00","level":"INFO","msg":"HTTP 访问","method":"GET","path":"/api/system/status","status":200,"latency":"202.9552ms","ip":"::1","trace_id":"35c6392d880351bd43529988"}
{"time":"2026-08-23T01:17:10.4930053+08:00","level":"INFO","msg":"HTTP 访问","method":"GET","path":"/api/system/status","status":200,"latency":"202.9943ms","ip":"::1","trace_id":"608c015ac2e4deac33d33fd5"}
{"time":"2026-08-23T01:17:11.8445055+08:00","level":"INFO","msg":"HTTP 访问","method":"GET","path":"/api/system/status","status":200,"latency":"203.4892ms","ip":"::1","trace_id":"fe47b085dea4686e6d98eea3"}
{"time":"2026-08-23T01:17:15.2898949+08:00","level":"INFO","msg":"HTTP 访问","method":"GET","path":"/api/system/status","status":200,"latency":"203.1141ms","ip":"::1","trace_id":"9839b591cd08e9f752729719"}
{"time":"2026-08-23T01:17:17.285106+08:00","level":"INFO","msg":"HTTP 访问","method":"GET","path":"/api/system/status","status":200,"latency":"203.9074ms","ip":"::1","trace_id":"632eed0cdce00a01d76f9b72"}
{"time":"2026-08-23T01:17:20.300579+08:00","level":"INFO","msg":"HTTP 访问","method":"GET","path":"/api/system/status","status":200,"latency":"203.2638ms","ip":"::1","trace_id":"f6a14d4ccf3c97b12ac10db2"}
{"time":"2026-08-23T01:17:20.5046319+08:00","level":"INFO","msg":"HTTP 访问","method":"GET","path":"/api/system/status","status":200,"latency":"202.9578ms","ip":"::1","trace_id":"2f4b16fea9374861c8275885"}
{"time":"2026-08-23T01:17:22.2902718+08:00","level":"INFO","msg":"HTTP 访问","method":"GET","path":"/api/system/status","status":200,"latency":"202.8061ms","ip":"::1","trace_id":"82d9c6ddd6476ff97bdb840d"}
{"time":"2026-08-23T01:17:22.4943752+08:00","level":"INFO","msg":"HTTP 访问","method":"GET","path":"/api/system/status","status":200,"latency":"203.5428ms","ip":"::1","trace_id":"f90c3a3d8684f1a7f6dee34d"}
{"time":"2026-08-23T01:17:25.3029996+08:00","level":"INFO","msg":"HTTP 访问","method":"GET","path":"/api/system/status","status":200,"latency":"205.6792ms","ip":"::1","trace_id":"8eda6d8fccd5a32b51658e71"}
{"time":"2026-08-23T01:17:26.3998464+08:00","level":"INFO","msg":"收到退出信号，开始优雅关闭"}
{"time":"2026-08-23T01:17:26.4044396+08:00","level":"INFO","msg":"定时任务调度器已停止"}
{"time":"2026-08-23T01:17:26.4077827+08:00","level":"INFO","msg":"定时任务调度器已停止"}
{"time":"2026-08-23T01:17:26.4082859+08:00","level":"INFO","msg":"WebSocket Hub 已关闭"}
{"time":"2026-08-23T10:17:08.4428112+08:00","level":"WARN","msg":"默认主人账号已就绪","username":"admin","role":"master","id":0,"提示":"主人密码仅可通过 config.toml 的 [auth] 段修改"}
{"time":"2026-08-23T10:17:08.4458115+08:00","level":"INFO","msg":"定时任务调度器已启动","count":0}
{"time":"2026-08-23T10:17:08.4458115+08:00","level":"INFO","msg":"异步任务 Worker 已启动","size":4}
{"time":"2026-08-23T10:17:08.446812+08:00","level":"WARN","msg":"MQTT 连接失败（降级运行，仅支持本地设备）","broker":"tcp://localhost:1883","error":"连接 MQTT broker 失败: dial tcp :1883: socket: An operation was attempted on something that is not a socket."}
{"time":"2026-08-23T10:17:08.446812+08:00","level":"INFO","msg":"定时任务调度器已启动","count":0}
{"time":"2026-08-23T10:17:08.446812+08:00","level":"INFO","msg":"IoT 服务已启动"}
{"time":"2026-08-23T10:17:08.446812+08:00","level":"INFO","msg":"WebDAV 已挂载","prefix":"/dav"}
{"time":"2026-08-23T10:17:08.446812+08:00","level":"INFO","msg":"HTTP 服务启动","addr":":8080"}
{"time":"2026-08-23T10:17:08.446812+08:00","level":"ERROR","msg":"HTTP 服务异常退出","error":"listen tcp :8080: socket: An operation was attempted on something that is not a socket."}
{"time":"2026-08-23T10:17:08.4578278+08:00","level":"INFO","msg":"定时任务调度器已停止"}
{"time":"2026-08-23T10:17:08.4578278+08:00","level":"INFO","msg":"定时任务调度器已停止"}
{"time":"2026-08-23T10:17:08.4578278+08:00","level":"INFO","msg":"WebSocket Hub 已关闭"}
{"time":"2026-08-23T10:54:56.67941+08:00","level":"WARN","msg":"默认主人账号已就绪","username":"admin","role":"master","id":0,"提示":"主人密码仅可通过 config.toml 的 [auth] 段修改"}
{"time":"2026-08-23T10:54:56.6809623+08:00","level":"INFO","msg":"定时任务调度器已启动","count":0}
{"time":"2026-08-23T10:54:56.6809623+08:00","level":"INFO","msg":"异步任务 Worker 已启动","size":4}
{"time":"2026-08-23T10:54:56.6829768+08:00","level":"WARN","msg":"MQTT 连接失败（降级运行，仅支持本地设备）","broker":"tcp://localhost:1883","error":"连接 MQTT broker 失败: dial tcp :1883: connectex: No connection could be made because the target machine actively refused it."}
{"time":"2026-08-23T10:54:56.6829768+08:00","level":"INFO","msg":"定时任务调度器已启动","count":0}
{"time":"2026-08-23T10:54:56.6829768+08:00","level":"INFO","msg":"IoT 服务已启动"}
{"time":"2026-08-23T10:54:56.6829768+08:00","level":"INFO","msg":"WebDAV 已挂载","prefix":"/dav"}
{"time":"2026-08-23T10:54:56.6829768+08:00","level":"INFO","msg":"HTTP 服务启动","addr":":8080"}
{"time":"2026-08-23T10:55:01.9505437+08:00","level":"INFO","msg":"HTTP 访问","method":"GET","path":"/api/system/status","status":200,"latency":"208.0972ms","ip":"::1","trace_id":"b86ea10a0493f1e032474d65"}
{"time":"2026-08-23T10:55:02.1558436+08:00","level":"INFO","msg":"HTTP 访问","method":"GET","path":"/api/system/status","status":200,"latency":"204.2675ms","ip":"::1","trace_id":"f895946b54f722a4b12d85c2"}
{"time":"2026-08-23T10:55:02.537941+08:00","level":"INFO","msg":"HTTP 访问","method":"GET","path":"/","status":200,"latency":"46.8977ms","ip":"::1","trace_id":"867b65bd500cb92c4ecbb1b2"}
{"time":"2026-08-23T10:55:02.5589943+08:00","level":"INFO","msg":"HTTP 访问","method":"GET","path":"/style.css","status":200,"latency":"1.002ms","ip":"::1","trace_id":"995fb0bdc5ab924436e75123"}
{"time":"2026-08-23T10:55:02.5594974+08:00","level":"INFO","msg":"HTTP 访问","method":"GET","path":"/app.js","status":200,"latency":"1.5051ms","ip":"::1","trace_id":"801145aeb10ce1349694d382"}
{"time":"2026-08-23T10:55:02.5747681+08:00","level":"INFO","msg":"HTTP 访问","method":"GET","path":"/api/auth/me","status":200,"latency":"0s","ip":"::1","trace_id":"c5892a8241436781f000fa56"}
{"time":"2026-08-23T10:55:02.6625455+08:00","level":"INFO","msg":"HTTP 访问","method":"GET","path":"/api/admin/settings","status":200,"latency":"0s","ip":"::1","trace_id":"97b1ab21262ea5a5771a2788"}
{"time":"2026-08-23T10:55:02.6741758+08:00","level":"INFO","msg":"HTTP 访问","method":"GET","path":"/favicon.ico","status":200,"latency":"1.3095ms","ip":"::1","trace_id":"296f0e051ee759c0a559e2d5"}
{"time":"2026-08-23T10:55:02.879393+08:00","level":"INFO","msg":"HTTP 访问","method":"GET","path":"/api/system/status","status":200,"latency":"203.7107ms","ip":"::1","trace_id":"e96576836a1186fbfc26d241"}
{"time":"2026-08-23T10:55:03.0861622+08:00","level":"INFO","msg":"HTTP 访问","method":"GET","path":"/api/system/status","status":200,"latency":"206.2303ms","ip":"::1","trace_id":"4ffee334836c1c6b30eb9486"}
{"time":"2026-08-23T10:55:03.8650089+08:00","level":"INFO","msg":"HTTP 访问","method":"GET","path":"/api/files","status":200,"latency":"31.6ms","ip":"::1","trace_id":"88c8d6b617b1d0a81b0a28a3"}
{"time":"2026-08-23T10:55:04.9892436+08:00","level":"INFO","msg":"HTTP 访问","method":"GET","path":"/api/files/trash","status":200,"latency":"2.7865ms","ip":"::1","trace_id":"7dd2feddcee8db046dd17bd1"}
{"time":"2026-08-23T10:55:05.4048209+08:00","level":"INFO","msg":"HTTP 访问","method":"GET","path":"/api/storage/stats","status":200,"latency":"1.5344113s","ip":"::1","trace_id":"ad202e46844c3ac8aa6edb0a"}
{"time":"2026-08-23T10:55:05.7090952+08:00","level":"INFO","msg":"HTTP 访问","method":"GET","path":"/api/admin/settings","status":200,"latency":"0s","ip":"::1","trace_id":"4cacf710d8969e8055bad5ac"}
{"time":"2026-08-23T10:55:05.7090952+08:00","level":"INFO","msg":"HTTP 访问","method":"GET","path":"/api/admin/users","status":200,"latency":"0s","ip":"::1","trace_id":"b137e5c62c5a2a883f5fc5b3"}
{"time":"2026-08-23T10:55:05.710523+08:00","level":"INFO","msg":"HTTP 访问","method":"GET","path":"/api/plugins","status":200,"latency":"0s","ip":"::1","trace_id":"f2233c6f3884c09e638b90aa"}
{"time":"2026-08-23T10:55:07.8872819+08:00","level":"INFO","msg":"HTTP 访问","method":"GET","path":"/api/system/status","status":200,"latency":"210.3566ms","ip":"::1","trace_id":"e570ab1685f19ea7a2349dca"}
{"time":"2026-08-23T10:55:08.7779706+08:00","level":"INFO","msg":"HTTP 访问","method":"GET","path":"/api/files","status":200,"latency":"61.1752ms","ip":"::1","trace_id":"9a1699dc1db9bb1bf2ae63b1"}
{"time":"2026-08-23T10:55:08.8269813+08:00","level":"INFO","msg":"HTTP 访问","method":"GET","path":"/api/storage/stats","status":200,"latency":"46.0069ms","ip":"::1","trace_id":"73cbc1a6e1add0168c75150f"}
{"time":"2026-08-23T10:55:09.4207523+08:00","level":"INFO","msg":"HTTP 访问","method":"GET","path":"/api/system/status","status":200,"latency":"205.922ms","ip":"::1","trace_id":"d45e97156b357f8b7c56d05a"}
{"time":"2026-08-23T10:55:09.6278738+08:00","level":"INFO","msg":"HTTP 访问","method":"GET","path":"/api/system/status","status":200,"latency":"203.6004ms","ip":"::1","trace_id":"e69439daf5bcc26b8c3b9b56"}
{"time":"2026-08-23T10:55:10.5665182+08:00","level":"INFO","msg":"HTTP 访问","method":"GET","path":"/api/files","status":200,"latency":"3.1455ms","ip":"::1","trace_id":"b58cfaea93c6dfb2cb3d3366"}
{"time":"2026-08-23T10:55:10.6024376+08:00","level":"INFO","msg":"HTTP 访问","method":"GET","path":"/api/storage/stats","status":200,"latency":"32.9616ms","ip":"::1","trace_id":"dfb7f6797c3dfb8ff8ba543a"}
{"time":"2026-08-23T10:55:12.8836368+08:00","level":"INFO","msg":"HTTP 访问","method":"GET","path":"/api/system/status","status":200,"latency":"209.3512ms","ip":"::1","trace_id":"4275dd2b3effa6866c91e587"}
{"time":"2026-08-23T10:55:16.5072973+08:00","level":"INFO","msg":"HTTP 访问","method":"GET","path":"/api/files","status":200,"latency":"47.8965ms","ip":"::1","trace_id":"ab29dbaba58959595210af44"}
{"time":"2026-08-23T10:55:16.5910395+08:00","level":"INFO","msg":"HTTP 访问","method":"GET","path":"/api/storage/stats","status":200,"latency":"80.1559ms","ip":"::1","trace_id":"15f561f2443022dc13c28202"}
{"time":"2026-08-23T10:55:17.4482332+08:00","level":"INFO","msg":"HTTP 访问","method":"GET","path":"/api/files","status":200,"latency":"2.0335ms","ip":"::1","trace_id":"5f9711800193e19dbe1bd852"}
{"time":"2026-08-23T10:55:17.4880156+08:00","level":"INFO","msg":"HTTP 访问","method":"GET","path":"/api/storage/stats","status":200,"latency":"36.7696ms","ip":"::1","trace_id":"d41c780f9014bcd3dec96783"}
{"time":"2026-08-23T10:55:17.880929+08:00","level":"INFO","msg":"HTTP 访问","method":"GET","path":"/api/system/status","status":200,"latency":"204.6499ms","ip":"::1","trace_id":"9f0a050270158a94b9e97c21"}
{"time":"2026-08-23T10:55:20.3360449+08:00","level":"INFO","msg":"HTTP 访问","method":"GET","path":"/api/files","status":200,"latency":"1.6066ms","ip":"::1","trace_id":"a21623073db4fe4ff8cb02e0"}
{"time":"2026-08-23T10:55:20.3769148+08:00","level":"INFO","msg":"HTTP 访问","method":"GET","path":"/api/storage/stats","status":200,"latency":"38.5258ms","ip":"::1","trace_id":"f20ce5c1ef5335f7ea30901d"}
{"time":"2026-08-23T10:55:21.2516267+08:00","level":"INFO","msg":"HTTP 访问","method":"GET","path":"/api/files","status":200,"latency":"1.381ms","ip":"::1","trace_id":"721499a291907b1b713eabd8"}
{"time":"2026-08-23T10:55:21.2956669+08:00","level":"INFO","msg":"HTTP 访问","method":"GET","path":"/api/storage/stats","status":200,"latency":"41.9754ms","ip":"::1","trace_id":"308ecca38ed13addaa20df88"}
{"time":"2026-08-23T10:55:22.2234252+08:00","level":"INFO","msg":"HTTP 访问","method":"GET","path":"/api/files","status":200,"latency":"3.3641ms","ip":"::1","trace_id":"4d8839c047c4dc897e09533e"}
{"time":"2026-08-23T10:55:22.2661309+08:00","level":"INFO","msg":"HTTP 访问","method":"GET","path":"/api/storage/stats","status":200,"latency":"40.6022ms","ip":"::1","trace_id":"92a49662d9ec9403b6cb71f2"}
{"time":"2026-08-23T10:55:22.8792573+08:00","level":"INFO","msg":"HTTP 访问","method":"GET","path":"/api/system/status","status":200,"latency":"203.3897ms","ip":"::1","trace_id":"a8ca612668712b0fe5e8adf9"}
{"time":"2026-08-23T10:55:27.655927+08:00","level":"INFO","msg":"HTTP 访问","method":"GET","path":"/api/files","status":200,"latency":"21.4951ms","ip":"::1","trace_id":"9caf309d4c9b72b62a32f43f"}
{"time":"2026-08-23T10:55:27.7000762+08:00","level":"INFO","msg":"HTTP 访问","method":"GET","path":"/api/storage/stats","status":200,"latency":"39.6084ms","ip":"::1","trace_id":"a07d61837ea16554d5cf83d5"}
{"time":"2026-08-23T10:55:27.8818066+08:00","level":"INFO","msg":"HTTP 访问","method":"GET","path":"/api/system/status","status":200,"latency":"207.2246ms","ip":"::1","trace_id":"90070455dcd4ff2ae110cffa"}
{"time":"2026-08-23T10:55:30.7038077+08:00","level":"INFO","msg":"HTTP 访问","method":"GET","path":"/api/files","status":200,"latency":"18.0919ms","ip":"::1","trace_id":"0d09b16061b8070179c5260c"}
{"time":"2026-08-23T10:55:30.7428278+08:00","level":"INFO","msg":"HTTP 访问","method":"GET","path":"/api/storage/stats","status":200,"latency":"36.4851ms","ip":"::1","trace_id":"7c5fa0469741da8383011034"}
{"time":"2026-08-23T10:55:32.8806083+08:00","level":"INFO","msg":"HTTP 访问","method":"GET","path":"/api/system/status","status":200,"latency":"203.3861ms","ip":"::1","trace_id":"b35dd5f1d3ed1623dea711e4"}
{"time":"2026-08-23T10:55:33.0524309+08:00","level":"INFO","msg":"HTTP 访问","method":"GET","path":"/api/files","status":200,"latency":"12.3401ms","ip":"::1","trace_id":"e5f2d3a8dc63d545c15d1e15"}
{"time":"2026-08-23T10:55:33.1052408+08:00","level":"INFO","msg":"HTTP 访问","method":"GET","path":"/api/storage/stats","status":200,"latency":"49.5097ms","ip":"::1","trace_id":"a95512fda3df9e9708e410f1"}
{"time":"2026-08-23T10:55:35.1840077+08:00","level":"INFO","msg":"HTTP 访问","method":"GET","path":"/api/files","status":200,"latency":"1.5739ms","ip":"::1","trace_id":"33d7920396772d7283dd22ea"}
{"time":"2026-08-23T10:55:35.2246349+08:00","level":"INFO","msg":"HTTP 访问","method":"GET","path":"/api/storage/stats","status":200,"latency":"39.0217ms","ip":"::1","trace_id":"2a78af66168ca726c83d2bda"}
{"time":"2026-08-23T10:55:36.322389+08:00","level":"INFO","msg":"HTTP 访问","method":"GET","path":"/api/files","status":200,"latency":"1.0011ms","ip":"::1","trace_id":"32d7f8f6ff9344cff3503b69"}
{"time":"2026-08-23T10:55:36.361541+08:00","level":"INFO","msg":"HTTP 访问","method":"GET","path":"/api/storage/stats","status":200,"latency":"36.0417ms","ip":"::1","trace_id":"b49b2b7bf644ad29132175c7"}
{"time":"2026-08-23T10:55:37.8818268+08:00","level":"INFO","msg":"HTTP 访问","method":"GET","path":"/api/system/status","status":200,"latency":"206.0404ms","ip":"::1","trace_id":"f67d42003c37d3185f872cf5"}
{"time":"2026-08-23T10:55:38.0601129+08:00","level":"INFO","msg":"HTTP 访问","method":"GET","path":"/api/files","status":200,"latency":"1.0214ms","ip":"::1","trace_id":"b7c501b3a487c435d7af36c0"}
{"time":"2026-08-23T10:55:38.0984231+08:00","level":"INFO","msg":"HTTP 访问","method":"GET","path":"/api/storage/stats","status":200,"latency":"37.2788ms","ip":"::1","trace_id":"4b4758136f17fcb773ac6b30"}
{"time":"2026-08-23T10:55:39.6599688+08:00","level":"INFO","msg":"HTTP 访问","method":"GET","path":"/api/files","status":200,"latency":"1.2555ms","ip":"::1","trace_id":"66b66e253573e755e41e98eb"}
{"time":"2026-08-23T10:55:39.6999078+08:00","level":"INFO","msg":"HTTP 访问","method":"GET","path":"/api/storage/stats","status":200,"latency":"37.3583ms","ip":"::1","trace_id":"f15c1c28804b4b8c50fdb91b"}
{"time":"2026-08-23T10:55:41.3231575+08:00","level":"INFO","msg":"HTTP 访问","method":"GET","path":"/api/files","status":200,"latency":"507.9µs","ip":"::1","trace_id":"cd65c26782197341496f124c"}
{"time":"2026-08-23T10:55:41.3657398+08:00","level":"INFO","msg":"HTTP 访问","method":"GET","path":"/api/storage/stats","status":200,"latency":"39.1872ms","ip":"::1","trace_id":"d8ec441d5e26a403a10e8804"}
{"time":"2026-08-23T10:55:41.8234942+08:00","level":"INFO","msg":"HTTP 访问","method":"GET","path":"/api/files","status":200,"latency":"2.5832ms","ip":"::1","trace_id":"1c4896271bb882da1e030ee4"}
{"time":"2026-08-23T10:55:41.8623659+08:00","level":"INFO","msg":"HTTP 访问","method":"GET","path":"/api/storage/stats","status":200,"latency":"36.0566ms","ip":"::1","trace_id":"a8874f6ac9efbce4c102e5da"}
{"time":"2026-08-23T10:55:42.8840681+08:00","level":"INFO","msg":"HTTP 访问","method":"GET","path":"/api/system/status","status":200,"latency":"210.1678ms","ip":"::1","trace_id":"7381b497a5230f00826df13c"}
{"time":"2026-08-23T10:55:47.9128696+08:00","level":"INFO","msg":"HTTP 访问","method":"GET","path":"/api/system/status","status":200,"latency":"223.9689ms","ip":"::1","trace_id":"49f5bd9faf1dc0752d7e9822"}
{"time":"2026-08-23T10:55:48.6849921+08:00","level":"INFO","msg":"HTTP 访问","method":"GET","path":"/api/files","status":200,"latency":"39.385ms","ip":"::1","trace_id":"ebffe31018eb6eeb6f009e2c"}
{"time":"2026-08-23T10:55:48.7507229+08:00","level":"INFO","msg":"HTTP 访问","method":"GET","path":"/api/storage/stats","status":200,"latency":"63.2203ms","ip":"::1","trace_id":"26b4b8942798b25292b95ccf"}
{"time":"2026-08-23T10:55:50.1253709+08:00","level":"INFO","msg":"HTTP 访问","method":"GET","path":"/api/files","status":200,"latency":"502.9µs","ip":"::1","trace_id":"069b32e53aba7e0b40df3cf5"}
{"time":"2026-08-23T10:55:50.1742763+08:00","level":"INFO","msg":"HTTP 访问","method":"GET","path":"/api/storage/stats","status":200,"latency":"46.4203ms","ip":"::1","trace_id":"6d3ce656cb411baea05a6cfb"}
{"time":"2026-08-23T10:55:51.4541922+08:00","level":"INFO","msg":"HTTP 访问","method":"GET","path":"/api/files","status":200,"latency":"1.966ms","ip":"::1","trace_id":"d94c32ead9322ea3c13d54dc"}
{"time":"2026-08-23T10:55:51.4945701+08:00","level":"INFO","msg":"HTTP 访问","method":"GET","path":"/api/storage/stats","status":200,"latency":"37.5894ms","ip":"::1","trace_id":"c423555ba2c5859da17b2c11"}
{"time":"2026-08-23T10:55:52.880325+08:00","level":"INFO","msg":"HTTP 访问","method":"GET","path":"/api/system/status","status":200,"latency":"205.2961ms","ip":"::1","trace_id":"7119f93cf88f1648059725b1"}
{"time":"2026-08-23T10:55:55.9958695+08:00","level":"INFO","msg":"HTTP 访问","method":"GET","path":"/api/files","status":200,"latency":"24.2436ms","ip":"::1","trace_id":"9a29832f37f4aefe7a74c31b"}
{"time":"2026-08-23T10:55:56.030421+08:00","level":"INFO","msg":"HTTP 访问","method":"GET","path":"/api/storage/stats","status":200,"latency":"32.5217ms","ip":"::1","trace_id":"24903844bb71a899c1ba0e5d"}
{"time":"2026-08-23T10:55:56.8217378+08:00","level":"INFO","msg":"HTTP 访问","method":"GET","path":"/api/files","status":200,"latency":"22.9821ms","ip":"::1","trace_id":"dd4d344dbb1a6fe3a8414dc5"}
{"time":"2026-08-23T10:55:56.8609034+08:00","level":"INFO","msg":"HTTP 访问","method":"GET","path":"/api/storage/stats","status":200,"latency":"36.604ms","ip":"::1","trace_id":"efd967d4805e5adda409234e"}
{"time":"2026-08-23T10:55:57.8945358+08:00","level":"INFO","msg":"HTTP 访问","method":"GET","path":"/api/system/status","status":200,"latency":"208.4448ms","ip":"::1","trace_id":"4cc7dc221008e13d169d5ea9"}
{"time":"2026-08-23T10:55:58.3891434+08:00","level":"INFO","msg":"HTTP 访问","method":"GET","path":"/api/files","status":200,"latency":"18.3556ms","ip":"::1","trace_id":"ab72629525f05bf45181977e"}
{"time":"2026-08-23T10:55:58.4213029+08:00","level":"INFO","msg":"HTTP 访问","method":"GET","path":"/api/storage/stats","status":200,"latency":"29.8704ms","ip":"::1","trace_id":"551e72be4fa1e71f4b3d9947"}
{"time":"2026-08-23T10:55:59.1725124+08:00","level":"INFO","msg":"HTTP 访问","method":"GET","path":"/api/files","status":200,"latency":"18.7159ms","ip":"::1","trace_id":"c94c88deb4868b926ec38223"}
{"time":"2026-08-23T10:55:59.2111669+08:00","level":"INFO","msg":"HTTP 访问","method":"GET","path":"/api/storage/stats","status":200,"latency":"36.1444ms","ip":"::1","trace_id":"f5eaa46ac46939ea2e591927"}
{"time":"2026-08-23T10:56:02.8815504+08:00","level":"INFO","msg":"HTTP 访问","method":"GET","path":"/api/system/status","status":200,"latency":"206.704ms","ip":"::1","trace_id":"79e1463b1d73e85e6c9f9918"}
{"time":"2026-08-23T10:56:03.0866252+08:00","level":"INFO","msg":"HTTP 访问","method":"GET","path":"/api/system/status","status":200,"latency":"204.0629ms","ip":"::1","trace_id":"4b6ede431130a7a7a90085b8"}
{"time":"2026-08-23T10:56:07.8944004+08:00","level":"INFO","msg":"HTTP 访问","method":"GET","path":"/api/system/status","status":200,"latency":"208.4208ms","ip":"::1","trace_id":"de0afb11161814626c3941e1"}
{"time":"2026-08-23T10:56:09.4358145+08:00","level":"INFO","msg":"HTTP 访问","method":"GET","path":"/api/system/status","status":200,"latency":"207.1729ms","ip":"::1","trace_id":"cbabb5f6f7a42526a97f1d8f"}
{"time":"2026-08-23T10:56:09.6440643+08:00","level":"INFO","msg":"HTTP 访问","method":"GET","path":"/api/system/status","status":200,"latency":"206.8272ms","ip":"::1","trace_id":"a248b1577e613aac28ab2448"}
{"time":"2026-08-23T10:56:12.8925144+08:00","level":"INFO","msg":"HTTP 访问","method":"GET","path":"/api/system/status","status":200,"latency":"207.0431ms","ip":"::1","trace_id":"2f992b646ab1b028c248db7c"}
{"time":"2026-08-23T10:56:18.4299206+08:00","level":"INFO","msg":"HTTP 访问","method":"GET","path":"/api/system/status","status":200,"latency":"202.9013ms","ip":"::1","trace_id":"6be3648c7ad74fe812e21028"}
{"time":"2026-08-23T10:56:23.4287287+08:00","level":"INFO","msg":"HTTP 访问","method":"GET","path":"/api/system/status","status":200,"latency":"203.9516ms","ip":"::1","trace_id":"33dab68f4805283d30295f47"}
{"time":"2026-08-23T10:56:28.427548+08:00","level":"INFO","msg":"HTTP 访问","method":"GET","path":"/api/system/status","status":200,"latency":"203.0364ms","ip":"::1","trace_id":"4021c4d99c6af6beef04d77b"}
{"time":"2026-08-23T10:56:33.429598+08:00","level":"INFO","msg":"HTTP 访问","method":"GET","path":"/api/system/status","status":200,"latency":"203.0266ms","ip":"::1","trace_id":"89e6c41467ef1c1519ab034e"}
{"time":"2026-08-23T10:56:38.4303066+08:00","level":"INFO","msg":"HTTP 访问","method":"GET","path":"/api/system/status","status":200,"latency":"203.2931ms","ip":"::1","trace_id":"d3b739b66c7fa61d49cb0c38"}
{"time":"2026-08-23T10:56:43.4208645+08:00","level":"INFO","msg":"HTTP 访问","method":"GET","path":"/api/system/status","status":200,"latency":"203.2979ms","ip":"::1","trace_id":"249b665b041898b5a12c7a6d"}
{"time":"2026-08-23T10:56:48.4205763+08:00","level":"INFO","msg":"HTTP 访问","method":"GET","path":"/api/system/status","status":200,"latency":"203.4347ms","ip":"::1","trace_id":"5b9fff42936389a548c606f4"}
{"time":"2026-08-23T10:56:53.4429223+08:00","level":"INFO","msg":"HTTP 访问","method":"GET","path":"/api/system/status","status":200,"latency":"203.806ms","ip":"::1","trace_id":"fc324d0d9aaf2fbd39d0ac3b"}
{"time":"2026-08-23T10:56:58.4202694+08:00","level":"INFO","msg":"HTTP 访问","method":"GET","path":"/api/system/status","status":200,"latency":"202.8943ms","ip":"::1","trace_id":"dea44e924725c7e02024a656"}
{"time":"2026-08-23T10:57:03.4238513+08:00","level":"INFO","msg":"HTTP 访问","method":"GET","path":"/api/system/status","status":200,"latency":"203.0786ms","ip":"::1","trace_id":"d3bbaac8bd3aea9124db4428"}
{"time":"2026-08-23T10:57:03.6288152+08:00","level":"INFO","msg":"HTTP 访问","method":"GET","path":"/api/system/status","status":200,"latency":"203.7951ms","ip":"::1","trace_id":"a8f67ad697ec0e91ac25537a"}
{"time":"2026-08-23T10:57:08.4249285+08:00","level":"INFO","msg":"HTTP 访问","method":"GET","path":"/api/system/status","status":200,"latency":"203.75ms","ip":"::1","trace_id":"4f4f70266b8e7bf013b7dc0c"}
{"time":"2026-08-23T10:57:09.4216481+08:00","level":"INFO","msg":"HTTP 访问","method":"GET","path":"/api/system/status","status":200,"latency":"207.3171ms","ip":"::1","trace_id":"433202b3795c3533afc9e80e"}
{"time":"2026-08-23T10:57:09.6276267+08:00","level":"INFO","msg":"HTTP 访问","method":"GET","path":"/api/system/status","status":200,"latency":"204.7645ms","ip":"::1","trace_id":"9816d3cefb23f57b3f91182c"}
{"time":"2026-08-23T10:57:13.4236908+08:00","level":"INFO","msg":"HTTP 访问","method":"GET","path":"/api/system/status","status":200,"latency":"202.8761ms","ip":"::1","trace_id":"c983e96f828f15068f85dc69"}
{"time":"2026-08-23T10:58:03.4195037+08:00","level":"INFO","msg":"HTTP 访问","method":"GET","path":"/api/system/status","status":200,"latency":"205.1646ms","ip":"::1","trace_id":"489a40a07cb5962d2e7737fa"}
{"time":"2026-08-23T10:58:09.4280124+08:00","level":"INFO","msg":"HTTP 访问","method":"GET","path":"/api/system/status","status":200,"latency":"207.9771ms","ip":"::1","trace_id":"d0f888873252253a49454df6"}
{"time":"2026-08-23T10:58:09.4280124+08:00","level":"INFO","msg":"HTTP 访问","method":"GET","path":"/api/system/status","status":200,"latency":"207.2139ms","ip":"::1","trace_id":"f01ea8697f51b4b0442de05d"}
{"time":"2026-08-23T10:58:09.6343497+08:00","level":"INFO","msg":"HTTP 访问","method":"GET","path":"/api/system/status","status":200,"latency":"204.7072ms","ip":"::1","trace_id":"7afa3c62778ae57fb040b92c"}
{"time":"2026-08-23T10:59:03.4303515+08:00","level":"INFO","msg":"HTTP 访问","method":"GET","path":"/api/system/status","status":200,"latency":"203.4906ms","ip":"::1","trace_id":"1e43795d311971dc64f2886e"}
{"time":"2026-08-23T10:59:09.4175141+08:00","level":"INFO","msg":"HTTP 访问","method":"GET","path":"/api/system/status","status":200,"latency":"203.1989ms","ip":"::1","trace_id":"23eacb05e1cbea1b9648e82d"}
{"time":"2026-08-23T10:59:09.4328805+08:00","level":"INFO","msg":"HTTP 访问","method":"GET","path":"/api/system/status","status":200,"latency":"202.9678ms","ip":"::1","trace_id":"4b1cd1b2c3fc4afd23f971c6"}
{"time":"2026-08-23T10:59:09.6381219+08:00","level":"INFO","msg":"HTTP 访问","method":"GET","path":"/api/system/status","status":200,"latency":"204.1306ms","ip":"::1","trace_id":"0fb2c6ea86966bfc161c91c0"}
{"time":"2026-08-23T11:00:03.4263984+08:00","level":"INFO","msg":"HTTP 访问","method":"GET","path":"/api/system/status","status":200,"latency":"203.7316ms","ip":"::1","trace_id":"031560e7f123d77c7ab11a62"}
{"time":"2026-08-23T11:00:09.4238706+08:00","level":"INFO","msg":"HTTP 访问","method":"GET","path":"/api/system/status","status":200,"latency":"203.7636ms","ip":"::1","trace_id":"68ec1b7ddaf1832398db6a8a"}
{"time":"2026-08-23T11:00:09.4238706+08:00","level":"INFO","msg":"HTTP 访问","method":"GET","path":"/api/system/status","status":200,"latency":"203.7636ms","ip":"::1","trace_id":"944c09e1e1ef29163b0f3620"}
{"time":"2026-08-23T11:00:09.6290426+08:00","level":"INFO","msg":"HTTP 访问","method":"GET","path":"/api/system/status","status":200,"latency":"203.0866ms","ip":"::1","trace_id":"848c81bbc376eef8bdcb63f0"}
{"time":"2026-08-23T11:01:03.4314566+08:00","level":"INFO","msg":"HTTP 访问","method":"GET","path":"/api/system/status","status":200,"latency":"203.5022ms","ip":"::1","trace_id":"834102555da022c767ae7c9a"}
{"time":"2026-08-23T11:01:09.4215213+08:00","level":"INFO","msg":"HTTP 访问","method":"GET","path":"/api/system/status","status":200,"latency":"204.2569ms","ip":"::1","trace_id":"90b4220d8545c8bc1ee6be6d"}
{"time":"2026-08-23T11:01:09.4215213+08:00","level":"INFO","msg":"HTTP 访问","method":"GET","path":"/api/system/status","status":200,"latency":"204.2569ms","ip":"::1","trace_id":"80ec78318b6fbbfb2966d3cb"}
{"time":"2026-08-23T11:01:09.6268211+08:00","level":"INFO","msg":"HTTP 访问","method":"GET","path":"/api/system/status","status":200,"latency":"204.2711ms","ip":"::1","trace_id":"50fcc94c4fd17556346b0a7d"}
{"time":"2026-08-23T11:02:09.4277887+08:00","level":"INFO","msg":"HTTP 访问","method":"GET","path":"/api/system/status","status":200,"latency":"204.4372ms","ip":"::1","trace_id":"4a816631bc85c15127297d5a"}
{"time":"2026-08-23T11:02:09.632592+08:00","level":"INFO","msg":"HTTP 访问","method":"GET","path":"/api/system/status","status":200,"latency":"203.7415ms","ip":"::1","trace_id":"557fed64e350ac546ee9caef"}
{"time":"2026-08-23T11:03:09.4173042+08:00","level":"INFO","msg":"HTTP 访问","method":"GET","path":"/api/system/status","status":200,"latency":"203.0895ms","ip":"::1","trace_id":"b69fdfc20f254662bb1b9207"}
{"time":"2026-08-23T11:03:09.6221535+08:00","level":"INFO","msg":"HTTP 访问","method":"GET","path":"/api/system/status","status":200,"latency":"203.7838ms","ip":"::1","trace_id":"e3cbc0cfaa37aac571eb44e9"}
{"time":"2026-08-23T11:04:09.4336442+08:00","level":"INFO","msg":"HTTP 访问","method":"GET","path":"/api/system/status","status":200,"latency":"205.1136ms","ip":"::1","trace_id":"a943344ccb0c3e80ee59e3bc"}
{"time":"2026-08-23T11:04:09.6380151+08:00","level":"INFO","msg":"HTTP 访问","method":"GET","path":"/api/system/status","status":200,"latency":"203.2981ms","ip":"::1","trace_id":"ff8efa946fe95e4ba694fad6"}
{"time":"2026-08-23T11:05:09.4262115+08:00","level":"INFO","msg":"HTTP 访问","method":"GET","path":"/api/system/status","status":200,"latency":"203.2213ms","ip":"::1","trace_id":"3c6dfef4f9de62d5f42cd0d9"}
{"time":"2026-08-23T11:05:09.630636+08:00","level":"INFO","msg":"HTTP 访问","method":"GET","path":"/api/system/status","status":200,"latency":"203.3581ms","ip":"::1","trace_id":"a4d5cb804d00d65fc86750d5"}
{"time":"2026-08-23T11:06:09.4188481+08:00","level":"INFO","msg":"HTTP 访问","method":"GET","path":"/api/system/status","status":200,"latency":"203.6374ms","ip":"::1","trace_id":"aa8c80626f2731975e1ce463"}
{"time":"2026-08-23T11:06:09.6228446+08:00","level":"INFO","msg":"HTTP 访问","method":"GET","path":"/api/system/status","status":200,"latency":"202.9163ms","ip":"::1","trace_id":"262d1dcca3d52fc0fd44ee82"}
{"time":"2026-08-23T11:07:09.4202984+08:00","level":"INFO","msg":"HTTP 访问","method":"GET","path":"/api/system/status","status":200,"latency":"203.816ms","ip":"::1","trace_id":"152d901d4e477c6c7e60ddf0"}
{"time":"2026-08-23T11:07:09.6246788+08:00","level":"INFO","msg":"HTTP 访问","method":"GET","path":"/api/system/status","status":200,"latency":"203.1249ms","ip":"::1","trace_id":"31c71f3fd22a638910e53c26"}
{"time":"2026-08-23T11:08:09.4216961+08:00","level":"INFO","msg":"HTTP 访问","method":"GET","path":"/api/system/status","status":200,"latency":"207.1003ms","ip":"::1","trace_id":"0b6ff0df9d6ff9f158494447"}
{"time":"2026-08-23T11:08:09.6303489+08:00","level":"INFO","msg":"HTTP 访问","method":"GET","path":"/api/system/status","status":200,"latency":"206.5676ms","ip":"::1","trace_id":"d11c52e1f20daad3a936d1c1"}
{"time":"2026-08-23T11:09:09.43105+08:00","level":"INFO","msg":"HTTP 访问","method":"GET","path":"/api/system/status","status":200,"latency":"205.3538ms","ip":"::1","trace_id":"7e8f03c46ba19940eccc22df"}
{"time":"2026-08-23T11:09:09.6402899+08:00","level":"INFO","msg":"HTTP 访问","method":"GET","path":"/api/system/status","status":200,"latency":"208.5635ms","ip":"::1","trace_id":"e7bd77e301ec2ffb5f631574"}
{"time":"2026-08-23T11:10:09.426762+08:00","level":"INFO","msg":"HTTP 访问","method":"GET","path":"/api/system/status","status":200,"latency":"207.3499ms","ip":"::1","trace_id":"5a041c879c4bbd62cdca32f4"}
{"time":"2026-08-23T11:10:09.6704707+08:00","level":"INFO","msg":"HTTP 访问","method":"GET","path":"/api/system/status","status":200,"latency":"242.7507ms","ip":"::1","trace_id":"8f5c016309c20253122c6857"}
{"time":"2026-08-23T11:11:09.4434137+08:00","level":"INFO","msg":"HTTP 访问","method":"GET","path":"/api/system/status","status":200,"latency":"209.2255ms","ip":"::1","trace_id":"558b6fefc5e366c14652d633"}
{"time":"2026-08-23T11:11:09.6480078+08:00","level":"INFO","msg":"HTTP 访问","method":"GET","path":"/api/system/status","status":200,"latency":"203.5895ms","ip":"::1","trace_id":"9a6091e1626dc1a7c44ae5c1"}
{"time":"2026-08-23T11:12:09.4238862+08:00","level":"INFO","msg":"HTTP 访问","method":"GET","path":"/api/system/status","status":200,"latency":"206.5366ms","ip":"::1","trace_id":"dfcfe95fc19375c61198e54b"}
{"time":"2026-08-23T11:12:09.6287+08:00","level":"INFO","msg":"HTTP 访问","method":"GET","path":"/api/system/status","status":200,"latency":"203.632ms","ip":"::1","trace_id":"4acc82718245520f443a75e0"}
{"time":"2026-08-23T11:13:09.4251217+08:00","level":"INFO","msg":"HTTP 访问","method":"GET","path":"/api/system/status","status":200,"latency":"202.7315ms","ip":"::1","trace_id":"0489413414b744c8bd247e33"}
{"time":"2026-08-23T11:13:09.6298512+08:00","level":"INFO","msg":"HTTP 访问","method":"GET","path":"/api/system/status","status":200,"latency":"203.0483ms","ip":"::1","trace_id":"e11bccc45d69f7e25d966495"}
{"time":"2026-08-23T11:14:09.4239911+08:00","level":"INFO","msg":"HTTP 访问","method":"GET","path":"/api/system/status","status":200,"latency":"203.0172ms","ip":"::1","trace_id":"4a91c342ba3e22ff3cc3b9a4"}
{"time":"2026-08-23T11:14:09.6290485+08:00","level":"INFO","msg":"HTTP 访问","method":"GET","path":"/api/system/status","status":200,"latency":"204.0351ms","ip":"::1","trace_id":"55adc3ac4a0348a3cc599668"}
{"time":"2026-08-23T11:15:09.4662416+08:00","level":"INFO","msg":"HTTP 访问","method":"GET","path":"/api/system/status","status":200,"latency":"248.1444ms","ip":"::1","trace_id":"ddb983740b869d3e14f60ae5"}
{"time":"2026-08-23T11:15:09.6986039+08:00","level":"INFO","msg":"HTTP 访问","method":"GET","path":"/api/system/status","status":200,"latency":"231.1609ms","ip":"::1","trace_id":"066da0ee996af1018e5f8507"}
{"time":"2026-08-23T11:16:09.4255794+08:00","level":"INFO","msg":"HTTP 访问","method":"GET","path":"/api/system/status","status":200,"latency":"204.2777ms","ip":"::1","trace_id":"ab6389450f3530823d31ebcf"}
{"time":"2026-08-23T11:16:09.6298664+08:00","level":"INFO","msg":"HTTP 访问","method":"GET","path":"/api/system/status","status":200,"latency":"203.1635ms","ip":"::1","trace_id":"4bf34ff525fc04acc4b2e7be"}
{"time":"2026-08-23T11:17:09.4344009+08:00","level":"INFO","msg":"HTTP 访问","method":"GET","path":"/api/system/status","status":200,"latency":"216.3181ms","ip":"::1","trace_id":"f8309fcddb43cfba24049c59"}
{"time":"2026-08-23T11:17:09.650252+08:00","level":"INFO","msg":"HTTP 访问","method":"GET","path":"/api/system/status","status":200,"latency":"213.5035ms","ip":"::1","trace_id":"b7dd7e50fbe8d71fd48b9981"}
{"time":"2026-08-23T11:18:09.4260513+08:00","level":"INFO","msg":"HTTP 访问","method":"GET","path":"/api/system/status","status":200,"latency":"206.4833ms","ip":"::1","trace_id":"2c1c7cd0eebd02e02fb35a97"}
{"time":"2026-08-23T11:18:09.6301881+08:00","level":"INFO","msg":"HTTP 访问","method":"GET","path":"/api/system/status","status":200,"latency":"203.6283ms","ip":"::1","trace_id":"a0bd99922216a68c7a3151fe"}
{"time":"2026-08-23T11:19:09.435438+08:00","level":"INFO","msg":"HTTP 访问","method":"GET","path":"/api/system/status","status":200,"latency":"206.9699ms","ip":"::1","trace_id":"dc9accc796e2879059222f81"}
{"time":"2026-08-23T11:19:09.6418742+08:00","level":"INFO","msg":"HTTP 访问","method":"GET","path":"/api/system/status","status":200,"latency":"205.3266ms","ip":"::1","trace_id":"ff3c45cbd55455829c30519f"}
{"time":"2026-08-23T11:20:09.428239+08:00","level":"INFO","msg":"HTTP 访问","method":"GET","path":"/api/system/status","status":200,"latency":"202.9527ms","ip":"::1","trace_id":"80477d8dfd63d0fbd91417ee"}
{"time":"2026-08-23T11:20:09.6327744+08:00","level":"INFO","msg":"HTTP 访问","method":"GET","path":"/api/system/status","status":200,"latency":"203.4147ms","ip":"::1","trace_id":"b614220eb8ef9969e2d87c5f"}
{"time":"2026-08-23T11:21:09.4364701+08:00","level":"INFO","msg":"HTTP 访问","method":"GET","path":"/api/system/status","status":200,"latency":"205.4375ms","ip":"::1","trace_id":"99f64b774a8d7aecafef6764"}
{"time":"2026-08-23T11:21:09.6407589+08:00","level":"INFO","msg":"HTTP 访问","method":"GET","path":"/api/system/status","status":200,"latency":"203.1783ms","ip":"::1","trace_id":"dd80b0cff50d5d23909ca174"}
{"time":"2026-08-23T11:22:09.4219418+08:00","level":"INFO","msg":"HTTP 访问","method":"GET","path":"/api/system/status","status":200,"latency":"203.5913ms","ip":"::1","trace_id":"03fc45171e198bc82f5b0579"}
{"time":"2026-08-23T11:22:09.6274381+08:00","level":"INFO","msg":"HTTP 访问","method":"GET","path":"/api/system/status","status":200,"latency":"203.95ms","ip":"::1","trace_id":"6a813e16cce6abc935370b6a"}
{"time":"2026-08-23T11:23:09.4252289+08:00","level":"INFO","msg":"HTTP 访问","method":"GET","path":"/api/system/status","status":200,"latency":"204.1187ms","ip":"::1","trace_id":"434f0014f23f03e942a873f2"}
{"time":"2026-08-23T11:23:09.6293332+08:00","level":"INFO","msg":"HTTP 访问","method":"GET","path":"/api/system/status","status":200,"latency":"203.0565ms","ip":"::1","trace_id":"1f8d1543c6894d90bd7c7234"}
{"time":"2026-08-23T11:24:09.4281384+08:00","level":"INFO","msg":"HTTP 访问","method":"GET","path":"/api/system/status","status":200,"latency":"204.7166ms","ip":"::1","trace_id":"92868322d229965d5899d8dc"}
{"time":"2026-08-23T11:24:09.6329206+08:00","level":"INFO","msg":"HTTP 访问","method":"GET","path":"/api/system/status","status":200,"latency":"203.7626ms","ip":"::1","trace_id":"6ec091bae477ae0fbe4b4e36"}
{"time":"2026-08-23T11:25:09.4225642+08:00","level":"INFO","msg":"HTTP 访问","method":"GET","path":"/api/system/status","status":200,"latency":"205.0751ms","ip":"::1","trace_id":"971cf577d446997e45c287f5"}
{"time":"2026-08-23T11:25:09.6270835+08:00","level":"INFO","msg":"HTTP 访问","method":"GET","path":"/api/system/status","status":200,"latency":"203.4451ms","ip":"::1","trace_id":"7ed63f752ec5e53842dee40e"}
{"time":"2026-08-23T11:26:09.4183321+08:00","level":"INFO","msg":"HTTP 访问","method":"GET","path":"/api/system/status","status":200,"latency":"203.3057ms","ip":"::1","trace_id":"bf4d23fb1b314e829503a2cf"}
{"time":"2026-08-23T11:26:09.6223573+08:00","level":"INFO","msg":"HTTP 访问","method":"GET","path":"/api/system/status","status":200,"latency":"203.4799ms","ip":"::1","trace_id":"601dc3450fc0d3b996c284ce"}
{"time":"2026-08-23T11:27:09.4202954+08:00","level":"INFO","msg":"HTTP 访问","method":"GET","path":"/api/system/status","status":200,"latency":"205.6548ms","ip":"::1","trace_id":"b34385273b51e608c6c03d3d"}
{"time":"2026-08-23T11:27:09.6261055+08:00","level":"INFO","msg":"HTTP 访问","method":"GET","path":"/api/system/status","status":200,"latency":"204.7188ms","ip":"::1","trace_id":"3dca704dbd627983738218ca"}
{"time":"2026-08-23T11:28:09.4312733+08:00","level":"INFO","msg":"HTTP 访问","method":"GET","path":"/api/system/status","status":200,"latency":"203.3495ms","ip":"::1","trace_id":"bfcce94954548dc2f8088613"}
{"time":"2026-08-23T11:28:09.6376375+08:00","level":"INFO","msg":"HTTP 访问","method":"GET","path":"/api/system/status","status":200,"latency":"205.4674ms","ip":"::1","trace_id":"b71b35a89646bdd23cf0623e"}
{"time":"2026-08-23T11:29:09.4206523+08:00","level":"INFO","msg":"HTTP 访问","method":"GET","path":"/api/system/status","status":200,"latency":"204.0574ms","ip":"::1","trace_id":"a659b54a73b7fd96ce3160c7"}
{"time":"2026-08-23T11:29:09.6262064+08:00","level":"INFO","msg":"HTTP 访问","method":"GET","path":"/api/system/status","status":200,"latency":"204.1007ms","ip":"::1","trace_id":"04d8c5ed98f1b5e9f40336f4"}
{"time":"2026-08-23T11:30:09.4364267+08:00","level":"INFO","msg":"HTTP 访问","method":"GET","path":"/api/system/status","status":200,"latency":"203.5376ms","ip":"::1","trace_id":"151b08879fa92ace42621a30"}
{"time":"2026-08-23T11:30:09.6408762+08:00","level":"INFO","msg":"HTTP 访问","method":"GET","path":"/api/system/status","status":200,"latency":"203.3654ms","ip":"::1","trace_id":"3d9e5898e7c597488cc9da21"}
{"time":"2026-08-23T11:31:09.4398468+08:00","level":"INFO","msg":"HTTP 访问","method":"GET","path":"/api/system/status","status":200,"latency":"210.1756ms","ip":"::1","trace_id":"96759f88146b2657de0942d1"}
{"time":"2026-08-23T11:31:09.6489738+08:00","level":"INFO","msg":"HTTP 访问","method":"GET","path":"/api/system/status","status":200,"latency":"206.7241ms","ip":"::1","trace_id":"0826ad2df71bfa4a57a105cf"}
{"time":"2026-08-23T11:32:09.4306361+08:00","level":"INFO","msg":"HTTP 访问","method":"GET","path":"/api/system/status","status":200,"latency":"211.8058ms","ip":"::1","trace_id":"daba35e05b42506bb7e4b0cd"}
{"time":"2026-08-23T11:32:09.6398077+08:00","level":"INFO","msg":"HTTP 访问","method":"GET","path":"/api/system/status","status":200,"latency":"205.5838ms","ip":"::1","trace_id":"f6697f648a0f7a0326a8d1bc"}
{"time":"2026-08-23T11:33:09.4404428+08:00","level":"INFO","msg":"HTTP 访问","method":"GET","path":"/api/system/status","status":200,"latency":"209.3689ms","ip":"::1","trace_id":"458725ad3d3d4c38ce0a2e5b"}
{"time":"2026-08-23T11:33:09.646231+08:00","level":"INFO","msg":"HTTP 访问","method":"GET","path":"/api/system/status","status":200,"latency":"203.9697ms","ip":"::1","trace_id":"2d9d2e78e559d73313742f4f"}
{"time":"2026-08-23T11:34:09.4298958+08:00","level":"INFO","msg":"HTTP 访问","method":"GET","path":"/api/system/status","status":200,"latency":"203.7027ms","ip":"::1","trace_id":"ac754ee6745a9d039d4e04f9"}
{"time":"2026-08-23T11:34:09.6348168+08:00","level":"INFO","msg":"HTTP 访问","method":"GET","path":"/api/system/status","status":200,"latency":"204.4171ms","ip":"::1","trace_id":"52ed95aad7af85a1c77b529d"}
{"time":"2026-08-23T11:35:09.4267539+08:00","level":"INFO","msg":"HTTP 访问","method":"GET","path":"/api/system/status","status":200,"latency":"203.7114ms","ip":"::1","trace_id":"57e0a86c6c8f64f8b4b694d4"}
{"time":"2026-08-23T11:35:09.6315596+08:00","level":"INFO","msg":"HTTP 访问","method":"GET","path":"/api/system/status","status":200,"latency":"203.7696ms","ip":"::1","trace_id":"a4839c63f795e23f5dab6d38"}
{"time":"2026-08-23T11:36:09.4175182+08:00","level":"INFO","msg":"HTTP 访问","method":"GET","path":"/api/system/status","status":200,"latency":"204.2541ms","ip":"::1","trace_id":"0a88f731626fb638cbdee955"}
{"time":"2026-08-23T11:36:09.621383+08:00","level":"INFO","msg":"HTTP 访问","method":"GET","path":"/api/system/status","status":200,"latency":"203.339ms","ip":"::1","trace_id":"f23a7c2779d7d94829963afd"}
{"time":"2026-08-23T11:37:09.4206439+08:00","level":"INFO","msg":"HTTP 访问","method":"GET","path":"/api/system/status","status":200,"latency":"203.5414ms","ip":"::1","trace_id":"455d257adfacbd2987b4afe3"}
{"time":"2026-08-23T11:37:09.6248453+08:00","level":"INFO","msg":"HTTP 访问","method":"GET","path":"/api/system/status","status":200,"latency":"203.1166ms","ip":"::1","trace_id":"1c5dad357deb75fb2026ae80"}
{"time":"2026-08-23T11:38:09.4336896+08:00","level":"INFO","msg":"HTTP 访问","method":"GET","path":"/api/system/status","status":200,"latency":"204.8245ms","ip":"::1","trace_id":"2e51bf5f96c0f17c24a6cb33"}
{"time":"2026-08-23T11:38:09.6378334+08:00","level":"INFO","msg":"HTTP 访问","method":"GET","path":"/api/system/status","status":200,"latency":"203.1252ms","ip":"::1","trace_id":"d2fd9bc1bf29ed190db35c90"}
{"time":"2026-08-23T11:39:09.4249413+08:00","level":"INFO","msg":"HTTP 访问","method":"GET","path":"/api/system/status","status":200,"latency":"204.2383ms","ip":"::1","trace_id":"0ca11213dd8fae74d334bf63"}
{"time":"2026-08-23T11:39:09.6298447+08:00","level":"INFO","msg":"HTTP 访问","method":"GET","path":"/api/system/status","status":200,"latency":"203.4478ms","ip":"::1","trace_id":"fac1e00f6ea2499ef0b95751"}
{"time":"2026-08-23T11:40:09.4268203+08:00","level":"INFO","msg":"HTTP 访问","method":"GET","path":"/api/system/status","status":200,"latency":"204.052ms","ip":"::1","trace_id":"92b123a5f365f3d5f549b64c"}
{"time":"2026-08-23T11:40:09.6311614+08:00","level":"INFO","msg":"HTTP 访问","method":"GET","path":"/api/system/status","status":200,"latency":"203.1903ms","ip":"::1","trace_id":"cd2e9d87e575e770e0839825"}
{"time":"2026-08-23T11:41:09.4519422+08:00","level":"INFO","msg":"HTTP 访问","method":"GET","path":"/api/system/status","status":200,"latency":"203.6079ms","ip":"::1","trace_id":"b907a47634f863ede0124c59"}
{"time":"2026-08-23T11:41:09.6564563+08:00","level":"INFO","msg":"HTTP 访问","method":"GET","path":"/api/system/status","status":200,"latency":"203.4327ms","ip":"::1","trace_id":"a08631056d5137aa9adb9869"}
{"time":"2026-08-23T11:42:09.4237294+08:00","level":"INFO","msg":"HTTP 访问","method":"GET","path":"/api/system/status","status":200,"latency":"203.7659ms","ip":"::1","trace_id":"3227bb72e9d75bc019b06c36"}
{"time":"2026-08-23T11:42:09.6286123+08:00","level":"INFO","msg":"HTTP 访问","method":"GET","path":"/api/system/status","status":200,"latency":"203.8654ms","ip":"::1","trace_id":"4af64983ec42524dbcbc363a"}
{"time":"2026-08-23T11:43:09.423608+08:00","level":"INFO","msg":"HTTP 访问","method":"GET","path":"/api/system/status","status":200,"latency":"203.5288ms","ip":"::1","trace_id":"65143b7910a934ccf865657c"}
{"time":"2026-08-23T11:43:09.6285411+08:00","level":"INFO","msg":"HTTP 访问","method":"GET","path":"/api/system/status","status":200,"latency":"203.852ms","ip":"::1","trace_id":"560bbd59dfc1446ad70e7483"}
{"time":"2026-08-23T11:44:09.4227972+08:00","level":"INFO","msg":"HTTP 访问","method":"GET","path":"/api/system/status","status":200,"latency":"202.7326ms","ip":"::1","trace_id":"768ac194356b83cccbb23481"}
{"time":"2026-08-23T11:44:09.6278105+08:00","level":"INFO","msg":"HTTP 访问","method":"GET","path":"/api/system/status","status":200,"latency":"203.9116ms","ip":"::1","trace_id":"13e45641be56430dc2c4d051"}
{"time":"2026-08-23T11:45:09.4268239+08:00","level":"INFO","msg":"HTTP 访问","method":"GET","path":"/api/system/status","status":200,"latency":"205.2725ms","ip":"::1","trace_id":"84606ba3e23aa7fafebc1780"}
{"time":"2026-08-23T11:45:09.6311347+08:00","level":"INFO","msg":"HTTP 访问","method":"GET","path":"/api/system/status","status":200,"latency":"203.2331ms","ip":"::1","trace_id":"3b218fd89417a95a64ba868a"}
{"time":"2026-08-23T11:46:09.4290936+08:00","level":"INFO","msg":"HTTP 访问","method":"GET","path":"/api/system/status","status":200,"latency":"203.8552ms","ip":"::1","trace_id":"63d866875a9b8ddf24d6ddb2"}
{"time":"2026-08-23T11:46:09.6330733+08:00","level":"INFO","msg":"HTTP 访问","method":"GET","path":"/api/system/status","status":200,"latency":"202.9261ms","ip":"::1","trace_id":"ab01bd5a3c356da662997aa4"}
{"time":"2026-08-23T11:47:09.4271862+08:00","level":"INFO","msg":"HTTP 访问","method":"GET","path":"/api/system/status","status":200,"latency":"203.5472ms","ip":"::1","trace_id":"303ecd08a504d4cabdcea1db"}
{"time":"2026-08-23T11:47:09.6317705+08:00","level":"INFO","msg":"HTTP 访问","method":"GET","path":"/api/system/status","status":200,"latency":"203.5253ms","ip":"::1","trace_id":"906503ed05a54e55ff8ac6bb"}
{"time":"2026-08-23T11:48:09.4313562+08:00","level":"INFO","msg":"HTTP 访问","method":"GET","path":"/api/system/status","status":200,"latency":"204.2862ms","ip":"::1","trace_id":"11993d889830401b94c29ad0"}
{"time":"2026-08-23T11:48:09.6353258+08:00","level":"INFO","msg":"HTTP 访问","method":"GET","path":"/api/system/status","status":200,"latency":"202.948ms","ip":"::1","trace_id":"9a3d335d26e55f685b45d851"}
{"time":"2026-08-23T11:49:09.4227673+08:00","level":"INFO","msg":"HTTP 访问","method":"GET","path":"/api/system/status","status":200,"latency":"204.0737ms","ip":"::1","trace_id":"c57974472ff2c53b07c71518"}
{"time":"2026-08-23T11:49:09.6264992+08:00","level":"INFO","msg":"HTTP 访问","method":"GET","path":"/api/system/status","status":200,"latency":"202.7028ms","ip":"::1","trace_id":"f82dbbfc5821f255ce7f7391"}
{"time":"2026-08-23T11:50:09.4251149+08:00","level":"INFO","msg":"HTTP 访问","method":"GET","path":"/api/system/status","status":200,"latency":"203.8665ms","ip":"::1","trace_id":"0bd593a4738e133132624add"}
{"time":"2026-08-23T11:50:09.6294477+08:00","level":"INFO","msg":"HTTP 访问","method":"GET","path":"/api/system/status","status":200,"latency":"203.2313ms","ip":"::1","trace_id":"787aa83f193208545d95e5f0"}
{"time":"2026-08-23T11:50:29.7729505+08:00","level":"INFO","msg":"收到退出信号，开始优雅关闭"}
{"time":"2026-08-23T11:50:29.7771983+08:00","level":"INFO","msg":"定时任务调度器已停止"}
{"time":"2026-08-23T11:50:29.7771983+08:00","level":"INFO","msg":"定时任务调度器已停止"}
{"time":"2026-08-23T11:50:29.777708+08:00","level":"INFO","msg":"WebSocket Hub 已关闭"}
{"time":"2026-08-23T11:50:34.7316259+08:00","level":"WARN","msg":"默认主人账号已就绪","username":"admin","role":"master","id":0,"提示":"主人密码仅可通过 config.toml 的 [auth] 段修改"}
{"time":"2026-08-23T11:50:34.7340406+08:00","level":"INFO","msg":"定时任务调度器已启动","count":0}
{"time":"2026-08-23T11:50:34.7340406+08:00","level":"INFO","msg":"异步任务 Worker 已启动","size":4}
{"time":"2026-08-23T11:50:34.7350403+08:00","level":"WARN","msg":"MQTT 连接失败（降级运行，仅支持本地设备）","broker":"tcp://localhost:1883","error":"连接 MQTT broker 失败: dial tcp :1883: connectex: No connection could be made because the target machine actively refused it."}
{"time":"2026-08-23T11:50:34.7350403+08:00","level":"INFO","msg":"定时任务调度器已启动","count":0}
{"time":"2026-08-23T11:50:34.7350403+08:00","level":"INFO","msg":"IoT 服务已启动"}
{"time":"2026-08-23T11:50:34.736064+08:00","level":"INFO","msg":"WebDAV 已挂载","prefix":"/dav"}
{"time":"2026-08-23T11:50:34.736064+08:00","level":"INFO","msg":"HTTP 服务启动","addr":":8080"}
{"time":"2026-08-23T11:50:38.7656529+08:00","level":"INFO","msg":"HTTP 访问","method":"GET","path":"/api/system/status","status":200,"latency":"206.9577ms","ip":"::1","trace_id":"274d098f6c81b70167931965"}
{"time":"2026-08-23T11:50:38.9711662+08:00","level":"INFO","msg":"HTTP 访问","method":"GET","path":"/api/system/status","status":200,"latency":"204.4976ms","ip":"::1","trace_id":"dfab461fca5168f97210117c"}
{"time":"2026-08-23T11:50:39.5651299+08:00","level":"INFO","msg":"HTTP 访问","method":"GET","path":"/","status":200,"latency":"43.1612ms","ip":"::1","trace_id":"60279b0fc651015696811f46"}
{"time":"2026-08-23T11:50:39.5847908+08:00","level":"INFO","msg":"HTTP 访问","method":"GET","path":"/style.css","status":200,"latency":"0s","ip":"::1","trace_id":"20ab6bcdd6bfeb1a578235ab"}
{"time":"2026-08-23T11:50:39.5852961+08:00","level":"INFO","msg":"HTTP 访问","method":"GET","path":"/app.js","status":200,"latency":"505.3µs","ip":"::1","trace_id":"5c2090f5cecae4b15f1e6846"}
{"time":"2026-08-23T11:50:39.6029226+08:00","level":"INFO","msg":"HTTP 访问","method":"GET","path":"/api/auth/me","status":200,"latency":"0s","ip":"::1","trace_id":"aaf656e786a8ee8b82b37533"}
{"time":"2026-08-23T11:50:39.6794383+08:00","level":"INFO","msg":"HTTP 访问","method":"GET","path":"/api/admin/settings","status":200,"latency":"0s","ip":"::1","trace_id":"ce3551b1c045972fdc54fd63"}
{"time":"2026-08-23T11:50:39.6923585+08:00","level":"INFO","msg":"HTTP 访问","method":"GET","path":"/favicon.ico","status":200,"latency":"0s","ip":"::1","trace_id":"af09e43964c912d6fc54356f"}
{"time":"2026-08-23T11:50:39.896978+08:00","level":"INFO","msg":"HTTP 访问","method":"GET","path":"/api/system/status","status":200,"latency":"204.0677ms","ip":"::1","trace_id":"38472b790d857389627841be"}
{"time":"2026-08-23T11:50:40.101206+08:00","level":"INFO","msg":"HTTP 访问","method":"GET","path":"/api/system/status","status":200,"latency":"203.2142ms","ip":"::1","trace_id":"9e8bb8a4b70624f7f67f4eea"}
{"time":"2026-08-23T11:50:44.8973371+08:00","level":"INFO","msg":"HTTP 访问","method":"GET","path":"/api/system/status","status":200,"latency":"204.1561ms","ip":"::1","trace_id":"4c3f02bed41b3b63175b4568"}
{"time":"2026-08-23T11:50:46.7576141+08:00","level":"INFO","msg":"HTTP 访问","method":"GET","path":"/api/files","status":200,"latency":"30.8584ms","ip":"::1","trace_id":"41cc8c24de899fabadc038f1"}
{"time":"2026-08-23T11:50:46.7821787+08:00","level":"INFO","msg":"HTTP 访问","method":"GET","path":"/api/storage/stats","status":200,"latency":"20.2179ms","ip":"::1","trace_id":"5c430c6c3fd88d70d2f3923c"}
{"time":"2026-08-23T11:50:49.7795471+08:00","level":"INFO","msg":"HTTP 访问","method":"GET","path":"/api/admin/settings","status":200,"latency":"519.9µs","ip":"::1","trace_id":"030c57ceddfc00ae038df4f4"}
{"time":"2026-08-23T11:50:49.7800656+08:00","level":"INFO","msg":"HTTP 访问","method":"GET","path":"/api/admin/users","status":200,"latency":"0s","ip":"::1","trace_id":"a780a25bba767be4ed0af276"}
{"time":"2026-08-23T11:50:49.7807457+08:00","level":"INFO","msg":"HTTP 访问","method":"GET","path":"/api/plugins","status":200,"latency":"680.1µs","ip":"::1","trace_id":"1e8bba218350176ea1ca720e"}
{"time":"2026-08-23T11:50:49.899433+08:00","level":"INFO","msg":"HTTP 访问","method":"GET","path":"/api/system/status","status":200,"latency":"203.6338ms","ip":"::1","trace_id":"6aa196e3866527d3436d79b3"}
{"time":"2026-08-23T11:50:51.4191406+08:00","level":"INFO","msg":"HTTP 访问","method":"GET","path":"/api/files","status":200,"latency":"32.4563ms","ip":"::1","trace_id":"dfef928d5154f4c0d6b064dc"}
{"time":"2026-08-23T11:50:51.4417346+08:00","level":"INFO","msg":"HTTP 访问","method":"GET","path":"/api/storage/stats","status":200,"latency":"20.0457ms","ip":"::1","trace_id":"6f8393ccc86d9762509220ab"}
{"time":"2026-08-23T11:50:53.0256994+08:00","level":"INFO","msg":"HTTP 访问","method":"GET","path":"/api/files","status":200,"latency":"8.101ms","ip":"::1","trace_id":"2a329aa19d9ef59e18091304"}
{"time":"2026-08-23T11:50:53.05095+08:00","level":"INFO","msg":"HTTP 访问","method":"GET","path":"/api/storage/stats","status":200,"latency":"22.2183ms","ip":"::1","trace_id":"4f318ab70d138cadd72ad1ca"}
{"time":"2026-08-23T11:50:54.9017952+08:00","level":"INFO","msg":"HTTP 访问","method":"GET","path":"/api/system/status","status":200,"latency":"204.0892ms","ip":"::1","trace_id":"54b95fa31e49ed0b73e87d7a"}
{"time":"2026-08-23T11:50:55.1923263+08:00","level":"INFO","msg":"HTTP 访问","method":"GET","path":"/api/system/status","status":200,"latency":"203.7074ms","ip":"::1","trace_id":"b545e81fe20b346ea5ff3117"}
{"time":"2026-08-23T11:50:55.4052611+08:00","level":"INFO","msg":"HTTP 访问","method":"GET","path":"/api/system/status","status":200,"latency":"212.387ms","ip":"::1","trace_id":"eef3463bd9dc7bb5c5a7184e"}
{"time":"2026-08-23T11:50:58.656908+08:00","level":"INFO","msg":"HTTP 访问","method":"GET","path":"/api/files","status":200,"latency":"2.5091ms","ip":"::1","trace_id":"86d1572745100b6f15a83880"}
{"time":"2026-08-23T11:50:58.6833091+08:00","level":"INFO","msg":"HTTP 访问","method":"GET","path":"/api/storage/stats","status":200,"latency":"23.3165ms","ip":"::1","trace_id":"4709dafe381c4f3281f8854f"}
{"time":"2026-08-23T11:51:00.1970087+08:00","level":"INFO","msg":"HTTP 访问","method":"GET","path":"/api/system/status","status":200,"latency":"203.9131ms","ip":"::1","trace_id":"40f29cc57a98c43ac4d25b6b"}
{"time":"2026-08-23T11:51:05.1949648+08:00","level":"INFO","msg":"HTTP 访问","method":"GET","path":"/api/system/status","status":200,"latency":"203.6647ms","ip":"::1","trace_id":"9a3f7eb4b000e18c658da343"}
{"time":"2026-08-23T11:51:06.0725575+08:00","level":"INFO","msg":"HTTP 访问","method":"GET","path":"/api/files","status":200,"latency":"31.9307ms","ip":"::1","trace_id":"e1173994678c4605764cd11b"}
{"time":"2026-08-23T11:51:06.0966063+08:00","level":"INFO","msg":"HTTP 访问","method":"GET","path":"/api/storage/stats","status":200,"latency":"22.5088ms","ip":"::1","trace_id":"395ccf0ada200f18f5cb49c4"}
{"time":"2026-08-23T11:51:07.3381397+08:00","level":"INFO","msg":"HTTP 访问","method":"GET","path":"/api/files","status":200,"latency":"1.502ms","ip":"::1","trace_id":"5ab7b6cc43df8c4c9cb1f678"}
{"time":"2026-08-23T11:51:07.3631008+08:00","level":"INFO","msg":"HTTP 访问","method":"GET","path":"/api/storage/stats","status":200,"latency":"21.9647ms","ip":"::1","trace_id":"684a04e6da4fb69deba3c51d"}
{"time":"2026-08-23T11:51:09.4203637+08:00","level":"INFO","msg":"HTTP 访问","method":"GET","path":"/api/system/status","status":200,"latency":"203.1872ms","ip":"::1","trace_id":"5efd8edaa35d000b65ae8605"}
{"time":"2026-08-23T11:51:09.6249966+08:00","level":"INFO","msg":"HTTP 访问","method":"GET","path":"/api/system/status","status":200,"latency":"203.5878ms","ip":"::1","trace_id":"5c4deeecd52ffaa79b33a4d7"}
{"time":"2026-08-23T11:51:10.2002596+08:00","level":"INFO","msg":"HTTP 访问","method":"GET","path":"/api/system/status","status":200,"latency":"203.6679ms","ip":"::1","trace_id":"333027d407a1a8f344af5c84"}
{"time":"2026-08-23T11:51:15.1940581+08:00","level":"INFO","msg":"HTTP 访问","method":"GET","path":"/api/system/status","status":200,"latency":"202.9132ms","ip":"::1","trace_id":"b6e39f60326385d378bbc809"}
{"time":"2026-08-23T11:51:20.2045954+08:00","level":"INFO","msg":"HTTP 访问","method":"GET","path":"/api/system/status","status":200,"latency":"203.649ms","ip":"::1","trace_id":"198f4619cac7e21a56e38dc5"}
{"time":"2026-08-23T11:51:25.2050576+08:00","level":"INFO","msg":"HTTP 访问","method":"GET","path":"/api/system/status","status":200,"latency":"203.6334ms","ip":"::1","trace_id":"a74f029351760cbf9bdb547a"}
{"time":"2026-08-23T11:51:30.1954377+08:00","level":"INFO","msg":"HTTP 访问","method":"GET","path":"/api/system/status","status":200,"latency":"203.1043ms","ip":"::1","trace_id":"6a0dc6ef806ed088615eba77"}
{"time":"2026-08-23T11:51:31.1233957+08:00","level":"INFO","msg":"HTTP 访问","method":"GET","path":"/api/files","status":200,"latency":"31.5169ms","ip":"::1","trace_id":"2ecbafb75098667c38ef6810"}
{"time":"2026-08-23T11:51:31.1490916+08:00","level":"INFO","msg":"HTTP 访问","method":"GET","path":"/api/storage/stats","status":200,"latency":"21.6701ms","ip":"::1","trace_id":"1188a1b09ac13b8b291bc789"}
{"time":"2026-08-23T11:51:32.0788574+08:00","level":"INFO","msg":"HTTP 访问","method":"GET","path":"/api/files","status":200,"latency":"1.5019ms","ip":"::1","trace_id":"c2493eaca2a8bf8225623946"}
{"time":"2026-08-23T11:51:32.1067468+08:00","level":"INFO","msg":"HTTP 访问","method":"GET","path":"/api/storage/stats","status":200,"latency":"22.3427ms","ip":"::1","trace_id":"9975fc057c005b77bbfad814"}
{"time":"2026-08-23T11:51:35.1948708+08:00","level":"INFO","msg":"HTTP 访问","method":"GET","path":"/api/system/status","status":200,"latency":"203.797ms","ip":"::1","trace_id":"9e7639eab817e41bd54c296e"}
{"time":"2026-08-23T11:51:40.2024119+08:00","level":"INFO","msg":"HTTP 访问","method":"GET","path":"/api/system/status","status":200,"latency":"203.9945ms","ip":"::1","trace_id":"6d8b3ada7e2eb767f572ab95"}
{"time":"2026-08-23T11:51:43.2117757+08:00","level":"INFO","msg":"HTTP 访问","method":"GET","path":"/api/files","status":200,"latency":"605.8µs","ip":"::1","trace_id":"92a389440be1f35774cb045c"}
{"time":"2026-08-23T11:51:43.2396281+08:00","level":"INFO","msg":"HTTP 访问","method":"GET","path":"/api/storage/stats","status":200,"latency":"21.7723ms","ip":"::1","trace_id":"cd7eb575a40ae4104d071004"}
{"time":"2026-08-23T11:51:45.1946573+08:00","level":"INFO","msg":"HTTP 访问","method":"GET","path":"/api/system/status","status":200,"latency":"203.3609ms","ip":"::1","trace_id":"b71aa5cfa31507d63aadb297"}
{"time":"2026-08-23T11:51:45.2465067+08:00","level":"INFO","msg":"HTTP 访问","method":"GET","path":"/api/files","status":200,"latency":"0s","ip":"::1","trace_id":"f7353f81dae8cff3dca85f72"}
{"time":"2026-08-23T11:51:45.2751484+08:00","level":"INFO","msg":"HTTP 访问","method":"GET","path":"/api/storage/stats","status":200,"latency":"22.5626ms","ip":"::1","trace_id":"239da2de3aef93bc5e0e724b"}
{"time":"2026-08-23T11:51:46.3790516+08:00","level":"INFO","msg":"HTTP 访问","method":"GET","path":"/api/files","status":200,"latency":"1.5028ms","ip":"::1","trace_id":"a97ee7d9a24e0b589f48c7d7"}
{"time":"2026-08-23T11:51:46.403809+08:00","level":"INFO","msg":"HTTP 访问","method":"GET","path":"/api/storage/stats","status":200,"latency":"22.7107ms","ip":"::1","trace_id":"867a2890107a457a5836f1b9"}
{"time":"2026-08-23T11:51:48.3617963+08:00","level":"INFO","msg":"HTTP 访问","method":"GET","path":"/api/files","status":200,"latency":"502.3µs","ip":"::1","trace_id":"87f47646d5955429b43ce425"}
{"time":"2026-08-23T11:51:48.3862858+08:00","level":"INFO","msg":"HTTP 访问","method":"GET","path":"/api/storage/stats","status":200,"latency":"21.9543ms","ip":"::1","trace_id":"fa27647fe54ee28bd0a36bb3"}
{"time":"2026-08-23T11:51:50.2017024+08:00","level":"INFO","msg":"HTTP 访问","method":"GET","path":"/api/system/status","status":200,"latency":"203.6497ms","ip":"::1","trace_id":"b8c71ee24bd4c3da27f7aba9"}
{"time":"2026-08-23T11:51:50.4413116+08:00","level":"INFO","msg":"HTTP 访问","method":"GET","path":"/api/files","status":200,"latency":"1.0048ms","ip":"::1","trace_id":"fe33ca3eb68dfca91f15bc8d"}
{"time":"2026-08-23T11:51:50.464313+08:00","level":"INFO","msg":"HTTP 访问","method":"GET","path":"/api/storage/stats","status":200,"latency":"20.9054ms","ip":"::1","trace_id":"d36b10e618e3e7a96bbd0ce7"}
{"time":"2026-08-23T11:51:51.1228388+08:00","level":"INFO","msg":"HTTP 访问","method":"GET","path":"/api/files","status":200,"latency":"505.1µs","ip":"::1","trace_id":"a9c0edfaec6e9cf8f5f820a4"}
{"time":"2026-08-23T11:51:51.1480768+08:00","level":"INFO","msg":"HTTP 访问","method":"GET","path":"/api/storage/stats","status":200,"latency":"22.7112ms","ip":"::1","trace_id":"f8a4c3796c93b9a393878dbe"}
{"time":"2026-08-23T11:51:52.0755523+08:00","level":"INFO","msg":"HTTP 访问","method":"GET","path":"/api/files","status":200,"latency":"1.0251ms","ip":"::1","trace_id":"066630de8299fb648b2163a3"}
{"time":"2026-08-23T11:51:52.0988129+08:00","level":"INFO","msg":"HTTP 访问","method":"GET","path":"/api/storage/stats","status":200,"latency":"21.7487ms","ip":"::1","trace_id":"1246c3877a13c55bb45d8695"}
{"time":"2026-08-23T11:51:54.469794+08:00","level":"INFO","msg":"HTTP 访问","method":"GET","path":"/api/files","status":200,"latency":"0s","ip":"::1","trace_id":"c77e4bb10d8c9d6bffd3fd01"}
{"time":"2026-08-23T11:51:54.4940187+08:00","level":"INFO","msg":"HTTP 访问","method":"GET","path":"/api/storage/stats","status":200,"latency":"21.2896ms","ip":"::1","trace_id":"17d19072781548bfcccfd5e2"}
{"time":"2026-08-23T11:51:55.1940845+08:00","level":"INFO","msg":"HTTP 访问","method":"GET","path":"/api/system/status","status":200,"latency":"202.827ms","ip":"::1","trace_id":"ccf979e6ad6219b68436a740"}
{"time":"2026-08-23T11:51:55.2759612+08:00","level":"INFO","msg":"HTTP 访问","method":"GET","path":"/api/files","status":200,"latency":"545.2µs","ip":"::1","trace_id":"de51ad6a6d09c65258b894c0"}
{"time":"2026-08-23T11:51:55.3010427+08:00","level":"INFO","msg":"HTTP 访问","method":"GET","path":"/api/storage/stats","status":200,"latency":"22.9822ms","ip":"::1","trace_id":"504b1d4091e5ad75ce8fbbe6"}
{"time":"2026-08-23T11:51:55.3978051+08:00","level":"INFO","msg":"HTTP 访问","method":"GET","path":"/api/system/status","status":200,"latency":"203.2176ms","ip":"::1","trace_id":"63e27a8723aa95ec0ce547c9"}
{"time":"2026-08-23T11:51:57.0682756+08:00","level":"INFO","msg":"HTTP 访问","method":"GET","path":"/api/files","status":200,"latency":"1.0291ms","ip":"::1","trace_id":"05119a53fb28cba5dcf34fcc"}
{"time":"2026-08-23T11:51:57.0912982+08:00","level":"INFO","msg":"HTTP 访问","method":"GET","path":"/api/storage/stats","status":200,"latency":"20.9867ms","ip":"::1","trace_id":"ecfcf06800a37bd1700372f2"}
{"time":"2026-08-23T11:51:58.0017649+08:00","level":"INFO","msg":"HTTP 访问","method":"GET","path":"/api/files","status":200,"latency":"1.2511ms","ip":"::1","trace_id":"b07f46d12da7b93d41fbd7c4"}
{"time":"2026-08-23T11:51:58.0241671+08:00","level":"WARN","msg":"视频探测失败","file_id":2593,"path":"Y:\\StudyMaterials\\学习资料\\皮鑫达大礼包\\网课\\1、黑马程序员Java项目《苍穹外卖》企业级开发实战\\视频\\day01\\Day01-02-软件开发整体介绍.mp4","error":"exec: \"ffprobe\": executable file not found in %PATH%"}
{"time":"2026-08-23T11:51:58.0241671+08:00","level":"INFO","msg":"HTTP 访问","method":"GET","path":"/api/video/info","status":200,"latency":"19.3711ms","ip":"::1","trace_id":"411a863a1581a6d5355b7f01"}
{"time":"2026-08-23T11:51:58.0293382+08:00","level":"INFO","msg":"HTTP 访问","method":"GET","path":"/api/storage/stats","status":200,"latency":"23.9725ms","ip":"::1","trace_id":"3e8bfa4e6d6ea7094e693347"}
{"time":"2026-08-23T11:51:58.0332683+08:00","level":"WARN","msg":"视频探测失败","file_id":2595,"path":"Y:\\StudyMaterials\\学习资料\\皮鑫达大礼包\\网课\\1、黑马程序员Java项目《苍穹外卖》企业级开发实战\\视频\\day01\\Day01-04-开发环境搭建_前端环境搭建.mp4","error":"exec: \"ffprobe\": executable file not found in %PATH%"}
{"time":"2026-08-23T11:51:58.0332683+08:00","level":"INFO","msg":"HTTP 访问","method":"GET","path":"/api/video/info","status":200,"latency":"28.4723ms","ip":"::1","trace_id":"de8616994e72aae823a83499"}
{"time":"2026-08-23T11:51:58.0342952+08:00","level":"WARN","msg":"视频探测失败","file_id":2594,"path":"Y:\\StudyMaterials\\学习资料\\皮鑫达大礼包\\网课\\1、黑马程序员Java项目《苍穹外卖》企业级开发实战\\视频\\day01\\Day01-03-苍穹外卖项目介绍.mp4","error":"exec: \"ffprobe\": executable file not found in %PATH%"}
{"time":"2026-08-23T11:51:58.0342952+08:00","level":"INFO","msg":"HTTP 访问","method":"GET","path":"/api/video/info","status":200,"latency":"29.4992ms","ip":"::1","trace_id":"6f621dc60f7fd4eef7ad27c3"}
{"time":"2026-08-23T11:51:58.035926+08:00","level":"WARN","msg":"视频探测失败","file_id":2592,"path":"Y:\\StudyMaterials\\学习资料\\皮鑫达大礼包\\网课\\1、黑马程序员Java项目《苍穹外卖》企业级开发实战\\视频\\day01\\Day01-01-项目效果展示.mp4","error":"exec: \"ffprobe\": executable file not found in %PATH%"}
{"time":"2026-08-23T11:51:58.035926+08:00","level":"INFO","msg":"HTTP 访问","method":"GET","path":"/api/video/info","status":200,"latency":"31.13ms","ip":"::1","trace_id":"b009d4e4594a4c9a0b21872d"}
{"time":"2026-08-23T11:51:58.0416692+08:00","level":"WARN","msg":"视频探测失败","file_id":2596,"path":"Y:\\StudyMaterials\\学习资料\\皮鑫达大礼包\\网课\\1、黑马程序员Java项目《苍穹外卖》企业级开发实战\\视频\\day01\\Day01-05-开发环境搭建_后端环境搭建_熟悉项目结构.mp4","error":"exec: \"ffprobe\": executable file not found in %PATH%"}
{"time":"2026-08-23T11:51:58.0416692+08:00","level":"INFO","msg":"HTTP 访问","method":"GET","path":"/api/video/info","status":200,"latency":"15.431ms","ip":"::1","trace_id":"e3bfd150305f8fb09ef299f4"}
{"time":"2026-08-23T11:51:58.0505505+08:00","level":"WARN","msg":"视频探测失败","file_id":2597,"path":"Y:\\StudyMaterials\\学习资料\\皮鑫达大礼包\\网课\\1、黑马程序员Java项目《苍穹外卖》企业级开发实战\\视频\\day01\\Day01-06-开发环境搭建_后端环境搭建_使用Git进行版本控制.mp4","error":"exec: \"ffprobe\": executable file not found in %PATH%"}
{"time":"2026-08-23T11:51:58.051073+08:00","level":"INFO","msg":"HTTP 访问","method":"GET","path":"/api/video/info","status":200,"latency":"15.147ms","ip":"::1","trace_id":"c2d7d3f9a35e27c678822d16"}
{"time":"2026-08-23T11:51:58.051826+08:00","level":"WARN","msg":"视频探测失败","file_id":2599,"path":"Y:\\StudyMaterials\\学习资料\\皮鑫达大礼包\\网课\\1、黑马程序员Java项目《苍穹外卖》企业级开发实战\\视频\\day01\\Day01-08-开发环境搭建_后端环境搭建_前后端联调_通过断点调试熟悉项目代码特点.mp4","error":"exec: \"ffprobe\": executable file not found in %PATH%"}
{"time":"2026-08-23T11:51:58.051826+08:00","level":"INFO","msg":"HTTP 访问","method":"GET","path":"/api/video/info","status":200,"latency":"13.7683ms","ip":"::1","trace_id":"c5ff7e4e224b23950928ad7f"}
{"time":"2026-08-23T11:51:58.0534222+08:00","level":"WARN","msg":"视频探测失败","file_id":2598,"path":"Y:\\StudyMaterials\\学习资料\\皮鑫达大礼包\\网课\\1、黑马程序员Java项目《苍穹外卖》企业级开发实战\\视频\\day01\\Day01-07-开发环境搭建_后端环境搭建_数据库环境搭建.mp4","error":"exec: \"ffprobe\": executable file not found in %PATH%"}
{"time":"2026-08-23T11:51:58.0534222+08:00","level":"INFO","msg":"HTTP 访问","method":"GET","path":"/api/video/info","status":200,"latency":"16.3983ms","ip":"::1","trace_id":"abe04b6513ebc42110d60544"}
{"time":"2026-08-23T11:51:58.058603+08:00","level":"WARN","msg":"视频探测失败","file_id":2600,"path":"Y:\\StudyMaterials\\学习资料\\皮鑫达大礼包\\网课\\1、黑马程序员Java项目《苍穹外卖》企业级开发实战\\视频\\day01\\Day01-09-开发环境搭建_后端环境搭建_前后端联调_Nginx反向代理和负载均衡概念.mp4","error":"exec: \"ffprobe\": executable file not found in %PATH%"}
{"time":"2026-08-23T11:51:58.058603+08:00","level":"INFO","msg":"HTTP 访问","method":"GET","path":"/api/video/info","status":200,"latency":"14.8382ms","ip":"::1","trace_id":"6ecc896a78a75db1c342a9ec"}
{"time":"2026-08-23T11:51:58.0695688+08:00","level":"WARN","msg":"视频探测失败","file_id":2602,"path":"Y:\\StudyMaterials\\学习资料\\皮鑫达大礼包\\网课\\1、黑马程序员Java项目《苍穹外卖》企业级开发实战\\视频\\day01\\Day01-11-开发环境搭建_完善登录功能.mp4","error":"exec: \"ffprobe\": executable file not found in %PATH%"}
{"time":"2026-08-23T11:51:58.0695688+08:00","level":"INFO","msg":"HTTP 访问","method":"GET","path":"/api/video/info","status":200,"latency":"15.6376ms","ip":"::1","trace_id":"fa4ac6ed92cb291de1fa8276"}
{"time":"2026-08-23T11:51:58.0711029+08:00","level":"WARN","msg":"视频探测失败","file_id":2601,"path":"Y:\\StudyMaterials\\学习资料\\皮鑫达大礼包\\网课\\1、黑马程序员Java项目《苍穹外卖》企业级开发实战\\视频\\day01\\Day01-10-开发环境搭建_后端环境搭建_前后端联调_Nginx反向代理和负载均衡配置.mp4","error":"exec: \"ffprobe\": executable file not found in %PATH%"}
{"time":"2026-08-23T11:51:58.0711029+08:00","level":"WARN","msg":"视频探测失败","file_id":2603,"path":"Y:\\StudyMaterials\\学习资料\\皮鑫达大礼包\\网课\\1、黑马程序员Java项目《苍穹外卖》企业级开发实战\\视频\\day01\\Day01-12-导入接口文档.mp4","error":"exec: \"ffprobe\": executable file not found in %PATH%"}
{"time":"2026-08-23T11:51:58.0711029+08:00","level":"INFO","msg":"HTTP 访问","method":"GET","path":"/api/video/info","status":200,"latency":"17.6807ms","ip":"::1","trace_id":"9eadc3253ac4c14033806b95"}
{"time":"2026-08-23T11:51:58.0711029+08:00","level":"INFO","msg":"HTTP 访问","method":"GET","path":"/api/video/info","status":200,"latency":"16.1212ms","ip":"::1","trace_id":"44729188b0cd4ed51795a29e"}
{"time":"2026-08-23T11:51:58.0741631+08:00","level":"WARN","msg":"视频探测失败","file_id":2604,"path":"Y:\\StudyMaterials\\学习资料\\皮鑫达大礼包\\网课\\1、黑马程序员Java项目《苍穹外卖》企业级开发实战\\视频\\day01\\Day01-13-Swagger_介绍和使用方式.mp4","error":"exec: \"ffprobe\": executable file not found in %PATH%"}
{"time":"2026-08-23T11:51:58.0741631+08:00","level":"INFO","msg":"HTTP 访问","method":"GET","path":"/api/video/info","status":200,"latency":"13.5513ms","ip":"::1","trace_id":"466d13b24c2918206642d69b"}
{"time":"2026-08-23T11:51:58.0877145+08:00","level":"WARN","msg":"视频探测失败","file_id":2605,"path":"Y:\\StudyMaterials\\学习资料\\皮鑫达大礼包\\网课\\1、黑马程序员Java项目《苍穹外卖》企业级开发实战\\视频\\day01\\Day01-14-Swagger_常用注解.mp4","error":"exec: \"ffprobe\": executable file not found in %PATH%"}
{"time":"2026-08-23T11:51:58.0877145+08:00","level":"INFO","msg":"HTTP 访问","method":"GET","path":"/api/video/info","status":200,"latency":"15.6066ms","ip":"::1","trace_id":"7b3d9aca6871600eb8f31ff6"}
{"time":"2026-08-23T11:51:58.0882166+08:00","level":"WARN","msg":"视频探测失败","file_id":2606,"path":"Y:\\StudyMaterials\\学习资料\\皮鑫达大礼包\\网课\\1、黑马程序员Java项目《苍穹外卖》企业级开发实战\\视频\\day01\\苍穹外卖课程导学.mp4","error":"exec: \"ffprobe\": executable file not found in %PATH%"}
{"time":"2026-08-23T11:51:58.0882166+08:00","level":"INFO","msg":"HTTP 访问","method":"GET","path":"/api/video/info","status":200,"latency":"14.6056ms","ip":"::1","trace_id":"62d5e44c558fc4a053cea11f"}
{"time":"2026-08-23T11:52:00.1929449+08:00","level":"INFO","msg":"HTTP 访问","method":"GET","path":"/api/system/status","status":200,"latency":"203.0315ms","ip":"::1","trace_id":"0a4864af85ea40b1c2194682"}
{"time":"2026-08-23T11:52:05.4285524+08:00","level":"INFO","msg":"HTTP 访问","method":"GET","path":"/api/system/status","status":200,"latency":"203.1222ms","ip":"::1","trace_id":"daac23fa66f4545437e332b0"}
{"time":"2026-08-23T11:52:09.4237952+08:00","level":"INFO","msg":"HTTP 访问","method":"GET","path":"/api/system/status","status":200,"latency":"204.9135ms","ip":"::1","trace_id":"e4bbf4cfad28ac2f6d97f2b2"}
{"time":"2026-08-23T11:52:09.6278921+08:00","level":"INFO","msg":"HTTP 访问","method":"GET","path":"/api/system/status","status":200,"latency":"202.9897ms","ip":"::1","trace_id":"2dfbf20803e8e6987b05b3de"}
{"time":"2026-08-23T11:52:10.4173515+08:00","level":"INFO","msg":"HTTP 访问","method":"GET","path":"/api/system/status","status":200,"latency":"202.8795ms","ip":"::1","trace_id":"3963f545c7b5cfbdea1f48de"}
{"time":"2026-08-23T11:52:15.4220664+08:00","level":"INFO","msg":"HTTP 访问","method":"GET","path":"/api/system/status","status":200,"latency":"204.3723ms","ip":"::1","trace_id":"0bfb60be1445f0cddb0d654e"}
{"time":"2026-08-23T11:52:20.4301806+08:00","level":"INFO","msg":"HTTP 访问","method":"GET","path":"/api/system/status","status":200,"latency":"203.2618ms","ip":"::1","trace_id":"5e27cfb50052d67b02e100d0"}
{"time":"2026-08-23T11:52:25.4246445+08:00","level":"INFO","msg":"HTTP 访问","method":"GET","path":"/api/system/status","status":200,"latency":"203.1414ms","ip":"::1","trace_id":"a94a704648e3f0ecc3cf548d"}
{"time":"2026-08-23T11:52:30.4340344+08:00","level":"INFO","msg":"HTTP 访问","method":"GET","path":"/api/system/status","status":200,"latency":"204.1152ms","ip":"::1","trace_id":"2c4df140e31425dd2a40287c"}
{"time":"2026-08-23T11:52:35.442718+08:00","level":"INFO","msg":"HTTP 访问","method":"GET","path":"/api/system/status","status":200,"latency":"204.367ms","ip":"::1","trace_id":"05a21a73a3d22bf62cc50b42"}
{"time":"2026-08-23T11:52:40.4299476+08:00","level":"INFO","msg":"HTTP 访问","method":"GET","path":"/api/system/status","status":200,"latency":"204.7384ms","ip":"::1","trace_id":"a241af9d40b4dbfba371e603"}
{"time":"2026-08-23T11:52:45.4271082+08:00","level":"INFO","msg":"HTTP 访问","method":"GET","path":"/api/system/status","status":200,"latency":"203.7617ms","ip":"::1","trace_id":"4b1fbafdf4b9a6877db558d3"}
{"time":"2026-08-23T11:52:50.4173978+08:00","level":"INFO","msg":"HTTP 访问","method":"GET","path":"/api/system/status","status":200,"latency":"203.6211ms","ip":"::1","trace_id":"173e29016e00e609b399cadf"}
{"time":"2026-08-23T11:52:55.433869+08:00","level":"INFO","msg":"HTTP 访问","method":"GET","path":"/api/system/status","status":200,"latency":"205.2165ms","ip":"::1","trace_id":"103d801f174a99566e21138a"}
{"time":"2026-08-23T11:52:55.6378951+08:00","level":"INFO","msg":"HTTP 访问","method":"GET","path":"/api/system/status","status":200,"latency":"203.5237ms","ip":"::1","trace_id":"4d308f8d5b489a36b159be7f"}
{"time":"2026-08-23T11:53:00.4218956+08:00","level":"INFO","msg":"HTTP 访问","method":"GET","path":"/api/system/status","status":200,"latency":"202.8488ms","ip":"::1","trace_id":"08729f6dc2d77f3778cfd624"}
{"time":"2026-08-23T11:53:05.4240333+08:00","level":"INFO","msg":"HTTP 访问","method":"GET","path":"/api/system/status","status":200,"latency":"203.4043ms","ip":"::1","trace_id":"53b8450902d75540ae23045f"}
{"time":"2026-08-23T11:53:09.4248841+08:00","level":"INFO","msg":"HTTP 访问","method":"GET","path":"/api/system/status","status":200,"latency":"208.4819ms","ip":"::1","trace_id":"3f68319bf2f1a600427792ce"}
{"time":"2026-08-23T11:53:09.6289121+08:00","level":"INFO","msg":"HTTP 访问","method":"GET","path":"/api/system/status","status":200,"latency":"202.8539ms","ip":"::1","trace_id":"c44dbad8e6dbf2e576847be5"}
{"time":"2026-08-23T11:53:10.4259034+08:00","level":"INFO","msg":"HTTP 访问","method":"GET","path":"/api/system/status","status":200,"latency":"203.6504ms","ip":"::1","trace_id":"221f4c823b67c1922bd6d631"}
{"time":"2026-08-23T11:53:15.4250264+08:00","level":"INFO","msg":"HTTP 访问","method":"GET","path":"/api/system/status","status":200,"latency":"204.9146ms","ip":"::1","trace_id":"39b851e20a40e1ccd57dcaa4"}
{"time":"2026-08-23T11:53:20.4248895+08:00","level":"INFO","msg":"HTTP 访问","method":"GET","path":"/api/system/status","status":200,"latency":"203.016ms","ip":"::1","trace_id":"c3d0196fec1ff72893def1de"}
{"time":"2026-08-23T11:53:55.4276868+08:00","level":"INFO","msg":"HTTP 访问","method":"GET","path":"/api/system/status","status":200,"latency":"204.4809ms","ip":"::1","trace_id":"7db3ee4009472b88aedb747e"}
{"time":"2026-08-23T11:54:09.4285381+08:00","level":"INFO","msg":"HTTP 访问","method":"GET","path":"/api/system/status","status":200,"latency":"212.6795ms","ip":"::1","trace_id":"50d022266bb53ac257229024"}
{"time":"2026-08-23T11:54:09.4285381+08:00","level":"INFO","msg":"HTTP 访问","method":"GET","path":"/api/system/status","status":200,"latency":"214.182ms","ip":"::1","trace_id":"29618493bb2d361157a9fe1a"}
{"time":"2026-08-23T11:54:09.6402463+08:00","level":"INFO","msg":"HTTP 访问","method":"GET","path":"/api/system/status","status":200,"latency":"206.5869ms","ip":"::1","trace_id":"435db1a828f1e59572add5cb"}
{"time":"2026-08-23T11:54:55.4352381+08:00","level":"INFO","msg":"HTTP 访问","method":"GET","path":"/api/system/status","status":200,"latency":"203.5849ms","ip":"::1","trace_id":"dfdded9da7d64c6f2c7c35e7"}
{"time":"2026-08-23T11:55:09.4297047+08:00","level":"INFO","msg":"HTTP 访问","method":"GET","path":"/api/system/status","status":200,"latency":"209.2952ms","ip":"::1","trace_id":"8dd89d01030883495da649cc"}
{"time":"2026-08-23T11:55:09.4291959+08:00","level":"INFO","msg":"HTTP 访问","method":"GET","path":"/api/system/status","status":200,"latency":"207.1395ms","ip":"::1","trace_id":"06852d4ef38c2f118bd223ef"}
{"time":"2026-08-23T11:55:09.6368003+08:00","level":"INFO","msg":"HTTP 访问","method":"GET","path":"/api/system/status","status":200,"latency":"205.5068ms","ip":"::1","trace_id":"7e457439fcd59fca359f8dfc"}
{"time":"2026-08-23T11:55:55.426835+08:00","level":"INFO","msg":"HTTP 访问","method":"GET","path":"/api/system/status","status":200,"latency":"203.6799ms","ip":"::1","trace_id":"6e2564bbacbf100c9b92ec6f"}
{"time":"2026-08-23T11:56:09.4340167+08:00","level":"INFO","msg":"HTTP 访问","method":"GET","path":"/api/system/status","status":200,"latency":"206.5909ms","ip":"::1","trace_id":"43ea113bfdd08a3c87d6aa4b"}
{"time":"2026-08-23T11:56:09.4340167+08:00","level":"INFO","msg":"HTTP 访问","method":"GET","path":"/api/system/status","status":200,"latency":"207.2552ms","ip":"::1","trace_id":"c7ec63a5927b4294c689a915"}
{"time":"2026-08-23T11:56:09.6382672+08:00","level":"INFO","msg":"HTTP 访问","method":"GET","path":"/api/system/status","status":200,"latency":"203.7364ms","ip":"::1","trace_id":"1226928607f22c3e1c1feec0"}
{"time":"2026-08-23T11:56:55.4218572+08:00","level":"INFO","msg":"HTTP 访问","method":"GET","path":"/api/system/status","status":200,"latency":"203.0644ms","ip":"::1","trace_id":"9fc4a2256b6c2909fcdc31b4"}
{"time":"2026-08-23T11:57:09.4339415+08:00","level":"INFO","msg":"HTTP 访问","method":"GET","path":"/api/system/status","status":200,"latency":"207.1701ms","ip":"::1","trace_id":"bba69c2dfbc9b1da4854c20c"}
{"time":"2026-08-23T11:57:09.4349466+08:00","level":"INFO","msg":"HTTP 访问","method":"GET","path":"/api/system/status","status":200,"latency":"208.1752ms","ip":"::1","trace_id":"f3ef7b12184ed5fb770c7e20"}
{"time":"2026-08-23T11:57:09.6394297+08:00","level":"INFO","msg":"HTTP 访问","method":"GET","path":"/api/system/status","status":200,"latency":"203.1506ms","ip":"::1","trace_id":"1771dd5d4007ff730e0027a9"}
{"time":"2026-08-23T11:58:09.4266461+08:00","level":"INFO","msg":"HTTP 访问","method":"GET","path":"/api/system/status","status":200,"latency":"205.7423ms","ip":"::1","trace_id":"91d4848378a1644167658cfc"}
{"time":"2026-08-23T11:58:09.6452898+08:00","level":"INFO","msg":"HTTP 访问","method":"GET","path":"/api/system/status","status":200,"latency":"207.0754ms","ip":"::1","trace_id":"4f7bcb9a8859fe8da51cdfb8"}
{"time":"2026-08-23T11:59:09.4189326+08:00","level":"INFO","msg":"HTTP 访问","method":"GET","path":"/api/system/status","status":200,"latency":"204.4229ms","ip":"::1","trace_id":"27b7d14f1a8985c199d993b5"}
{"time":"2026-08-23T11:59:09.6315196+08:00","level":"INFO","msg":"HTTP 访问","method":"GET","path":"/api/system/status","status":200,"latency":"207.0252ms","ip":"::1","trace_id":"e8688396d3d1437ffbb8a618"}
{"time":"2026-08-23T12:00:09.4227956+08:00","level":"INFO","msg":"HTTP 访问","method":"GET","path":"/api/system/status","status":200,"latency":"204.4098ms","ip":"::1","trace_id":"ba59b06a0f3cf15a008cc2d1"}
{"time":"2026-08-23T12:00:09.627025+08:00","level":"INFO","msg":"HTTP 访问","method":"GET","path":"/api/system/status","status":200,"latency":"203.6867ms","ip":"::1","trace_id":"328311463c47bd1f4ec339a7"}
{"time":"2026-08-23T12:01:09.4260304+08:00","level":"INFO","msg":"HTTP 访问","method":"GET","path":"/api/system/status","status":200,"latency":"204.1056ms","ip":"::1","trace_id":"76075d7c4de3515c05114f75"}
{"time":"2026-08-23T12:01:09.6302736+08:00","level":"INFO","msg":"HTTP 访问","method":"GET","path":"/api/system/status","status":200,"latency":"203.0989ms","ip":"::1","trace_id":"cebfebe2d8cc612793a069f6"}
{"time":"2026-08-23T12:02:09.4249881+08:00","level":"INFO","msg":"HTTP 访问","method":"GET","path":"/api/system/status","status":200,"latency":"203.3065ms","ip":"::1","trace_id":"ba631c8878c83b25e57c1f5e"}
{"time":"2026-08-23T12:02:09.6296489+08:00","level":"INFO","msg":"HTTP 访问","method":"GET","path":"/api/system/status","status":200,"latency":"203.6285ms","ip":"::1","trace_id":"ebc2890fc1414385e1a80ac6"}
{"time":"2026-08-23T12:03:09.4430901+08:00","level":"INFO","msg":"HTTP 访问","method":"GET","path":"/api/system/status","status":200,"latency":"205.428ms","ip":"::1","trace_id":"c9ece746032bc322b6cebbcf"}
{"time":"2026-08-23T12:03:09.650726+08:00","level":"INFO","msg":"HTTP 访问","method":"GET","path":"/api/system/status","status":200,"latency":"205.8527ms","ip":"::1","trace_id":"6f9eaad15c30e4ff5fa1cd74"}
{"time":"2026-08-23T12:04:09.4339473+08:00","level":"INFO","msg":"HTTP 访问","method":"GET","path":"/api/system/status","status":200,"latency":"208.1157ms","ip":"::1","trace_id":"073a90e583700b12d50122e2"}
{"time":"2026-08-23T12:04:09.6528013+08:00","level":"INFO","msg":"HTTP 访问","method":"GET","path":"/api/system/status","status":200,"latency":"215.2149ms","ip":"::1","trace_id":"c9e628fd52738f29e2ab1b10"}
{"time":"2026-08-23T12:05:09.420737+08:00","level":"INFO","msg":"HTTP 访问","method":"GET","path":"/api/system/status","status":200,"latency":"207.2207ms","ip":"::1","trace_id":"aff5f54fcfb2c958848d0623"}
{"time":"2026-08-23T12:05:09.6248608+08:00","level":"INFO","msg":"HTTP 访问","method":"GET","path":"/api/system/status","status":200,"latency":"203.1085ms","ip":"::1","trace_id":"f9857bd249afac853dd6a684"}
{"time":"2026-08-23T12:06:09.4307467+08:00","level":"INFO","msg":"HTTP 访问","method":"GET","path":"/api/system/status","status":200,"latency":"206.2519ms","ip":"::1","trace_id":"a2b5a712960dd49fca363ed5"}
{"time":"2026-08-23T12:06:09.6349575+08:00","level":"INFO","msg":"HTTP 访问","method":"GET","path":"/api/system/status","status":200,"latency":"202.8738ms","ip":"::1","trace_id":"4593a9fcb986ed97cb09959f"}
{"time":"2026-08-23T12:07:09.4372939+08:00","level":"INFO","msg":"HTTP 访问","method":"GET","path":"/api/system/status","status":200,"latency":"206.9763ms","ip":"::1","trace_id":"9ad68f624ab7d840c92eec57"}
{"time":"2026-08-23T12:07:09.6430143+08:00","level":"INFO","msg":"HTTP 访问","method":"GET","path":"/api/system/status","status":200,"latency":"204.4335ms","ip":"::1","trace_id":"f791dcdf05eb60891e04e816"}
{"time":"2026-08-23T12:08:09.4356789+08:00","level":"INFO","msg":"HTTP 访问","method":"GET","path":"/api/system/status","status":200,"latency":"207.3652ms","ip":"::1","trace_id":"8b2dc823d2be89b47771ca2c"}
{"time":"2026-08-23T12:08:09.6492704+08:00","level":"INFO","msg":"HTTP 访问","method":"GET","path":"/api/system/status","status":200,"latency":"211.5266ms","ip":"::1","trace_id":"1f0e0d73598478ad4dccf8cb"}
{"time":"2026-08-23T12:09:09.4362817+08:00","level":"INFO","msg":"HTTP 访问","method":"GET","path":"/api/system/status","status":200,"latency":"209.1607ms","ip":"::1","trace_id":"46f0f6929c356ce2dd43e2de"}
{"time":"2026-08-23T12:09:09.6523039+08:00","level":"INFO","msg":"HTTP 访问","method":"GET","path":"/api/system/status","status":200,"latency":"213.448ms","ip":"::1","trace_id":"da79cb6fc4ec14dd3b62b305"}
{"time":"2026-08-23T12:10:09.4302645+08:00","level":"INFO","msg":"HTTP 访问","method":"GET","path":"/api/system/status","status":200,"latency":"208.8322ms","ip":"::1","trace_id":"63655aed092d72db54e88a88"}
{"time":"2026-08-23T12:10:09.6439062+08:00","level":"INFO","msg":"HTTP 访问","method":"GET","path":"/api/system/status","status":200,"latency":"210.555ms","ip":"::1","trace_id":"80c078a7bfbdcba0e782a530"}
{"time":"2026-08-23T12:11:09.4196914+08:00","level":"INFO","msg":"HTTP 访问","method":"GET","path":"/api/system/status","status":200,"latency":"203.9802ms","ip":"::1","trace_id":"ad274221344978cc242ed53a"}
{"time":"2026-08-23T12:11:09.6249762+08:00","level":"INFO","msg":"HTTP 访问","method":"GET","path":"/api/system/status","status":200,"latency":"204.4125ms","ip":"::1","trace_id":"06f2b054c26e5430832451d6"}
{"time":"2026-08-23T12:12:09.4240344+08:00","level":"INFO","msg":"HTTP 访问","method":"GET","path":"/api/system/status","status":200,"latency":"202.8785ms","ip":"::1","trace_id":"2fcc949739a67e9377c0642c"}
{"time":"2026-08-23T12:12:09.63013+08:00","level":"INFO","msg":"HTTP 访问","method":"GET","path":"/api/system/status","status":200,"latency":"204.9301ms","ip":"::1","trace_id":"fc9ee47bb3d4b40eb0e88b3b"}
{"time":"2026-08-23T12:13:09.4358092+08:00","level":"INFO","msg":"HTTP 访问","method":"GET","path":"/api/system/status","status":200,"latency":"208.2866ms","ip":"::1","trace_id":"411d8bd6eb8b73db1e2ba73e"}
{"time":"2026-08-23T12:13:09.6469355+08:00","level":"INFO","msg":"HTTP 访问","method":"GET","path":"/api/system/status","status":200,"latency":"207.9694ms","ip":"::1","trace_id":"fd81a01819b6772e2de27ce7"}
{"time":"2026-08-23T12:14:09.4236202+08:00","level":"INFO","msg":"HTTP 访问","method":"GET","path":"/api/system/status","status":200,"latency":"207.596ms","ip":"::1","trace_id":"de850153642ae6310607b300"}
{"time":"2026-08-23T12:14:09.6277028+08:00","level":"INFO","msg":"HTTP 访问","method":"GET","path":"/api/system/status","status":200,"latency":"203.0031ms","ip":"::1","trace_id":"ea7235bca294cc24c29ec989"}
{"time":"2026-08-23T12:15:09.4227274+08:00","level":"INFO","msg":"HTTP 访问","method":"GET","path":"/api/system/status","status":200,"latency":"202.6779ms","ip":"::1","trace_id":"f3b10cdb8940b3e54dacd32f"}
{"time":"2026-08-23T12:15:09.6332298+08:00","level":"INFO","msg":"HTTP 访问","method":"GET","path":"/api/system/status","status":200,"latency":"209.4358ms","ip":"::1","trace_id":"81b9b952fee8481fd51aa656"}
{"time":"2026-08-23T12:16:09.4301843+08:00","level":"INFO","msg":"HTTP 访问","method":"GET","path":"/api/system/status","status":200,"latency":"215.2461ms","ip":"::1","trace_id":"ec0a7f934f019fb924b8744f"}
{"time":"2026-08-23T12:16:09.6395628+08:00","level":"INFO","msg":"HTTP 访问","method":"GET","path":"/api/system/status","status":200,"latency":"207.2661ms","ip":"::1","trace_id":"82eaa710ceb6ea72faaa4da8"}
{"time":"2026-08-23T12:17:09.4368807+08:00","level":"INFO","msg":"HTTP 访问","method":"GET","path":"/api/system/status","status":200,"latency":"214.2467ms","ip":"::1","trace_id":"7136a79d75db24bd833c7095"}
{"time":"2026-08-23T12:17:09.6500934+08:00","level":"INFO","msg":"HTTP 访问","method":"GET","path":"/api/system/status","status":200,"latency":"211.1343ms","ip":"::1","trace_id":"849db9769af2848dae9aaa50"}
{"time":"2026-08-23T12:18:09.4361599+08:00","level":"INFO","msg":"HTTP 访问","method":"GET","path":"/api/system/status","status":200,"latency":"206.2418ms","ip":"::1","trace_id":"9a2daefd648ede51724d7db8"}
{"time":"2026-08-23T12:18:09.6403849+08:00","level":"INFO","msg":"HTTP 访问","method":"GET","path":"/api/system/status","status":200,"latency":"203.106ms","ip":"::1","trace_id":"ec43f66985d3e23a5e7db0d5"}
{"time":"2026-08-23T12:19:09.4262238+08:00","level":"INFO","msg":"HTTP 访问","method":"GET","path":"/api/system/status","status":200,"latency":"207.8648ms","ip":"::1","trace_id":"8c53fb63cfe73c7867a78017"}
{"time":"2026-08-23T12:19:09.6331902+08:00","level":"INFO","msg":"HTTP 访问","method":"GET","path":"/api/system/status","status":200,"latency":"205.8494ms","ip":"::1","trace_id":"e09bbda082c3d516a9989b7b"}
{"time":"2026-08-23T12:20:09.4314961+08:00","level":"INFO","msg":"HTTP 访问","method":"GET","path":"/api/system/status","status":200,"latency":"203.3166ms","ip":"::1","trace_id":"89af821ec13845aeed0c84d8"}
{"time":"2026-08-23T12:20:09.6504093+08:00","level":"INFO","msg":"HTTP 访问","method":"GET","path":"/api/system/status","status":200,"latency":"218.355ms","ip":"::1","trace_id":"1bd4c17f753adb0459134dda"}
{"time":"2026-08-23T12:21:09.4237244+08:00","level":"INFO","msg":"HTTP 访问","method":"GET","path":"/api/system/status","status":200,"latency":"206.8612ms","ip":"::1","trace_id":"523c8b159348701b336996e3"}
{"time":"2026-08-23T12:21:09.62792+08:00","level":"INFO","msg":"HTTP 访问","method":"GET","path":"/api/system/status","status":200,"latency":"203.1809ms","ip":"::1","trace_id":"072a5f567ad843bfab6b69c4"}
{"time":"2026-08-23T12:22:09.4375732+08:00","level":"INFO","msg":"HTTP 访问","method":"GET","path":"/api/system/status","status":200,"latency":"207.9701ms","ip":"::1","trace_id":"b42a97fd7ce1751b3d9836d5"}
{"time":"2026-08-23T12:22:09.6648151+08:00","level":"INFO","msg":"HTTP 访问","method":"GET","path":"/api/system/status","status":200,"latency":"226.6371ms","ip":"::1","trace_id":"95bbb9c7f57f2d252dc2cf30"}
{"time":"2026-08-23T12:23:09.4225537+08:00","level":"INFO","msg":"HTTP 访问","method":"GET","path":"/api/system/status","status":200,"latency":"205.2619ms","ip":"::1","trace_id":"346a63a942c5284b426b286b"}
{"time":"2026-08-23T12:23:09.6307268+08:00","level":"INFO","msg":"HTTP 访问","method":"GET","path":"/api/system/status","status":200,"latency":"206.8583ms","ip":"::1","trace_id":"e86a1c149dd6615332fbb6b2"}
{"time":"2026-08-23T12:24:09.4259416+08:00","level":"INFO","msg":"HTTP 访问","method":"GET","path":"/api/system/status","status":200,"latency":"205.222ms","ip":"::1","trace_id":"e69f8b24871fb0fc62681e9d"}
{"time":"2026-08-23T12:24:09.6331232+08:00","level":"INFO","msg":"HTTP 访问","method":"GET","path":"/api/system/status","status":200,"latency":"205.5651ms","ip":"::1","trace_id":"ec5b98c33254eb0e4147cdd7"}
{"time":"2026-08-23T12:25:09.4212188+08:00","level":"INFO","msg":"HTTP 访问","method":"GET","path":"/api/system/status","status":200,"latency":"206.2371ms","ip":"::1","trace_id":"addec419e3ea754115d4d328"}
{"time":"2026-08-23T12:25:09.6282989+08:00","level":"INFO","msg":"HTTP 访问","method":"GET","path":"/api/system/status","status":200,"latency":"205.9053ms","ip":"::1","trace_id":"9d051b8ca604e1ae041375e2"}
{"time":"2026-08-23T12:26:09.4249424+08:00","level":"INFO","msg":"HTTP 访问","method":"GET","path":"/api/system/status","status":200,"latency":"207.5795ms","ip":"::1","trace_id":"a718909618f0a54234fe8c7e"}
{"time":"2026-08-23T12:26:09.635233+08:00","level":"INFO","msg":"HTTP 访问","method":"GET","path":"/api/system/status","status":200,"latency":"208.8934ms","ip":"::1","trace_id":"c40682995a0012cad60204a2"}
{"time":"2026-08-23T12:27:09.4356212+08:00","level":"INFO","msg":"HTTP 访问","method":"GET","path":"/api/system/status","status":200,"latency":"206.6559ms","ip":"::1","trace_id":"981dd12cebb75ddc82e8ebad"}
{"time":"2026-08-23T12:27:09.6418655+08:00","level":"INFO","msg":"HTTP 访问","method":"GET","path":"/api/system/status","status":200,"latency":"205.6849ms","ip":"::1","trace_id":"9c034a1f535d5b217e3d106e"}
{"time":"2026-08-23T12:28:09.4215108+08:00","level":"INFO","msg":"HTTP 访问","method":"GET","path":"/api/system/status","status":200,"latency":"205.9113ms","ip":"::1","trace_id":"ad55296a4e7c3b130c72e6fa"}
{"time":"2026-08-23T12:28:09.6269571+08:00","level":"INFO","msg":"HTTP 访问","method":"GET","path":"/api/system/status","status":200,"latency":"204.8559ms","ip":"::1","trace_id":"3d5408cd12eaa0c703748599"}
{"time":"2026-08-23T12:29:09.4469528+08:00","level":"INFO","msg":"HTTP 访问","method":"GET","path":"/api/system/status","status":200,"latency":"213.4711ms","ip":"::1","trace_id":"0bd1d23321401a048508c593"}
{"time":"2026-08-23T12:29:09.6524752+08:00","level":"INFO","msg":"HTTP 访问","method":"GET","path":"/api/system/status","status":200,"latency":"203.2569ms","ip":"::1","trace_id":"86f49a5b001c45ae06c266c2"}
{"time":"2026-08-23T12:30:09.4259442+08:00","level":"INFO","msg":"HTTP 访问","method":"GET","path":"/api/system/status","status":200,"latency":"205.5466ms","ip":"::1","trace_id":"6c7cc6f78a02ae2e4b1cf973"}
{"time":"2026-08-23T12:30:09.6323708+08:00","level":"INFO","msg":"HTTP 访问","method":"GET","path":"/api/system/status","status":200,"latency":"204.9095ms","ip":"::1","trace_id":"2788f02429851a098e702fec"}
{"time":"2026-08-23T12:31:09.4586695+08:00","level":"INFO","msg":"HTTP 访问","method":"GET","path":"/api/system/status","status":200,"latency":"217.7684ms","ip":"::1","trace_id":"017452e2cf16031ef503df3a"}
{"time":"2026-08-23T12:31:09.667557+08:00","level":"INFO","msg":"HTTP 访问","method":"GET","path":"/api/system/status","status":200,"latency":"207.2139ms","ip":"::1","trace_id":"51c61b94b1b95b7aa6706b8f"}
{"time":"2026-08-23T12:32:09.4250413+08:00","level":"INFO","msg":"HTTP 访问","method":"GET","path":"/api/system/status","status":200,"latency":"207.3544ms","ip":"::1","trace_id":"513c2184b5438985109ea003"}
{"time":"2026-08-23T12:32:09.63305+08:00","level":"INFO","msg":"HTTP 访问","method":"GET","path":"/api/system/status","status":200,"latency":"206.3142ms","ip":"::1","trace_id":"8a83ab2c3831a1b200c79412"}
{"time":"2026-08-23T12:33:09.4286004+08:00","level":"INFO","msg":"HTTP 访问","method":"GET","path":"/api/system/status","status":200,"latency":"203.8704ms","ip":"::1","trace_id":"9e4597e7ba8aab3e6f5c9bff"}
{"time":"2026-08-23T12:33:09.6355626+08:00","level":"INFO","msg":"HTTP 访问","method":"GET","path":"/api/system/status","status":200,"latency":"205.3875ms","ip":"::1","trace_id":"324d3afd32009d7813f42ad1"}
{"time":"2026-08-23T12:34:09.432044+08:00","level":"INFO","msg":"HTTP 访问","method":"GET","path":"/api/system/status","status":200,"latency":"206.5502ms","ip":"::1","trace_id":"74d5c8ec3b66eb2c714eef15"}
{"time":"2026-08-23T12:34:09.6381525+08:00","level":"INFO","msg":"HTTP 访问","method":"GET","path":"/api/system/status","status":200,"latency":"204.8206ms","ip":"::1","trace_id":"d429861719aaa18800dd0456"}
{"time":"2026-08-23T12:35:09.4242074+08:00","level":"INFO","msg":"HTTP 访问","method":"GET","path":"/api/system/status","status":200,"latency":"209.7051ms","ip":"::1","trace_id":"96acb6ee12a07373b942bfa7"}
{"time":"2026-08-23T12:35:09.6321505+08:00","level":"INFO","msg":"HTTP 访问","method":"GET","path":"/api/system/status","status":200,"latency":"206.4332ms","ip":"::1","trace_id":"fa3e50cc8567477d195db93c"}
{"time":"2026-08-23T12:36:09.4287718+08:00","level":"INFO","msg":"HTTP 访问","method":"GET","path":"/api/system/status","status":200,"latency":"213.9723ms","ip":"::1","trace_id":"5086f4dcac90d6250326f0e6"}
{"time":"2026-08-23T12:36:09.6353368+08:00","level":"INFO","msg":"HTTP 访问","method":"GET","path":"/api/system/status","status":200,"latency":"205.9812ms","ip":"::1","trace_id":"d17bae6f1a9446b8bd2ccf01"}
{"time":"2026-08-23T12:37:09.4289777+08:00","level":"INFO","msg":"HTTP 访问","method":"GET","path":"/api/system/status","status":200,"latency":"207.5644ms","ip":"::1","trace_id":"1a576c468cc2443e679f9528"}
{"time":"2026-08-23T12:37:09.6378519+08:00","level":"INFO","msg":"HTTP 访问","method":"GET","path":"/api/system/status","status":200,"latency":"206.3391ms","ip":"::1","trace_id":"7b203f5783b399b062124a71"}
{"time":"2026-08-23T12:38:09.4238305+08:00","level":"INFO","msg":"HTTP 访问","method":"GET","path":"/api/system/status","status":200,"latency":"208.6913ms","ip":"::1","trace_id":"24f0e6e8b2429c4cd3907ad4"}
{"time":"2026-08-23T12:38:09.6277698+08:00","level":"INFO","msg":"HTTP 访问","method":"GET","path":"/api/system/status","status":200,"latency":"202.8149ms","ip":"::1","trace_id":"14c71b0e983551b48a02a8a4"}
{"time":"2026-08-23T12:39:09.4298533+08:00","level":"INFO","msg":"HTTP 访问","method":"GET","path":"/api/system/status","status":200,"latency":"207.1565ms","ip":"::1","trace_id":"a973771075a8b570452587c1"}
{"time":"2026-08-23T12:39:09.6364352+08:00","level":"INFO","msg":"HTTP 访问","method":"GET","path":"/api/system/status","status":200,"latency":"205.4408ms","ip":"::1","trace_id":"74840d9e583a6e6d3f1958cf"}
{"time":"2026-08-23T12:40:09.4268182+08:00","level":"INFO","msg":"HTTP 访问","method":"GET","path":"/api/system/status","status":200,"latency":"206.6372ms","ip":"::1","trace_id":"9cfb83ac2a3b921915a0d15e"}
{"time":"2026-08-23T12:40:09.6321803+08:00","level":"INFO","msg":"HTTP 访问","method":"GET","path":"/api/system/status","status":200,"latency":"204.8157ms","ip":"::1","trace_id":"1a50692ad3178561ca46b548"}
{"time":"2026-08-23T12:41:09.4406455+08:00","level":"INFO","msg":"HTTP 访问","method":"GET","path":"/api/system/status","status":200,"latency":"215.1149ms","ip":"::1","trace_id":"fdfd498a1e2509ecc9833a33"}
{"time":"2026-08-23T12:41:09.6507336+08:00","level":"INFO","msg":"HTTP 访问","method":"GET","path":"/api/system/status","status":200,"latency":"208.1068ms","ip":"::1","trace_id":"1904786e4b5b39b05cb63476"}
{"time":"2026-08-23T12:42:09.4287156+08:00","level":"INFO","msg":"HTTP 访问","method":"GET","path":"/api/system/status","status":200,"latency":"206.5644ms","ip":"::1","trace_id":"13356770d6a46f94f9b951a4"}
{"time":"2026-08-23T12:42:09.6371048+08:00","level":"INFO","msg":"HTTP 访问","method":"GET","path":"/api/system/status","status":200,"latency":"206.6809ms","ip":"::1","trace_id":"1b085a422cb2ed01e099e8a6"}
{"time":"2026-08-23T12:43:09.4336768+08:00","level":"INFO","msg":"HTTP 访问","method":"GET","path":"/api/system/status","status":200,"latency":"211.904ms","ip":"::1","trace_id":"15f95ced9ec1723003e44cde"}
{"time":"2026-08-23T12:43:09.6436476+08:00","level":"INFO","msg":"HTTP 访问","method":"GET","path":"/api/system/status","status":200,"latency":"207.755ms","ip":"::1","trace_id":"9f2ebcc99074b06a3a3f19a3"}
{"time":"2026-08-23T12:44:09.4268621+08:00","level":"INFO","msg":"HTTP 访问","method":"GET","path":"/api/system/status","status":200,"latency":"206.0762ms","ip":"::1","trace_id":"f1e159b1e1e960ed0e9cd919"}
{"time":"2026-08-23T12:44:09.6307328+08:00","level":"INFO","msg":"HTTP 访问","method":"GET","path":"/api/system/status","status":200,"latency":"202.8461ms","ip":"::1","trace_id":"aeb3ba69b300ba283c086eb8"}
{"time":"2026-08-23T12:45:09.430703+08:00","level":"INFO","msg":"HTTP 访问","method":"GET","path":"/api/system/status","status":200,"latency":"206.6968ms","ip":"::1","trace_id":"1819f61a4cb701c1eff1fd8c"}
{"time":"2026-08-23T12:45:09.6347479+08:00","level":"INFO","msg":"HTTP 访问","method":"GET","path":"/api/system/status","status":200,"latency":"202.9561ms","ip":"::1","trace_id":"c10cb045a95994c45c8eba8b"}
{"time":"2026-08-23T12:46:09.426355+08:00","level":"INFO","msg":"HTTP 访问","method":"GET","path":"/api/system/status","status":200,"latency":"206.4674ms","ip":"::1","trace_id":"787dc2de7de25f19bd91e5da"}
{"time":"2026-08-23T12:46:09.6327417+08:00","level":"INFO","msg":"HTTP 访问","method":"GET","path":"/api/system/status","status":200,"latency":"205.3412ms","ip":"::1","trace_id":"965f5089d62f6495e74b3853"}
{"time":"2026-08-23T12:47:09.4340155+08:00","level":"INFO","msg":"HTTP 访问","method":"GET","path":"/api/system/status","status":200,"latency":"211.0835ms","ip":"::1","trace_id":"686a00398a14fd823e4214d8"}
{"time":"2026-08-23T12:47:09.6409143+08:00","level":"INFO","msg":"HTTP 访问","method":"GET","path":"/api/system/status","status":200,"latency":"205.6828ms","ip":"::1","trace_id":"b7481acdeecce1e0dfaa06f4"}
{"time":"2026-08-23T12:48:09.4248917+08:00","level":"INFO","msg":"HTTP 访问","method":"GET","path":"/api/system/status","status":200,"latency":"206.7157ms","ip":"::1","trace_id":"1cfc08c37c09a2896db67855"}
{"time":"2026-08-23T12:48:09.6287155+08:00","level":"INFO","msg":"HTTP 访问","method":"GET","path":"/api/system/status","status":200,"latency":"203.2637ms","ip":"::1","trace_id":"b2c824b01156e3491a884eb8"}
{"time":"2026-08-23T12:49:09.417586+08:00","level":"INFO","msg":"HTTP 访问","method":"GET","path":"/api/system/status","status":200,"latency":"204.1879ms","ip":"::1","trace_id":"e452d2458d0ccee73cd0a8cf"}
{"time":"2026-08-23T12:49:09.624968+08:00","level":"INFO","msg":"HTTP 访问","method":"GET","path":"/api/system/status","status":200,"latency":"206.3523ms","ip":"::1","trace_id":"6f237242f4f6fe691e75ae72"}
{"time":"2026-08-23T12:50:09.43565+08:00","level":"INFO","msg":"HTTP 访问","method":"GET","path":"/api/system/status","status":200,"latency":"208.8632ms","ip":"::1","trace_id":"e71aabbe6874b5123ac5df5a"}
{"time":"2026-08-23T12:50:09.6397637+08:00","level":"INFO","msg":"HTTP 访问","method":"GET","path":"/api/system/status","status":200,"latency":"203.0568ms","ip":"::1","trace_id":"ba343610f35494bfbb125d84"}
{"time":"2026-08-23T12:51:09.4304416+08:00","level":"INFO","msg":"HTTP 访问","method":"GET","path":"/api/system/status","status":200,"latency":"203.5815ms","ip":"::1","trace_id":"ace919b8f9842db5be4e5b1d"}
{"time":"2026-08-23T12:51:09.6491046+08:00","level":"INFO","msg":"HTTP 访问","method":"GET","path":"/api/system/status","status":200,"latency":"216.9854ms","ip":"::1","trace_id":"6f4b15cf7b0210f8aae9c7e7"}
{"time":"2026-08-23T12:52:09.4328634+08:00","level":"INFO","msg":"HTTP 访问","method":"GET","path":"/api/system/status","status":200,"latency":"208.4655ms","ip":"::1","trace_id":"e071d6b54bcb158558f98bbb"}
{"time":"2026-08-23T12:52:09.6390456+08:00","level":"INFO","msg":"HTTP 访问","method":"GET","path":"/api/system/status","status":200,"latency":"204.7188ms","ip":"::1","trace_id":"dd7e3c8fb1f7f5bf26dd1e32"}
{"time":"2026-08-23T12:53:09.4326158+08:00","level":"INFO","msg":"HTTP 访问","method":"GET","path":"/api/system/status","status":200,"latency":"206.8956ms","ip":"::1","trace_id":"8035cab4a6cb532ec09e2467"}
{"time":"2026-08-23T12:53:09.642663+08:00","level":"INFO","msg":"HTTP 访问","method":"GET","path":"/api/system/status","status":200,"latency":"208.9529ms","ip":"::1","trace_id":"20ba6aba0959cb613cf4e253"}
{"time":"2026-08-23T12:54:09.4256742+08:00","level":"INFO","msg":"HTTP 访问","method":"GET","path":"/api/system/status","status":200,"latency":"206.0836ms","ip":"::1","trace_id":"ef93b833843535ae226429cc"}
{"time":"2026-08-23T12:54:09.6318375+08:00","level":"INFO","msg":"HTTP 访问","method":"GET","path":"/api/system/status","status":200,"latency":"205.0894ms","ip":"::1","trace_id":"3ef9d4903b35a4e23def6ced"}
{"time":"2026-08-23T12:55:09.438602+08:00","level":"INFO","msg":"HTTP 访问","method":"GET","path":"/api/system/status","status":200,"latency":"218.7299ms","ip":"::1","trace_id":"245b3993bcc62c1336264188"}
{"time":"2026-08-23T12:55:09.6473039+08:00","level":"INFO","msg":"HTTP 访问","method":"GET","path":"/api/system/status","status":200,"latency":"207.3634ms","ip":"::1","trace_id":"d42ee890d6297d96815f6100"}
{"time":"2026-08-23T12:56:09.4342078+08:00","level":"INFO","msg":"HTTP 访问","method":"GET","path":"/api/system/status","status":200,"latency":"207.6137ms","ip":"::1","trace_id":"0643c0fc71d55df622920ad5"}
{"time":"2026-08-23T12:56:09.643889+08:00","level":"INFO","msg":"HTTP 访问","method":"GET","path":"/api/system/status","status":200,"latency":"208.3171ms","ip":"::1","trace_id":"59eb11cd44462bf25f4db657"}
{"time":"2026-08-23T12:57:09.4348637+08:00","level":"INFO","msg":"HTTP 访问","method":"GET","path":"/api/system/status","status":200,"latency":"205.4648ms","ip":"::1","trace_id":"50bcd9ba8f10836e4a270118"}
{"time":"2026-08-23T12:57:09.6427808+08:00","level":"INFO","msg":"HTTP 访问","method":"GET","path":"/api/system/status","status":200,"latency":"206.7435ms","ip":"::1","trace_id":"261ebd057d1f95f4fc7efad4"}
{"time":"2026-08-23T12:58:09.4228043+08:00","level":"INFO","msg":"HTTP 访问","method":"GET","path":"/api/system/status","status":200,"latency":"205.6398ms","ip":"::1","trace_id":"cc06e0b2540114a17c3ef0cb"}
{"time":"2026-08-23T12:58:09.6278866+08:00","level":"INFO","msg":"HTTP 访问","method":"GET","path":"/api/system/status","status":200,"latency":"203.9629ms","ip":"::1","trace_id":"9fd91513cfb62327f4f76a30"}
{"time":"2026-08-23T12:59:09.4341013+08:00","level":"INFO","msg":"HTTP 访问","method":"GET","path":"/api/system/status","status":200,"latency":"206.1475ms","ip":"::1","trace_id":"d3b00341802f9a31fb016a79"}
{"time":"2026-08-23T12:59:09.646003+08:00","level":"INFO","msg":"HTTP 访问","method":"GET","path":"/api/system/status","status":200,"latency":"210.8345ms","ip":"::1","trace_id":"1fc5b259ab8643dfdd18fc0c"}
{"time":"2026-08-23T13:00:09.4283328+08:00","level":"INFO","msg":"HTTP 访问","method":"GET","path":"/api/system/status","status":200,"latency":"203.7802ms","ip":"::1","trace_id":"316daa2b9a64a908bcd6cbc4"}
{"time":"2026-08-23T13:00:09.6331533+08:00","level":"INFO","msg":"HTTP 访问","method":"GET","path":"/api/system/status","status":200,"latency":"203.729ms","ip":"::1","trace_id":"60253a7201c31fd2a7428391"}
{"time":"2026-08-23T13:01:09.4333853+08:00","level":"INFO","msg":"HTTP 访问","method":"GET","path":"/api/system/status","status":200,"latency":"207.248ms","ip":"::1","trace_id":"0ed7da16a06e15c301c26ba5"}
{"time":"2026-08-23T13:01:09.6442992+08:00","level":"INFO","msg":"HTTP 访问","method":"GET","path":"/api/system/status","status":200,"latency":"206.2186ms","ip":"::1","trace_id":"67bc17e6f87b0d42954d77be"}
{"time":"2026-08-23T13:02:09.4275427+08:00","level":"INFO","msg":"HTTP 访问","method":"GET","path":"/api/system/status","status":200,"latency":"206.1126ms","ip":"::1","trace_id":"8e06c9af439aec8f63336378"}
{"time":"2026-08-23T13:02:09.6353311+08:00","level":"INFO","msg":"HTTP 访问","method":"GET","path":"/api/system/status","status":200,"latency":"206.7675ms","ip":"::1","trace_id":"24474816f6f176a60140a54e"}
{"time":"2026-08-23T13:03:09.4238293+08:00","level":"INFO","msg":"HTTP 访问","method":"GET","path":"/api/system/status","status":200,"latency":"206.3891ms","ip":"::1","trace_id":"e99b0031ef6ab7a49d1a41f0"}
{"time":"2026-08-23T13:03:09.6300907+08:00","level":"INFO","msg":"HTTP 访问","method":"GET","path":"/api/system/status","status":200,"latency":"205.3915ms","ip":"::1","trace_id":"ba5f237783bcd1033af3a2a2"}
{"time":"2026-08-23T13:04:09.4274895+08:00","level":"INFO","msg":"HTTP 访问","method":"GET","path":"/api/system/status","status":200,"latency":"203.9046ms","ip":"::1","trace_id":"adacd1e297a3ad331ede25ac"}
{"time":"2026-08-23T13:04:09.6339994+08:00","level":"INFO","msg":"HTTP 访问","method":"GET","path":"/api/system/status","status":200,"latency":"205.413ms","ip":"::1","trace_id":"269850d881954d6e8fcf67be"}
{"time":"2026-08-23T13:05:09.4282247+08:00","level":"INFO","msg":"HTTP 访问","method":"GET","path":"/api/system/status","status":200,"latency":"206.9543ms","ip":"::1","trace_id":"f920601c283cb1eb79db8b87"}
{"time":"2026-08-23T13:05:09.6327129+08:00","level":"INFO","msg":"HTTP 访问","method":"GET","path":"/api/system/status","status":200,"latency":"202.9366ms","ip":"::1","trace_id":"8bbcd1c897b668cede7f026a"}
{"time":"2026-08-23T13:06:09.4351444+08:00","level":"INFO","msg":"HTTP 访问","method":"GET","path":"/api/system/status","status":200,"latency":"205.5208ms","ip":"::1","trace_id":"18c43737ac6631a037b4fd15"}
{"time":"2026-08-23T13:06:09.6414312+08:00","level":"INFO","msg":"HTTP 访问","method":"GET","path":"/api/system/status","status":200,"latency":"205.1818ms","ip":"::1","trace_id":"a10d778a8d7e462bdda1f70d"}
{"time":"2026-08-23T13:07:09.4301419+08:00","level":"INFO","msg":"HTTP 访问","method":"GET","path":"/api/system/status","status":200,"latency":"203.4805ms","ip":"::1","trace_id":"96d3c818de5882e8de7cbf31"}
{"time":"2026-08-23T13:07:09.6348281+08:00","level":"INFO","msg":"HTTP 访问","method":"GET","path":"/api/system/status","status":200,"latency":"203.5406ms","ip":"::1","trace_id":"1e956a44d5613bc7dfae2760"}
{"time":"2026-08-23T13:08:09.4310233+08:00","level":"INFO","msg":"HTTP 访问","method":"GET","path":"/api/system/status","status":200,"latency":"204.2121ms","ip":"::1","trace_id":"15ea11aa241f80e66d0a9d18"}
{"time":"2026-08-23T13:08:09.6356313+08:00","level":"INFO","msg":"HTTP 访问","method":"GET","path":"/api/system/status","status":200,"latency":"203.5841ms","ip":"::1","trace_id":"efd63517cebe3002866c088e"}
{"time":"2026-08-23T13:09:09.4270467+08:00","level":"INFO","msg":"HTTP 访问","method":"GET","path":"/api/system/status","status":200,"latency":"203.1836ms","ip":"::1","trace_id":"2bb1c09fc78cdfe3da259f61"}
{"time":"2026-08-23T13:09:09.6312161+08:00","level":"INFO","msg":"HTTP 访问","method":"GET","path":"/api/system/status","status":200,"latency":"203.1378ms","ip":"::1","trace_id":"cb9747a9275d3390f8f29bd5"}
{"time":"2026-08-23T13:10:09.4181818+08:00","level":"INFO","msg":"HTTP 访问","method":"GET","path":"/api/system/status","status":200,"latency":"204.2643ms","ip":"::1","trace_id":"20865b571f8636955e83d609"}
{"time":"2026-08-23T13:10:09.6219565+08:00","level":"INFO","msg":"HTTP 访问","method":"GET","path":"/api/system/status","status":200,"latency":"202.7093ms","ip":"::1","trace_id":"f1c2babf638b6b41f0d2f3c8"}
{"time":"2026-08-23T13:11:09.4272816+08:00","level":"INFO","msg":"HTTP 访问","method":"GET","path":"/api/system/status","status":200,"latency":"203.81ms","ip":"::1","trace_id":"71d8dbfff2c76f64eb3f2532"}
{"time":"2026-08-23T13:11:09.6320054+08:00","level":"INFO","msg":"HTTP 访问","method":"GET","path":"/api/system/status","status":200,"latency":"203.3723ms","ip":"::1","trace_id":"bdf055f87dcf3e619a05d776"}
{"time":"2026-08-23T13:12:09.4301389+08:00","level":"INFO","msg":"HTTP 访问","method":"GET","path":"/api/system/status","status":200,"latency":"203.5534ms","ip":"::1","trace_id":"0bd20c26f246ba6cbee576b2"}
{"time":"2026-08-23T13:12:09.6342154+08:00","level":"INFO","msg":"HTTP 访问","method":"GET","path":"/api/system/status","status":200,"latency":"203.0435ms","ip":"::1","trace_id":"b733a22884826d48c51e3508"}
{"time":"2026-08-23T13:13:09.4234052+08:00","level":"INFO","msg":"HTTP 访问","method":"GET","path":"/api/system/status","status":200,"latency":"204.3137ms","ip":"::1","trace_id":"6bc942e2b4df94f0f0ce2658"}
{"time":"2026-08-23T13:13:09.6284359+08:00","level":"INFO","msg":"HTTP 访问","method":"GET","path":"/api/system/status","status":200,"latency":"203.9308ms","ip":"::1","trace_id":"11b35c41f6532c9aadeb2417"}
{"time":"2026-08-23T13:14:09.4273116+08:00","level":"INFO","msg":"HTTP 访问","method":"GET","path":"/api/system/status","status":200,"latency":"204.6314ms","ip":"::1","trace_id":"6db466e86ce62ef089132695"}
{"time":"2026-08-23T13:14:09.6312939+08:00","level":"INFO","msg":"HTTP 访问","method":"GET","path":"/api/system/status","status":200,"latency":"203.0609ms","ip":"::1","trace_id":"598d9e2babc5713d975a8481"}
{"time":"2026-08-23T13:15:09.4289534+08:00","level":"INFO","msg":"HTTP 访问","method":"GET","path":"/api/system/status","status":200,"latency":"208.2673ms","ip":"::1","trace_id":"5c6b1ce324c9d3dab7c51697"}
{"time":"2026-08-23T13:15:09.6341614+08:00","level":"INFO","msg":"HTTP 访问","method":"GET","path":"/api/system/status","status":200,"latency":"204.172ms","ip":"::1","trace_id":"5733ca8df9d9ef7c68157e68"}
{"time":"2026-08-23T13:16:09.4433756+08:00","level":"INFO","msg":"HTTP 访问","method":"GET","path":"/api/system/status","status":200,"latency":"206.5731ms","ip":"::1","trace_id":"a81bb4445e724885c094ef64"}
{"time":"2026-08-23T13:16:09.650935+08:00","level":"INFO","msg":"HTTP 访问","method":"GET","path":"/api/system/status","status":200,"latency":"206.5278ms","ip":"::1","trace_id":"e611ab0477554e15b669b319"}
{"time":"2026-08-23T13:17:09.4180311+08:00","level":"INFO","msg":"HTTP 访问","method":"GET","path":"/api/system/status","status":200,"latency":"203.4351ms","ip":"::1","trace_id":"ebc0db673ff7f83e9035311f"}
{"time":"2026-08-23T13:17:09.6233395+08:00","level":"INFO","msg":"HTTP 访问","method":"GET","path":"/api/system/status","status":200,"latency":"204.2317ms","ip":"::1","trace_id":"cee7ab3a99c2b7a3bd4957fd"}
{"time":"2026-08-23T13:18:09.4259079+08:00","level":"INFO","msg":"HTTP 访问","method":"GET","path":"/api/system/status","status":200,"latency":"203.4356ms","ip":"::1","trace_id":"f29ebff390c29dd5d42d5150"}
{"time":"2026-08-23T13:18:09.6299395+08:00","level":"INFO","msg":"HTTP 访问","method":"GET","path":"/api/system/status","status":200,"latency":"202.9731ms","ip":"::1","trace_id":"05924b63071575c3311f9858"}
{"time":"2026-08-23T13:19:09.4272788+08:00","level":"INFO","msg":"HTTP 访问","method":"GET","path":"/api/system/status","status":200,"latency":"203.3274ms","ip":"::1","trace_id":"1284eea606a2a9d5df72d219"}
{"time":"2026-08-23T13:19:09.631456+08:00","level":"INFO","msg":"HTTP 访问","method":"GET","path":"/api/system/status","status":200,"latency":"203.1109ms","ip":"::1","trace_id":"5df4151b18edccbd9c806771"}
{"time":"2026-08-23T13:19:58.2744358+08:00","level":"INFO","msg":"收到退出信号，开始优雅关闭"}
{"time":"2026-08-23T13:19:58.2765157+08:00","level":"INFO","msg":"定时任务调度器已停止"}
{"time":"2026-08-23T13:19:58.2770762+08:00","level":"INFO","msg":"定时任务调度器已停止"}
{"time":"2026-08-23T13:19:58.2770762+08:00","level":"INFO","msg":"WebSocket Hub 已关闭"}
{"time":"2026-08-23T13:20:01.3725516+08:00","level":"WARN","msg":"默认主人账号已就绪","username":"admin","role":"master","id":0,"提示":"主人密码仅可通过 config.toml 的 [auth] 段修改"}
{"time":"2026-08-23T13:20:01.3735561+08:00","level":"INFO","msg":"定时任务调度器已启动","count":0}
{"time":"2026-08-23T13:20:01.3735561+08:00","level":"INFO","msg":"异步任务 Worker 已启动","size":4}
{"time":"2026-08-23T13:20:01.3760588+08:00","level":"WARN","msg":"MQTT 连接失败（降级运行，仅支持本地设备）","broker":"tcp://localhost:1883","error":"连接 MQTT broker 失败: dial tcp :1883: connectex: No connection could be made because the target machine actively refused it."}
{"time":"2026-08-23T13:20:01.3760588+08:00","level":"INFO","msg":"定时任务调度器已启动","count":0}
{"time":"2026-08-23T13:20:01.3760588+08:00","level":"INFO","msg":"IoT 服务已启动"}
{"time":"2026-08-23T13:20:01.3760588+08:00","level":"INFO","msg":"WebDAV 已挂载","prefix":"/dav"}
{"time":"2026-08-23T13:20:01.3760588+08:00","level":"INFO","msg":"HTTP 服务启动","addr":":8080"}
{"time":"2026-08-23T13:20:02.2812509+08:00","level":"INFO","msg":"HTTP 访问","method":"GET","path":"/api/system/status","status":200,"latency":"209.2088ms","ip":"::1","trace_id":"5f91bd900df14e55314e5279"}
{"time":"2026-08-23T13:20:02.4864603+08:00","level":"INFO","msg":"HTTP 访问","method":"GET","path":"/api/system/status","status":200,"latency":"203.3669ms","ip":"::1","trace_id":"d13006084a61625a63e904fc"}
{"time":"2026-08-23T13:20:05.2076467+08:00","level":"INFO","msg":"HTTP 访问","method":"GET","path":"/api/system/status","status":200,"latency":"202.9913ms","ip":"::1","trace_id":"33f26b81ee1f2ca12908ccf1"}
{"time":"2026-08-23T13:20:05.3755391+08:00","level":"INFO","msg":"HTTP 访问","method":"GET","path":"/","status":200,"latency":"41.4256ms","ip":"::1","trace_id":"55bdcd1b0fc503770628d28b"}
{"time":"2026-08-23T13:20:05.3977983+08:00","level":"INFO","msg":"HTTP 访问","method":"GET","path":"/css/style.css","status":200,"latency":"0s","ip":"::1","trace_id":"5bfd4e7ae5707b1399868f8d"}
{"time":"2026-08-23T13:20:05.3991812+08:00","level":"INFO","msg":"HTTP 访问","method":"GET","path":"/js/video-js-8.24.0/video-js.min.css","status":200,"latency":"601.2µs","ip":"::1","trace_id":"8a85eacb171af32435f046d0"}
{"time":"2026-08-23T13:20:05.4081297+08:00","level":"INFO","msg":"HTTP 访问","method":"GET","path":"/js/app.js","status":200,"latency":"1.065ms","ip":"::1","trace_id":"a03c4b93d4339012b00206ae"}
{"time":"2026-08-23T13:20:05.4098738+08:00","level":"INFO","msg":"HTTP 访问","method":"GET","path":"/js/video-js-8.24.0/video.min.js","status":200,"latency":"10.6926ms","ip":"::1","trace_id":"644e460bd972f493780b4ac7"}
{"time":"2026-08-23T13:20:05.4636731+08:00","level":"INFO","msg":"HTTP 访问","method":"GET","path":"/api/auth/me","status":200,"latency":"0s","ip":"::1","trace_id":"8e8007f545051303398b8d30"}
{"time":"2026-08-23T13:20:05.5059256+08:00","level":"INFO","msg":"HTTP 访问","method":"GET","path":"/api/admin/settings","status":200,"latency":"0s","ip":"::1","trace_id":"41327251b1f514bf6877a42e"}
{"time":"2026-08-23T13:20:05.5410735+08:00","level":"INFO","msg":"HTTP 访问","method":"GET","path":"/favicon.ico","status":200,"latency":"0s","ip":"::1","trace_id":"2a85b7675aafa39797b76fb4"}
{"time":"2026-08-23T13:20:05.745335+08:00","level":"INFO","msg":"HTTP 访问","method":"GET","path":"/api/system/status","status":200,"latency":"204.7746ms","ip":"::1","trace_id":"1d803aa267a093b7043368ed"}
{"time":"2026-08-23T13:20:05.950007+08:00","level":"INFO","msg":"HTTP 访问","method":"GET","path":"/api/system/status","status":200,"latency":"204.1691ms","ip":"::1","trace_id":"b3910418c3106be1fb020d9e"}
{"time":"2026-08-23T13:20:07.757109+08:00","level":"INFO","msg":"HTTP 访问","method":"GET","path":"/api/files","status":200,"latency":"33.0757ms","ip":"::1","trace_id":"6f699634bd0f7b27905b3bec"}
{"time":"2026-08-23T13:20:07.7853313+08:00","level":"INFO","msg":"HTTP 访问","method":"GET","path":"/api/storage/stats","status":200,"latency":"24.3918ms","ip":"::1","trace_id":"38613502efd0128727260bc1"}
{"time":"2026-08-23T13:20:09.2385455+08:00","level":"INFO","msg":"HTTP 访问","method":"GET","path":"/api/files","status":200,"latency":"0s","ip":"::1","trace_id":"0b44ca80672727ce3c55b9e2"}
{"time":"2026-08-23T13:20:09.265017+08:00","level":"INFO","msg":"HTTP 访问","method":"GET","path":"/api/storage/stats","status":200,"latency":"22.9668ms","ip":"::1","trace_id":"4c55887d0d6b4c552557db9b"}
{"time":"2026-08-23T13:20:09.4343718+08:00","level":"INFO","msg":"HTTP 访问","method":"GET","path":"/api/system/status","status":200,"latency":"203.6418ms","ip":"::1","trace_id":"219ec84e77f0314c8e61ae0d"}
{"time":"2026-08-23T13:20:09.6429323+08:00","level":"INFO","msg":"HTTP 访问","method":"GET","path":"/api/system/status","status":200,"latency":"204.7372ms","ip":"::1","trace_id":"15582555e7431453103e3986"}
{"time":"2026-08-23T13:20:10.7478156+08:00","level":"INFO","msg":"HTTP 访问","method":"GET","path":"/api/system/status","status":200,"latency":"203.0195ms","ip":"::1","trace_id":"d6b3b2a1d8594e6ee0e4a31f"}
{"time":"2026-08-23T13:20:11.9930153+08:00","level":"INFO","msg":"HTTP 访问","method":"GET","path":"/api/files","status":200,"latency":"604.3µs","ip":"::1","trace_id":"d28b11d01d03559894d496b1"}
{"time":"2026-08-23T13:20:12.0249257+08:00","level":"INFO","msg":"HTTP 访问","method":"GET","path":"/api/storage/stats","status":200,"latency":"29.1762ms","ip":"::1","trace_id":"fe735b1d80592a7f258d850e"}
{"time":"2026-08-23T13:20:12.4508724+08:00","level":"INFO","msg":"HTTP 访问","method":"GET","path":"/api/files","status":200,"latency":"36.4827ms","ip":"::1","trace_id":"0c997cdcf4c3d302ee2b2e0c"}
{"time":"2026-08-23T13:20:12.4760815+08:00","level":"INFO","msg":"HTTP 访问","method":"GET","path":"/api/storage/stats","status":200,"latency":"23.2055ms","ip":"::1","trace_id":"b07dfdcbe7d9fa2f297e9b31"}
{"time":"2026-08-23T13:20:13.2243001+08:00","level":"INFO","msg":"HTTP 访问","method":"GET","path":"/api/files","status":200,"latency":"2.0279ms","ip":"::1","trace_id":"02396f09aa848c19ef602043"}
{"time":"2026-08-23T13:20:13.2629878+08:00","level":"INFO","msg":"HTTP 访问","method":"GET","path":"/api/storage/stats","status":200,"latency":"33.6654ms","ip":"::1","trace_id":"9bf9b5771d477bcf6ca4d86b"}
{"time":"2026-08-23T13:20:15.7463042+08:00","level":"INFO","msg":"HTTP 访问","method":"GET","path":"/api/system/status","status":200,"latency":"203.6152ms","ip":"::1","trace_id":"46e5d20ccf4d3a7a429500bb"}
{"time":"2026-08-23T13:20:20.7579992+08:00","level":"INFO","msg":"HTTP 访问","method":"GET","path":"/api/system/status","status":200,"latency":"205.5679ms","ip":"::1","trace_id":"052d3890c00773a3ca962562"}
{"time":"2026-08-23T13:20:25.7523351+08:00","level":"INFO","msg":"HTTP 访问","method":"GET","path":"/api/system/status","status":200,"latency":"204.2137ms","ip":"::1","trace_id":"033e010fc7f9575f6776babf"}
{"time":"2026-08-23T13:20:30.7469325+08:00","level":"INFO","msg":"HTTP 访问","method":"GET","path":"/api/system/status","status":200,"latency":"204.7045ms","ip":"::1","trace_id":"fdf9a7bd61414151eebc16c7"}
{"time":"2026-08-23T13:20:30.8101424+08:00","level":"INFO","msg":"HTTP 访问","method":"GET","path":"/api/files","status":200,"latency":"0s","ip":"::1","trace_id":"8b88aeb13f9d5b6b8ff642b5"}
{"time":"2026-08-23T13:20:30.83875+08:00","level":"INFO","msg":"HTTP 访问","method":"GET","path":"/api/storage/stats","status":200,"latency":"23.4479ms","ip":"::1","trace_id":"7f7ea11e0eee53cc813afb37"}
{"time":"2026-08-23T13:20:31.7180279+08:00","level":"INFO","msg":"HTTP 访问","method":"GET","path":"/api/files","status":200,"latency":"515.1µs","ip":"::1","trace_id":"31bd5813ae37e488980540ca"}
{"time":"2026-08-23T13:20:31.7535514+08:00","level":"INFO","msg":"HTTP 访问","method":"GET","path":"/api/storage/stats","status":200,"latency":"33.4913ms","ip":"::1","trace_id":"95df7f23a3d77be53888023d"}
{"time":"2026-08-23T13:20:32.823114+08:00","level":"INFO","msg":"HTTP 访问","method":"GET","path":"/api/files","status":200,"latency":"1.0759ms","ip":"::1","trace_id":"819bf9c4334680ca8d35375b"}
{"time":"2026-08-23T13:20:32.8572898+08:00","level":"INFO","msg":"HTTP 访问","method":"GET","path":"/api/storage/stats","status":200,"latency":"28.6273ms","ip":"::1","trace_id":"3948297ffe9732d3eb4c2de4"}
{"time":"2026-08-23T13:20:34.189889+08:00","level":"INFO","msg":"HTTP 访问","method":"GET","path":"/api/files","status":200,"latency":"1.0609ms","ip":"::1","trace_id":"d382f174de8b3f8c727c6831"}
{"time":"2026-08-23T13:20:34.2206285+08:00","level":"INFO","msg":"HTTP 访问","method":"GET","path":"/api/storage/stats","status":200,"latency":"28.1842ms","ip":"::1","trace_id":"3150b19229ea12c16bfa183a"}
{"time":"2026-08-23T13:20:35.1033533+08:00","level":"INFO","msg":"HTTP 访问","method":"GET","path":"/api/files","status":200,"latency":"1.6555ms","ip":"::1","trace_id":"74c959970fd68fa5ea7bde4d"}
{"time":"2026-08-23T13:20:35.1297538+08:00","level":"INFO","msg":"HTTP 访问","method":"GET","path":"/api/storage/stats","status":200,"latency":"22.756ms","ip":"::1","trace_id":"f85490b0ddf7897e0e0d9691"}
{"time":"2026-08-23T13:20:35.7451201+08:00","level":"INFO","msg":"HTTP 访问","method":"GET","path":"/api/system/status","status":200,"latency":"204.1317ms","ip":"::1","trace_id":"7c27c139cd7c365959783893"}
{"time":"2026-08-23T13:20:36.8043353+08:00","level":"INFO","msg":"HTTP 访问","method":"GET","path":"/api/files","status":200,"latency":"1.3095ms","ip":"::1","trace_id":"49baec69b70c8c38126d80e5"}
{"time":"2026-08-23T13:20:36.82905+08:00","level":"INFO","msg":"HTTP 访问","method":"GET","path":"/api/storage/stats","status":200,"latency":"23.1899ms","ip":"::1","trace_id":"f0e32170e4108096d46e6e85"}
{"time":"2026-08-23T13:20:37.695192+08:00","level":"INFO","msg":"HTTP 访问","method":"GET","path":"/api/files","status":200,"latency":"1.0403ms","ip":"::1","trace_id":"0952ebc0d97abcdeb3012d88"}
{"time":"2026-08-23T13:20:37.7151711+08:00","level":"WARN","msg":"视频探测失败","file_id":2592,"path":"Y:\\StudyMaterials\\学习资料\\皮鑫达大礼包\\网课\\1、黑马程序员Java项目《苍穹外卖》企业级开发实战\\视频\\day01\\Day01-01-项目效果展示.mp4","error":"exec: \"ffprobe\": executable file not found in %PATH%"}
{"time":"2026-08-23T13:20:37.7151711+08:00","level":"INFO","msg":"HTTP 访问","method":"GET","path":"/api/video/info","status":200,"latency":"17.0985ms","ip":"::1","trace_id":"f98bc6e836b7e21d17c5183b"}
{"time":"2026-08-23T13:20:37.7203833+08:00","level":"WARN","msg":"视频探测失败","file_id":2594,"path":"Y:\\StudyMaterials\\学习资料\\皮鑫达大礼包\\网课\\1、黑马程序员Java项目《苍穹外卖》企业级开发实战\\视频\\day01\\Day01-03-苍穹外卖项目介绍.mp4","error":"exec: \"ffprobe\": executable file not found in %PATH%"}
{"time":"2026-08-23T13:20:37.7203833+08:00","level":"INFO","msg":"HTTP 访问","method":"GET","path":"/api/video/info","status":200,"latency":"22.3107ms","ip":"::1","trace_id":"da5c65312b2bf976e4750057"}
{"time":"2026-08-23T13:20:37.7208945+08:00","level":"WARN","msg":"视频探测失败","file_id":2595,"path":"Y:\\StudyMaterials\\学习资料\\皮鑫达大礼包\\网课\\1、黑马程序员Java项目《苍穹外卖》企业级开发实战\\视频\\day01\\Day01-04-开发环境搭建_前端环境搭建.mp4","error":"exec: \"ffprobe\": executable file not found in %PATH%"}
{"time":"2026-08-23T13:20:37.7208945+08:00","level":"INFO","msg":"HTTP 访问","method":"GET","path":"/api/video/info","status":200,"latency":"22.8219ms","ip":"::1","trace_id":"b7a2d853c22bd794fd69b9ef"}
{"time":"2026-08-23T13:20:37.7225173+08:00","level":"WARN","msg":"视频探测失败","file_id":2593,"path":"Y:\\StudyMaterials\\学习资料\\皮鑫达大礼包\\网课\\1、黑马程序员Java项目《苍穹外卖》企业级开发实战\\视频\\day01\\Day01-02-软件开发整体介绍.mp4","error":"exec: \"ffprobe\": executable file not found in %PATH%"}
{"time":"2026-08-23T13:20:37.7230408+08:00","level":"INFO","msg":"HTTP 访问","method":"GET","path":"/api/video/info","status":200,"latency":"24.9682ms","ip":"::1","trace_id":"0991c48be128afe04f8acf46"}
{"time":"2026-08-23T13:20:37.7273098+08:00","level":"INFO","msg":"HTTP 访问","method":"GET","path":"/api/storage/stats","status":200,"latency":"27.6997ms","ip":"::1","trace_id":"f42376e7a974ee9c898a59f4"}
{"time":"2026-08-23T13:20:37.7398395+08:00","level":"WARN","msg":"视频探测失败","file_id":2596,"path":"Y:\\StudyMaterials\\学习资料\\皮鑫达大礼包\\网课\\1、黑马程序员Java项目《苍穹外卖》企业级开发实战\\视频\\day01\\Day01-05-开发环境搭建_后端环境搭建_熟悉项目结构.mp4","error":"exec: \"ffprobe\": executable file not found in %PATH%"}
{"time":"2026-08-23T13:20:37.7408429+08:00","level":"INFO","msg":"HTTP 访问","method":"GET","path":"/api/video/info","status":200,"latency":"23.056ms","ip":"::1","trace_id":"6f4996796685408432f763c7"}
{"time":"2026-08-23T13:20:37.7458685+08:00","level":"WARN","msg":"视频探测失败","file_id":2597,"path":"Y:\\StudyMaterials\\学习资料\\皮鑫达大礼包\\网课\\1、黑马程序员Java项目《苍穹外卖》企业级开发实战\\视频\\day01\\Day01-06-开发环境搭建_后端环境搭建_使用Git进行版本控制.mp4","error":"exec: \"ffprobe\": executable file not found in %PATH%"}
{"time":"2026-08-23T13:20:37.7463719+08:00","level":"INFO","msg":"HTTP 访问","method":"GET","path":"/api/video/info","status":200,"latency":"23.3311ms","ip":"::1","trace_id":"0631e811e4cdf06b3542fefe"}
{"time":"2026-08-23T13:20:37.7473762+08:00","level":"WARN","msg":"视频探测失败","file_id":2599,"path":"Y:\\StudyMaterials\\学习资料\\皮鑫达大礼包\\网课\\1、黑马程序员Java项目《苍穹外卖》企业级开发实战\\视频\\day01\\Day01-08-开发环境搭建_后端环境搭建_前后端联调_通过断点调试熟悉项目代码特点.mp4","error":"exec: \"ffprobe\": executable file not found in %PATH%"}
{"time":"2026-08-23T13:20:37.7473762+08:00","level":"INFO","msg":"HTTP 访问","method":"GET","path":"/api/video/info","status":200,"latency":"21.9265ms","ip":"::1","trace_id":"3f9d0c7ed854259e43c76c03"}
{"time":"2026-08-23T13:20:37.748882+08:00","level":"WARN","msg":"视频探测失败","file_id":2598,"path":"Y:\\StudyMaterials\\学习资料\\皮鑫达大礼包\\网课\\1、黑马程序员Java项目《苍穹外卖》企业级开发实战\\视频\\day01\\Day01-07-开发环境搭建_后端环境搭建_数据库环境搭建.mp4","error":"exec: \"ffprobe\": executable file not found in %PATH%"}
{"time":"2026-08-23T13:20:37.748882+08:00","level":"INFO","msg":"HTTP 访问","method":"GET","path":"/api/video/info","status":200,"latency":"25.333ms","ip":"::1","trace_id":"b23dee93c781950b84aaa4b7"}
{"time":"2026-08-23T13:20:37.7604745+08:00","level":"WARN","msg":"视频探测失败","file_id":2600,"path":"Y:\\StudyMaterials\\学习资料\\皮鑫达大礼包\\网课\\1、黑马程序员Java项目《苍穹外卖》企业级开发实战\\视频\\day01\\Day01-09-开发环境搭建_后端环境搭建_前后端联调_Nginx反向代理和负载均衡概念.mp4","error":"exec: \"ffprobe\": executable file not found in %PATH%"}
{"time":"2026-08-23T13:20:37.7604745+08:00","level":"INFO","msg":"HTTP 访问","method":"GET","path":"/api/video/info","status":200,"latency":"17.6059ms","ip":"::1","trace_id":"5f93b9c6cba662358a80530e"}
{"time":"2026-08-23T13:20:37.7703318+08:00","level":"WARN","msg":"视频探测失败","file_id":2601,"path":"Y:\\StudyMaterials\\学习资料\\皮鑫达大礼包\\网课\\1、黑马程序员Java项目《苍穹外卖》企业级开发实战\\视频\\day01\\Day01-10-开发环境搭建_后端环境搭建_前后端联调_Nginx反向代理和负载均衡配置.mp4","error":"exec: \"ffprobe\": executable file not found in %PATH%"}
{"time":"2026-08-23T13:20:37.7703318+08:00","level":"INFO","msg":"HTTP 访问","method":"GET","path":"/api/video/info","status":200,"latency":"20.9232ms","ip":"::1","trace_id":"bf9049e49797dcec865dd44e"}
{"time":"2026-08-23T13:20:37.773462+08:00","level":"WARN","msg":"视频探测失败","file_id":2603,"path":"Y:\\StudyMaterials\\学习资料\\皮鑫达大礼包\\网课\\1、黑马程序员Java项目《苍穹外卖》企业级开发实战\\视频\\day01\\Day01-12-导入接口文档.mp4","error":"exec: \"ffprobe\": executable file not found in %PATH%"}
{"time":"2026-08-23T13:20:37.7739848+08:00","level":"INFO","msg":"HTTP 访问","method":"GET","path":"/api/video/info","status":200,"latency":"23.0148ms","ip":"::1","trace_id":"b88542e9f8cb8158d3d76076"}
{"time":"2026-08-23T13:20:37.7739848+08:00","level":"WARN","msg":"视频探测失败","file_id":2602,"path":"Y:\\StudyMaterials\\学习资料\\皮鑫达大礼包\\网课\\1、黑马程序员Java项目《苍穹外卖》企业级开发实战\\视频\\day01\\Day01-11-开发环境搭建_完善登录功能.mp4","error":"exec: \"ffprobe\": executable file not found in %PATH%"}
{"time":"2026-08-23T13:20:37.7739848+08:00","level":"INFO","msg":"HTTP 访问","method":"GET","path":"/api/video/info","status":200,"latency":"24.0573ms","ip":"::1","trace_id":"5af9e411b65d90086923048e"}
{"time":"2026-08-23T13:20:37.7803889+08:00","level":"WARN","msg":"视频探测失败","file_id":2604,"path":"Y:\\StudyMaterials\\学习资料\\皮鑫达大礼包\\网课\\1、黑马程序员Java项目《苍穹外卖》企业级开发实战\\视频\\day01\\Day01-13-Swagger_介绍和使用方式.mp4","error":"exec: \"ffprobe\": executable file not found in %PATH%"}
{"time":"2026-08-23T13:20:37.7803889+08:00","level":"INFO","msg":"HTTP 访问","method":"GET","path":"/api/video/info","status":200,"latency":"17.8344ms","ip":"::1","trace_id":"c12c0ec59aa94619c4834bf3"}
{"time":"2026-08-23T13:20:37.8043461+08:00","level":"WARN","msg":"视频探测失败","file_id":2605,"path":"Y:\\StudyMaterials\\学习资料\\皮鑫达大礼包\\网课\\1、黑马程序员Java项目《苍穹外卖》企业级开发实战\\视频\\day01\\Day01-14-Swagger_常用注解.mp4","error":"exec: \"ffprobe\": executable file not found in %PATH%"}
{"time":"2026-08-23T13:20:37.8043461+08:00","level":"WARN","msg":"视频探测失败","file_id":2606,"path":"Y:\\StudyMaterials\\学习资料\\皮鑫达大礼包\\网课\\1、黑马程序员Java项目《苍穹外卖》企业级开发实战\\视频\\day01\\苍穹外卖课程导学.mp4","error":"exec: \"ffprobe\": executable file not found in %PATH%"}
{"time":"2026-08-23T13:20:37.8043461+08:00","level":"INFO","msg":"HTTP 访问","method":"GET","path":"/api/video/info","status":200,"latency":"30.8841ms","ip":"::1","trace_id":"5a6a611255ee5c6cd8425254"}
{"time":"2026-08-23T13:20:37.8043461+08:00","level":"INFO","msg":"HTTP 访问","method":"GET","path":"/api/video/info","status":200,"latency":"28.1798ms","ip":"::1","trace_id":"e5f6034e6c1760b4fad0be56"}
{"time":"2026-08-23T13:20:40.7549184+08:00","level":"INFO","msg":"HTTP 访问","method":"GET","path":"/api/system/status","status":200,"latency":"203.8517ms","ip":"::1","trace_id":"584055d5726449a5f50b9311"}
{"time":"2026-08-23T13:20:46.4295671+08:00","level":"INFO","msg":"HTTP 访问","method":"GET","path":"/api/system/status","status":200,"latency":"205.7646ms","ip":"::1","trace_id":"ac6a5a8edd775338f7e4bc7d"}
{"time":"2026-08-23T13:20:51.43103+08:00","level":"INFO","msg":"HTTP 访问","method":"GET","path":"/api/system/status","status":200,"latency":"202.9373ms","ip":"::1","trace_id":"96e390a48c3693b6b5e2196f"}
{"time":"2026-08-23T13:20:55.7543884+08:00","level":"INFO","msg":"HTTP 访问","method":"GET","path":"/api/system/status","status":200,"latency":"203.2924ms","ip":"::1","trace_id":"5007da98956e6e9974e4de59"}
{"time":"2026-08-23T13:21:00.751133+08:00","level":"INFO","msg":"HTTP 访问","method":"GET","path":"/api/system/status","status":200,"latency":"203.0866ms","ip":"::1","trace_id":"29c95dd5e5e9a940ece5e6d3"}
{"time":"2026-08-23T13:21:05.7474176+08:00","level":"INFO","msg":"HTTP 访问","method":"GET","path":"/api/system/status","status":200,"latency":"205.7395ms","ip":"::1","trace_id":"1568fdcebcc13fdb576d66a3"}
{"time":"2026-08-23T13:21:05.9536611+08:00","level":"INFO","msg":"HTTP 访问","method":"GET","path":"/api/system/status","status":200,"latency":"205.1259ms","ip":"::1","trace_id":"e60221f5a19abc08061adff2"}
{"time":"2026-08-23T13:21:09.4204854+08:00","level":"INFO","msg":"HTTP 访问","method":"GET","path":"/api/system/status","status":200,"latency":"203.1342ms","ip":"::1","trace_id":"29429201586da64a6d4f84bc"}
{"time":"2026-08-23T13:21:09.6253801+08:00","level":"INFO","msg":"HTTP 访问","method":"GET","path":"/api/system/status","status":200,"latency":"203.8533ms","ip":"::1","trace_id":"1fda6cb1e720906d8159ba93"}
{"time":"2026-08-23T13:21:11.416769+08:00","level":"INFO","msg":"HTTP 访问","method":"GET","path":"/api/system/status","status":200,"latency":"203.382ms","ip":"::1","trace_id":"aefa897c0a7c02e407c2e41a"}
{"time":"2026-08-23T13:21:16.4234885+08:00","level":"INFO","msg":"HTTP 访问","method":"GET","path":"/api/system/status","status":200,"latency":"205.1736ms","ip":"::1","trace_id":"653f55ce83f808ebd009ba35"}
{"time":"2026-08-23T13:21:21.1753878+08:00","level":"INFO","msg":"收到退出信号，开始优雅关闭"}
{"time":"2026-08-23T13:21:21.17589+08:00","level":"INFO","msg":"定时任务调度器已停止"}
{"time":"2026-08-23T13:21:21.17589+08:00","level":"INFO","msg":"定时任务调度器已停止"}
{"time":"2026-08-23T13:21:21.1764175+08:00","level":"INFO","msg":"WebSocket Hub 已关闭"}
{"time":"2026-08-23T19:43:51.2116721+08:00","level":"WARN","msg":"默认主人账号已就绪","username":"admin","role":"master","id":0,"提示":"主人密码仅可通过 config.toml 的 [auth] 段修改"}
{"time":"2026-08-23T19:43:51.2212112+08:00","level":"INFO","msg":"定时任务调度器已启动","count":0}
{"time":"2026-08-23T19:43:51.2227138+08:00","level":"INFO","msg":"异步任务 Worker 已启动","size":4}
{"time":"2026-08-23T19:43:51.2305879+08:00","level":"WARN","msg":"MQTT 连接失败（降级运行，仅支持本地设备）","broker":"tcp://localhost:1883","error":"连接 MQTT broker 失败: dial tcp :1883: connectex: No connection could be made because the target machine actively refused it."}
{"time":"2026-08-23T19:43:51.2305879+08:00","level":"INFO","msg":"定时任务调度器已启动","count":0}
{"time":"2026-08-23T19:43:51.2305879+08:00","level":"INFO","msg":"IoT 服务已启动"}
{"time":"2026-08-23T19:43:51.2311065+08:00","level":"INFO","msg":"WebDAV 已挂载","prefix":"/dav"}
{"time":"2026-08-23T19:43:51.2311065+08:00","level":"INFO","msg":"HTTP 服务启动","addr":":8080"}
{"time":"2026-08-23T19:44:02.5122907+08:00","level":"INFO","msg":"HTTP 访问","method":"GET","path":"/api/system/status","status":401,"latency":"0s","ip":"::1","trace_id":"ba1e2bcfc1dffa9df8fe1cb6"}
{"time":"2026-08-23T19:44:02.5143184+08:00","level":"INFO","msg":"HTTP 访问","method":"GET","path":"/api/system/status","status":401,"latency":"0s","ip":"::1","trace_id":"89bd985574f5310f258f1002"}
{"time":"2026-08-23T19:44:04.0615626+08:00","level":"INFO","msg":"HTTP 访问","method":"POST","path":"/api/auth/login","status":200,"latency":"42.3482ms","ip":"::1","trace_id":"6e19c0dc2c4e9aec22b74909"}
{"time":"2026-08-23T19:44:04.0646174+08:00","level":"INFO","msg":"HTTP 访问","method":"GET","path":"/api/auth/me","status":200,"latency":"0s","ip":"::1","trace_id":"740b3da313c77fbd422fe82d"}
{"time":"2026-08-23T19:44:04.0678419+08:00","level":"INFO","msg":"HTTP 访问","method":"GET","path":"/api/admin/settings","status":200,"latency":"0s","ip":"::1","trace_id":"b446cbb945f8f16c5627bb98"}
{"time":"2026-08-23T19:44:04.2844147+08:00","level":"INFO","msg":"HTTP 访问","method":"GET","path":"/api/system/status","status":200,"latency":"209.5336ms","ip":"::1","trace_id":"b15f763deffd5493240b77ae"}
{"time":"2026-08-23T19:44:04.4959313+08:00","level":"INFO","msg":"HTTP 访问","method":"GET","path":"/api/system/status","status":200,"latency":"205.7894ms","ip":"::1","trace_id":"4a614b4e36bcf6833f935690"}
{"time":"2026-08-23T19:44:06.4528974+08:00","level":"INFO","msg":"HTTP 访问","method":"GET","path":"/api/files","status":200,"latency":"502.5µs","ip":"::1","trace_id":"9578636b08a7e0feebf206f2"}
{"time":"2026-08-23T19:44:06.5187161+08:00","level":"INFO","msg":"HTTP 访问","method":"GET","path":"/api/storage/stats","status":200,"latency":"60.6673ms","ip":"::1","trace_id":"7f28f588268e084f7acc5659"}
{"time":"2026-08-23T19:44:08.1378416+08:00","level":"INFO","msg":"HTTP 访问","method":"GET","path":"/api/files","status":200,"latency":"1.0872ms","ip":"::1","trace_id":"ce1bc51a2e3f984bb2d28586"}
{"time":"2026-08-23T19:44:08.1933637+08:00","level":"INFO","msg":"HTTP 访问","method":"GET","path":"/api/storage/stats","status":200,"latency":"52.8171ms","ip":"::1","trace_id":"198dc140e4db4401b32f20ec"}
{"time":"2026-08-23T19:44:09.2847045+08:00","level":"INFO","msg":"HTTP 访问","method":"GET","path":"/api/system/status","status":200,"latency":"206.6899ms","ip":"::1","trace_id":"e2019da5904906deb7c0b824"}
{"time":"2026-08-23T19:44:11.5042125+08:00","level":"INFO","msg":"HTTP 访问","method":"GET","path":"/api/files","status":200,"latency":"3.5822ms","ip":"::1","trace_id":"1a8b246b542ed02cee3abbdf"}
{"time":"2026-08-23T19:44:11.5578714+08:00","level":"INFO","msg":"HTTP 访问","method":"GET","path":"/api/storage/stats","status":200,"latency":"49.992ms","ip":"::1","trace_id":"a910f2b6ad2e99d2305872db"}
{"time":"2026-08-23T19:44:12.5233386+08:00","level":"INFO","msg":"HTTP 访问","method":"GET","path":"/api/system/status","status":200,"latency":"206.2129ms","ip":"::1","trace_id":"0c6465bf7a17219fb6b65bea"}
{"time":"2026-08-23T19:44:12.7371595+08:00","level":"INFO","msg":"HTTP 访问","method":"GET","path":"/api/system/status","status":200,"latency":"211.1688ms","ip":"::1","trace_id":"47b094645491525b08a2e627"}
{"time":"2026-08-23T19:44:12.8610894+08:00","level":"INFO","msg":"HTTP 访问","method":"GET","path":"/api/files","status":200,"latency":"1.5104ms","ip":"::1","trace_id":"b972a7b35aa4e2dd624f547f"}
{"time":"2026-08-23T19:44:12.9159098+08:00","level":"INFO","msg":"HTTP 访问","method":"GET","path":"/api/storage/stats","status":200,"latency":"50.9666ms","ip":"::1","trace_id":"cf18c80ce6247eb9f2f2abe9"}
{"time":"2026-08-23T19:44:13.8163394+08:00","level":"INFO","msg":"HTTP 访问","method":"GET","path":"/api/files","status":200,"latency":"1.5421ms","ip":"::1","trace_id":"c49dd71cd9fef82c29ba1e6a"}
{"time":"2026-08-23T19:44:13.8656596+08:00","level":"INFO","msg":"HTTP 访问","method":"GET","path":"/api/storage/stats","status":200,"latency":"47.7956ms","ip":"::1","trace_id":"bf81348a3eadb017527507b5"}
{"time":"2026-08-23T19:44:14.2824311+08:00","level":"INFO","msg":"HTTP 访问","method":"GET","path":"/api/system/status","status":200,"latency":"205.6678ms","ip":"::1","trace_id":"0155b04408053816e8da91ae"}
{"time":"2026-08-23T19:44:15.4310997+08:00","level":"INFO","msg":"HTTP 访问","method":"GET","path":"/api/files","status":200,"latency":"5.295ms","ip":"::1","trace_id":"318dcb03902762699d7c5a48"}
{"time":"2026-08-23T19:44:15.4840598+08:00","level":"INFO","msg":"HTTP 访问","method":"GET","path":"/api/storage/stats","status":200,"latency":"48.7328ms","ip":"::1","trace_id":"6389e701a68b3f197b666023"}
{"time":"2026-08-23T19:44:16.5358326+08:00","level":"INFO","msg":"HTTP 访问","method":"GET","path":"/api/files","status":200,"latency":"18.1082ms","ip":"::1","trace_id":"1c633e827b7bb5abc877b054"}
{"time":"2026-08-23T19:44:16.5877402+08:00","level":"INFO","msg":"HTTP 访问","method":"GET","path":"/api/storage/stats","status":200,"latency":"48.3636ms","ip":"::1","trace_id":"fdef7dbd0daf551ae3c25500"}
{"time":"2026-08-23T19:44:19.2789751+08:00","level":"INFO","msg":"HTTP 访问","method":"GET","path":"/api/system/status","status":200,"latency":"205.7676ms","ip":"::1","trace_id":"ad8d26a38843370c991564f3"}
{"time":"2026-08-23T19:44:22.21559+08:00","level":"INFO","msg":"HTTP 访问","method":"GET","path":"/api/files/2592/versions","status":200,"latency":"0s","ip":"::1","trace_id":"880a800db7e1b9af51c66cf9"}
{"time":"2026-08-23T19:44:24.2893985+08:00","level":"INFO","msg":"HTTP 访问","method":"GET","path":"/api/system/status","status":200,"latency":"205.764ms","ip":"::1","trace_id":"d09d62ef5642b4999c833993"}
{"time":"2026-08-23T19:44:29.2875139+08:00","level":"INFO","msg":"HTTP 访问","method":"GET","path":"/api/system/status","status":200,"latency":"206.0281ms","ip":"::1","trace_id":"11a73ec610757e8095a6d532"}
{"time":"2026-08-23T19:44:34.2827929+08:00","level":"INFO","msg":"HTTP 访问","method":"GET","path":"/api/system/status","status":200,"latency":"206.6319ms","ip":"::1","trace_id":"3696d02032a5a8bc0de25361"}
{"time":"2026-08-23T19:44:39.5367245+08:00","level":"INFO","msg":"HTTP 访问","method":"GET","path":"/api/system/status","status":200,"latency":"209.4491ms","ip":"::1","trace_id":"16f8197f908d761475219f82"}
{"time":"2026-08-23T19:44:44.5395835+08:00","level":"INFO","msg":"HTTP 访问","method":"GET","path":"/api/system/status","status":200,"latency":"211.955ms","ip":"::1","trace_id":"de858a36e21e709ea2ee8795"}
{"time":"2026-08-23T19:44:49.5260137+08:00","level":"INFO","msg":"HTTP 访问","method":"GET","path":"/api/system/status","status":200,"latency":"208.0486ms","ip":"::1","trace_id":"fdc15682066b1c170ed93db4"}
{"time":"2026-08-23T19:44:54.523467+08:00","level":"INFO","msg":"HTTP 访问","method":"GET","path":"/api/system/status","status":200,"latency":"207.7782ms","ip":"::1","trace_id":"6cb12360596fba8148851d01"}
{"time":"2026-08-23T19:44:59.5337923+08:00","level":"INFO","msg":"HTTP 访问","method":"GET","path":"/api/system/status","status":200,"latency":"206.7609ms","ip":"::1","trace_id":"3cc29187f0db9a8486696794"}
{"time":"2026-08-23T19:45:04.5347744+08:00","level":"INFO","msg":"HTTP 访问","method":"GET","path":"/api/system/status","status":200,"latency":"208.4127ms","ip":"::1","trace_id":"6fd2c1c4e3cd0e6fab3801ba"}
{"time":"2026-08-23T19:45:04.7413844+08:00","level":"INFO","msg":"HTTP 访问","method":"GET","path":"/api/system/status","status":200,"latency":"204.8519ms","ip":"::1","trace_id":"1c37c665e81f5da43929c3b6"}
{"time":"2026-08-23T19:45:09.5330785+08:00","level":"INFO","msg":"HTTP 访问","method":"GET","path":"/api/system/status","status":200,"latency":"203.8287ms","ip":"::1","trace_id":"03d37a57fa05678fcdd657eb"}
{"time":"2026-08-23T19:45:12.5314821+08:00","level":"INFO","msg":"HTTP 访问","method":"GET","path":"/api/system/status","status":200,"latency":"204.5369ms","ip":"::1","trace_id":"50e632726185d4450985caa0"}
{"time":"2026-08-23T19:45:12.7406465+08:00","level":"INFO","msg":"HTTP 访问","method":"GET","path":"/api/system/status","status":200,"latency":"205.1017ms","ip":"::1","trace_id":"40c2760b9d1544602286bf36"}
{"time":"2026-08-23T19:45:14.5199528+08:00","level":"INFO","msg":"HTTP 访问","method":"GET","path":"/api/system/status","status":200,"latency":"203.0972ms","ip":"::1","trace_id":"30b4b71080e184958ec8eb2d"}
{"time":"2026-08-23T19:45:19.5261346+08:00","level":"INFO","msg":"HTTP 访问","method":"GET","path":"/api/system/status","status":200,"latency":"206.6728ms","ip":"::1","trace_id":"8e433c12713db1731ba97a40"}
{"time":"2026-08-23T19:45:24.2775+08:00","level":"INFO","msg":"HTTP 访问","method":"GET","path":"/api/system/status","status":200,"latency":"203.0051ms","ip":"::1","trace_id":"9af7c5482c335996a36fdc55"}
{"time":"2026-08-23T19:45:29.527159+08:00","level":"INFO","msg":"HTTP 访问","method":"GET","path":"/api/system/status","status":200,"latency":"204.9963ms","ip":"::1","trace_id":"60f8a98054efb8203e946c5a"}
{"time":"2026-08-23T19:45:34.5271743+08:00","level":"INFO","msg":"HTTP 访问","method":"GET","path":"/api/system/status","status":200,"latency":"202.8619ms","ip":"::1","trace_id":"ac5958b3b54f2ef130887865"}
{"time":"2026-08-23T19:45:34.7282141+08:00","level":"INFO","msg":"收到退出信号，开始优雅关闭"}
{"time":"2026-08-23T19:45:34.7288949+08:00","level":"INFO","msg":"定时任务调度器已停止"}
{"time":"2026-08-23T19:45:34.7288949+08:00","level":"INFO","msg":"定时任务调度器已停止"}
{"time":"2026-08-23T19:45:34.7288949+08:00","level":"INFO","msg":"WebSocket Hub 已关闭"}
{"time":"2026-08-23T19:45:37.2946562+08:00","level":"WARN","msg":"默认主人账号已就绪","username":"admin","role":"master","id":0,"提示":"主人密码仅可通过 config.toml 的 [auth] 段修改"}
{"time":"2026-08-23T19:45:37.2951769+08:00","level":"INFO","msg":"定时任务调度器已启动","count":0}
{"time":"2026-08-23T19:45:37.2951769+08:00","level":"INFO","msg":"异步任务 Worker 已启动","size":4}
{"time":"2026-08-23T19:45:37.2987551+08:00","level":"WARN","msg":"MQTT 连接失败（降级运行，仅支持本地设备）","broker":"tcp://localhost:1883","error":"连接 MQTT broker 失败: dial tcp :1883: connectex: No connection could be made because the target machine actively refused it."}
{"time":"2026-08-23T19:45:37.2987551+08:00","level":"INFO","msg":"定时任务调度器已启动","count":0}
{"time":"2026-08-23T19:45:37.2987551+08:00","level":"INFO","msg":"IoT 服务已启动"}
{"time":"2026-08-23T19:45:37.2997912+08:00","level":"INFO","msg":"WebDAV 已挂载","prefix":"/dav"}
{"time":"2026-08-23T19:45:37.2997912+08:00","level":"INFO","msg":"HTTP 服务启动","addr":":8080"}
{"time":"2026-08-23T19:45:39.5234667+08:00","level":"INFO","msg":"HTTP 访问","method":"GET","path":"/api/system/status","status":200,"latency":"205.8142ms","ip":"::1","trace_id":"697246fa8a3f38d74eb102a3"}
{"time":"2026-08-23T19:45:40.6744997+08:00","level":"INFO","msg":"HTTP 访问","method":"GET","path":"/","status":304,"latency":"0s","ip":"::1","trace_id":"0191d5a3674c255ea23f9fa4"}
{"time":"2026-08-23T19:45:40.7080916+08:00","level":"INFO","msg":"HTTP 访问","method":"GET","path":"/css/style.css","status":304,"latency":"506.2µs","ip":"::1","trace_id":"fea38e119726ba8e5ffe41b4"}
{"time":"2026-08-23T19:45:40.7602615+08:00","level":"INFO","msg":"HTTP 访问","method":"GET","path":"/js/app.js","status":200,"latency":"43.7212ms","ip":"::1","trace_id":"67698c7ac94f6e30932ec1bc"}
{"time":"2026-08-23T19:45:40.7983616+08:00","level":"INFO","msg":"HTTP 访问","method":"GET","path":"/js/video-js-8.24.0/video-js.min.css","status":304,"latency":"87.6341ms","ip":"::1","trace_id":"060b145f4f8abee4be05d815"}
{"time":"2026-08-23T19:45:40.8849428+08:00","level":"INFO","msg":"HTTP 访问","method":"GET","path":"/js/video-js-8.24.0/video.min.js","status":304,"latency":"168.92ms","ip":"::1","trace_id":"6f2165471fa220a7cdf4b427"}
{"time":"2026-08-23T19:45:40.9155333+08:00","level":"INFO","msg":"HTTP 访问","method":"GET","path":"/api/auth/me","status":200,"latency":"0s","ip":"::1","trace_id":"50e0888427b3ee82c474f7c3"}
{"time":"2026-08-23T19:45:40.9739791+08:00","level":"INFO","msg":"HTTP 访问","method":"GET","path":"/api/admin/settings","status":200,"latency":"0s","ip":"::1","trace_id":"2f380bbf8ebcc98d62c0ccae"}
{"time":"2026-08-23T19:45:40.9942744+08:00","level":"INFO","msg":"HTTP 访问","method":"GET","path":"/favicon.ico","status":304,"latency":"514µs","ip":"::1","trace_id":"e17c5f6e2cb8100114f34de3"}
{"time":"2026-08-23T19:45:41.1977698+08:00","level":"INFO","msg":"HTTP 访问","method":"GET","path":"/api/system/status","status":200,"latency":"203.4954ms","ip":"::1","trace_id":"7f47ff300900c4965a14de25"}
{"time":"2026-08-23T19:45:41.4056989+08:00","level":"INFO","msg":"HTTP 访问","method":"GET","path":"/api/system/status","status":200,"latency":"207.36ms","ip":"::1","trace_id":"2e11614b54b3fcad77a0ffe7"}
{"time":"2026-08-23T19:45:42.5797077+08:00","level":"INFO","msg":"HTTP 访问","method":"GET","path":"/api/admin/settings","status":200,"latency":"0s","ip":"::1","trace_id":"762b94635dc48d383d724192"}
{"time":"2026-08-23T19:45:42.5797077+08:00","level":"INFO","msg":"HTTP 访问","method":"GET","path":"/api/admin/users","status":200,"latency":"0s","ip":"::1","trace_id":"c07ce64cdb15e212252b99dd"}
{"time":"2026-08-23T19:45:42.5797077+08:00","level":"INFO","msg":"HTTP 访问","method":"GET","path":"/api/plugins","status":200,"latency":"0s","ip":"::1","trace_id":"14a4271e35384054c8730358"}
{"time":"2026-08-23T19:45:45.5210686+08:00","level":"INFO","msg":"HTTP 访问","method":"GET","path":"/api/system/status","status":200,"latency":"207.1512ms","ip":"::1","trace_id":"0add0b36077046b0e9e898a4"}
{"time":"2026-08-23T19:45:45.7246871+08:00","level":"INFO","msg":"HTTP 访问","method":"GET","path":"/api/system/status","status":200,"latency":"203.1097ms","ip":"::1","trace_id":"4dbe793420383bb647bd29d0"}
{"time":"2026-08-23T19:45:45.8195248+08:00","level":"INFO","msg":"HTTP 访问","method":"GET","path":"/api/files","status":200,"latency":"41.9473ms","ip":"::1","trace_id":"c934e3a16b0cda0720d5dfee"}
{"time":"2026-08-23T19:45:45.853963+08:00","level":"INFO","msg":"HTTP 访问","method":"GET","path":"/api/storage/stats","status":200,"latency":"31.3809ms","ip":"::1","trace_id":"8526324d48b5554756360d7e"}
{"time":"2026-08-23T19:45:47.6596742+08:00","level":"INFO","msg":"HTTP 访问","method":"GET","path":"/api/files","status":200,"latency":"8.0374ms","ip":"::1","trace_id":"cd20b059c4fb4df560539fca"}
{"time":"2026-08-23T19:45:47.689439+08:00","level":"INFO","msg":"HTTP 访问","method":"GET","path":"/api/storage/stats","status":200,"latency":"26.7512ms","ip":"::1","trace_id":"8cf23528b9757aa3478463de"}
{"time":"2026-08-23T19:45:50.5305616+08:00","level":"INFO","msg":"HTTP 访问","method":"GET","path":"/api/system/status","status":200,"latency":"204.3691ms","ip":"::1","trace_id":"580ad3287309be52d7f5a075"}
{"time":"2026-08-23T19:45:51.3245472+08:00","level":"INFO","msg":"HTTP 访问","method":"GET","path":"/api/files","status":200,"latency":"3.1202ms","ip":"::1","trace_id":"169dfe13182ba22516f918c3"}
{"time":"2026-08-23T19:45:51.361851+08:00","level":"INFO","msg":"HTTP 访问","method":"GET","path":"/api/storage/stats","status":200,"latency":"33.3968ms","ip":"::1","trace_id":"14c39bda48df5a2e41d13e34"}
{"time":"2026-08-23T19:45:53.7317597+08:00","level":"INFO","msg":"HTTP 访问","method":"GET","path":"/api/files","status":200,"latency":"40.442ms","ip":"::1","trace_id":"6929f22e0be304f29fc1edde"}
{"time":"2026-08-23T19:45:53.7591279+08:00","level":"INFO","msg":"HTTP 访问","method":"GET","path":"/api/storage/stats","status":200,"latency":"25.3406ms","ip":"::1","trace_id":"19f9941978ab633a5939b5c1"}
{"time":"2026-08-23T19:45:55.034763+08:00","level":"INFO","msg":"HTTP 访问","method":"GET","path":"/api/files","status":200,"latency":"1.0269ms","ip":"::1","trace_id":"686786096197514adc52c4bb"}
{"time":"2026-08-23T19:45:55.0684433+08:00","level":"INFO","msg":"HTTP 访问","method":"GET","path":"/api/storage/stats","status":200,"latency":"29.4401ms","ip":"::1","trace_id":"5e5d7bbb4d76ee1276b7de4b"}
{"time":"2026-08-23T19:45:55.520347+08:00","level":"INFO","msg":"HTTP 访问","method":"GET","path":"/api/system/status","status":200,"latency":"204.4396ms","ip":"::1","trace_id":"69758c8a2820ee42f3fe4333"}
{"time":"2026-08-23T19:45:56.2592366+08:00","level":"INFO","msg":"HTTP 访问","method":"GET","path":"/api/files","status":200,"latency":"504.5µs","ip":"::1","trace_id":"f9176bc137e924f45dc44af5"}
{"time":"2026-08-23T19:45:56.286031+08:00","level":"INFO","msg":"HTTP 访问","method":"GET","path":"/api/storage/stats","status":200,"latency":"24.2499ms","ip":"::1","trace_id":"57649e5962b3ba774e8db57c"}
{"time":"2026-08-23T19:45:57.3448518+08:00","level":"INFO","msg":"HTTP 访问","method":"GET","path":"/api/files","status":200,"latency":"1.1113ms","ip":"::1","trace_id":"975e99aefc5497bf4af88183"}
{"time":"2026-08-23T19:45:57.3793971+08:00","level":"INFO","msg":"HTTP 访问","method":"GET","path":"/api/storage/stats","status":200,"latency":"31.4991ms","ip":"::1","trace_id":"712fc5f1e2cd4481a066598b"}
{"time":"2026-08-23T19:45:58.4267483+08:00","level":"INFO","msg":"HTTP 访问","method":"GET","path":"/api/files","status":200,"latency":"2.0581ms","ip":"::1","trace_id":"97ebf7d644fbf3f4199a8f55"}
{"time":"2026-08-23T19:45:58.4568225+08:00","level":"INFO","msg":"HTTP 访问","method":"GET","path":"/api/storage/stats","status":200,"latency":"25.4852ms","ip":"::1","trace_id":"8b98422ae12a11459060d698"}
{"time":"2026-08-23T19:45:59.7903867+08:00","level":"INFO","msg":"HTTP 访问","method":"GET","path":"/api/files","status":200,"latency":"0s","ip":"::1","trace_id":"2d67f127c1b61006ffb0cfb5"}
{"time":"2026-08-23T19:45:59.8259201+08:00","level":"INFO","msg":"HTTP 访问","method":"GET","path":"/api/storage/stats","status":200,"latency":"30.9779ms","ip":"::1","trace_id":"e27e907ec922150cdc49c144"}
{"time":"2026-08-23T19:46:00.5035047+08:00","level":"INFO","msg":"HTTP 访问","method":"GET","path":"/api/files","status":200,"latency":"1.0177ms","ip":"::1","trace_id":"1335971bb5af76aaf4f4c12f"}
{"time":"2026-08-23T19:46:00.5176812+08:00","level":"INFO","msg":"HTTP 访问","method":"GET","path":"/api/system/status","status":200,"latency":"202.9292ms","ip":"::1","trace_id":"20bcd70d9f9bf811a75c99d6"}
{"time":"2026-08-23T19:46:00.5374769+08:00","level":"INFO","msg":"HTTP 访问","method":"GET","path":"/api/storage/stats","status":200,"latency":"31.9412ms","ip":"::1","trace_id":"8d1e7c3b79858162ebe80a1e"}
{"time":"2026-08-23T19:46:01.946387+08:00","level":"INFO","msg":"HTTP 访问","method":"GET","path":"/api/files","status":200,"latency":"2.0832ms","ip":"::1","trace_id":"140db928c1232d1d2bad8355"}
{"time":"2026-08-23T19:46:01.974759+08:00","level":"INFO","msg":"HTTP 访问","method":"GET","path":"/api/storage/stats","status":200,"latency":"26.3211ms","ip":"::1","trace_id":"57aedca8c45934dff82cd780"}
{"time":"2026-08-23T19:46:02.6987114+08:00","level":"INFO","msg":"HTTP 访问","method":"GET","path":"/api/files","status":200,"latency":"1.0283ms","ip":"::1","trace_id":"549cea272fb589d1dbff0c9b"}
{"time":"2026-08-23T19:46:02.7321791+08:00","level":"WARN","msg":"视频探测失败","file_id":2592,"path":"Y:\\StudyMaterials\\学习资料\\皮鑫达大礼包\\网课\\1、黑马程序员Java项目《苍穹外卖》企业级开发实战\\视频\\day01\\Day01-01-项目效果展示.mp4","error":"exec: \"ffprobe\": executable file not found in %PATH%"}
{"time":"2026-08-23T19:46:02.7326931+08:00","level":"INFO","msg":"HTTP 访问","method":"GET","path":"/api/video/info","status":200,"latency":"21.0817ms","ip":"::1","trace_id":"4c7d9c1d8183323c832b2e44"}
{"time":"2026-08-23T19:46:02.7347849+08:00","level":"WARN","msg":"视频探测失败","file_id":2593,"path":"Y:\\StudyMaterials\\学习资料\\皮鑫达大礼包\\网课\\1、黑马程序员Java项目《苍穹外卖》企业级开发实战\\视频\\day01\\Day01-02-软件开发整体介绍.mp4","error":"exec: \"ffprobe\": executable file not found in %PATH%"}
{"time":"2026-08-23T19:46:02.7347849+08:00","level":"INFO","msg":"HTTP 访问","method":"GET","path":"/api/video/info","status":200,"latency":"23.1735ms","ip":"::1","trace_id":"21835dfd12f0b1eb218b80f0"}
{"time":"2026-08-23T19:46:02.7347849+08:00","level":"WARN","msg":"视频探测失败","file_id":2595,"path":"Y:\\StudyMaterials\\学习资料\\皮鑫达大礼包\\网课\\1、黑马程序员Java项目《苍穹外卖》企业级开发实战\\视频\\day01\\Day01-04-开发环境搭建_前端环境搭建.mp4","error":"exec: \"ffprobe\": executable file not found in %PATH%"}
{"time":"2026-08-23T19:46:02.7353101+08:00","level":"INFO","msg":"HTTP 访问","method":"GET","path":"/api/video/info","status":200,"latency":"23.6987ms","ip":"::1","trace_id":"9ea8402b75bfea6e2d55c7cb"}
{"time":"2026-08-23T19:46:02.7385479+08:00","level":"WARN","msg":"视频探测失败","file_id":2594,"path":"Y:\\StudyMaterials\\学习资料\\皮鑫达大礼包\\网课\\1、黑马程序员Java项目《苍穹外卖》企业级开发实战\\视频\\day01\\Day01-03-苍穹外卖项目介绍.mp4","error":"exec: \"ffprobe\": executable file not found in %PATH%"}
{"time":"2026-08-23T19:46:02.7394416+08:00","level":"INFO","msg":"HTTP 访问","method":"GET","path":"/api/video/info","status":200,"latency":"27.8302ms","ip":"::1","trace_id":"ec9324436b7803f256e9cb58"}
{"time":"2026-08-23T19:46:02.7510708+08:00","level":"INFO","msg":"HTTP 访问","method":"GET","path":"/api/storage/stats","status":200,"latency":"39.4594ms","ip":"::1","trace_id":"446fb49d39e7c48e8d4281e0"}
{"time":"2026-08-23T19:46:02.7521399+08:00","level":"WARN","msg":"视频探测失败","file_id":2596,"path":"Y:\\StudyMaterials\\学习资料\\皮鑫达大礼包\\网课\\1、黑马程序员Java项目《苍穹外卖》企业级开发实战\\视频\\day01\\Day01-05-开发环境搭建_后端环境搭建_熟悉项目结构.mp4","error":"exec: \"ffprobe\": executable file not found in %PATH%"}
{"time":"2026-08-23T19:46:02.7526533+08:00","level":"INFO","msg":"HTTP 访问","method":"GET","path":"/api/video/info","status":200,"latency":"17.8684ms","ip":"::1","trace_id":"1139f4d5f98f214aaecb3688"}
{"time":"2026-08-23T19:46:02.7559393+08:00","level":"WARN","msg":"视频探测失败","file_id":2598,"path":"Y:\\StudyMaterials\\学习资料\\皮鑫达大礼包\\网课\\1、黑马程序员Java项目《苍穹外卖》企业级开发实战\\视频\\day01\\Day01-07-开发环境搭建_后端环境搭建_数据库环境搭建.mp4","error":"exec: \"ffprobe\": executable file not found in %PATH%"}
{"time":"2026-08-23T19:46:02.7564657+08:00","level":"INFO","msg":"HTTP 访问","method":"GET","path":"/api/video/info","status":200,"latency":"17.9178ms","ip":"::1","trace_id":"8e380066b5d7412addbf96fe"}
{"time":"2026-08-23T19:46:02.7585645+08:00","level":"WARN","msg":"视频探测失败","file_id":2599,"path":"Y:\\StudyMaterials\\学习资料\\皮鑫达大礼包\\网课\\1、黑马程序员Java项目《苍穹外卖》企业级开发实战\\视频\\day01\\Day01-08-开发环境搭建_后端环境搭建_前后端联调_通过断点调试熟悉项目代码特点.mp4","error":"exec: \"ffprobe\": executable file not found in %PATH%"}
{"time":"2026-08-23T19:46:02.7591025+08:00","level":"INFO","msg":"HTTP 访问","method":"GET","path":"/api/video/info","status":200,"latency":"16.9929ms","ip":"::1","trace_id":"03a8c5096a1cb9e36e20013c"}
{"time":"2026-08-23T19:46:02.7591025+08:00","level":"WARN","msg":"视频探测失败","file_id":2597,"path":"Y:\\StudyMaterials\\学习资料\\皮鑫达大礼包\\网课\\1、黑马程序员Java项目《苍穹外卖》企业级开发实战\\视频\\day01\\Day01-06-开发环境搭建_后端环境搭建_使用Git进行版本控制.mp4","error":"exec: \"ffprobe\": executable file not found in %PATH%"}
{"time":"2026-08-23T19:46:02.7591025+08:00","level":"INFO","msg":"HTTP 访问","method":"GET","path":"/api/video/info","status":200,"latency":"20.5546ms","ip":"::1","trace_id":"f9d8fbde0185dd5ba26bf327"}
{"time":"2026-08-23T19:46:02.7698989+08:00","level":"WARN","msg":"视频探测失败","file_id":2600,"path":"Y:\\StudyMaterials\\学习资料\\皮鑫达大礼包\\网课\\1、黑马程序员Java项目《苍穹外卖》企业级开发实战\\视频\\day01\\Day01-09-开发环境搭建_后端环境搭建_前后端联调_Nginx反向代理和负载均衡概念.mp4","error":"exec: \"ffprobe\": executable file not found in %PATH%"}
{"time":"2026-08-23T19:46:02.7698989+08:00","level":"INFO","msg":"HTTP 访问","method":"GET","path":"/api/video/info","status":200,"latency":"14.4862ms","ip":"::1","trace_id":"a591d526be4c055f0646ccd3"}
{"time":"2026-08-23T19:46:02.7745433+08:00","level":"WARN","msg":"视频探测失败","file_id":2601,"path":"Y:\\StudyMaterials\\学习资料\\皮鑫达大礼包\\网课\\1、黑马程序员Java项目《苍穹外卖》企业级开发实战\\视频\\day01\\Day01-10-开发环境搭建_后端环境搭建_前后端联调_Nginx反向代理和负载均衡配置.mp4","error":"exec: \"ffprobe\": executable file not found in %PATH%"}
{"time":"2026-08-23T19:46:02.7760492+08:00","level":"INFO","msg":"HTTP 访问","method":"GET","path":"/api/video/info","status":200,"latency":"16.9467ms","ip":"::1","trace_id":"f8a94e14c60c6a2a0405f03f"}
{"time":"2026-08-23T19:46:02.7790855+08:00","level":"WARN","msg":"视频探测失败","file_id":2603,"path":"Y:\\StudyMaterials\\学习资料\\皮鑫达大礼包\\网课\\1、黑马程序员Java项目《苍穹外卖》企业级开发实战\\视频\\day01\\Day01-12-导入接口文档.mp4","error":"exec: \"ffprobe\": executable file not found in %PATH%"}
{"time":"2026-08-23T19:46:02.7790855+08:00","level":"INFO","msg":"HTTP 访问","method":"GET","path":"/api/video/info","status":200,"latency":"17.847ms","ip":"::1","trace_id":"445c6d7937d40e66f6738064"}
{"time":"2026-08-23T19:46:02.7811421+08:00","level":"WARN","msg":"视频探测失败","file_id":2602,"path":"Y:\\StudyMaterials\\学习资料\\皮鑫达大礼包\\网课\\1、黑马程序员Java项目《苍穹外卖》企业级开发实战\\视频\\day01\\Day01-11-开发环境搭建_完善登录功能.mp4","error":"exec: \"ffprobe\": executable file not found in %PATH%"}
{"time":"2026-08-23T19:46:02.7811421+08:00","level":"INFO","msg":"HTTP 访问","method":"GET","path":"/api/video/info","status":200,"latency":"19.9036ms","ip":"::1","trace_id":"4713e77c408160d4dd82a6de"}
{"time":"2026-08-23T19:46:02.7900662+08:00","level":"WARN","msg":"视频探测失败","file_id":2604,"path":"Y:\\StudyMaterials\\学习资料\\皮鑫达大礼包\\网课\\1、黑马程序员Java项目《苍穹外卖》企业级开发实战\\视频\\day01\\Day01-13-Swagger_介绍和使用方式.mp4","error":"exec: \"ffprobe\": executable file not found in %PATH%"}
{"time":"2026-08-23T19:46:02.7900662+08:00","level":"INFO","msg":"HTTP 访问","method":"GET","path":"/api/video/info","status":200,"latency":"17.051ms","ip":"::1","trace_id":"b11afe466eaf198c0fce958e"}
{"time":"2026-08-23T19:46:02.7948131+08:00","level":"WARN","msg":"视频探测失败","file_id":2605,"path":"Y:\\StudyMaterials\\学习资料\\皮鑫达大礼包\\网课\\1、黑马程序员Java项目《苍穹外卖》企业级开发实战\\视频\\day01\\Day01-14-Swagger_常用注解.mp4","error":"exec: \"ffprobe\": executable file not found in %PATH%"}
{"time":"2026-08-23T19:46:02.7953242+08:00","level":"INFO","msg":"HTTP 访问","method":"GET","path":"/api/video/info","status":200,"latency":"16.7631ms","ip":"::1","trace_id":"3a31afa2314d54390af425d8"}
{"time":"2026-08-23T19:46:02.7974174+08:00","level":"WARN","msg":"视频探测失败","file_id":2606,"path":"Y:\\StudyMaterials\\学习资料\\皮鑫达大礼包\\网课\\1、黑马程序员Java项目《苍穹外卖》企业级开发实战\\视频\\day01\\苍穹外卖课程导学.mp4","error":"exec: \"ffprobe\": executable file not found in %PATH%"}
{"time":"2026-08-23T19:46:02.7974174+08:00","level":"INFO","msg":"HTTP 访问","method":"GET","path":"/api/video/info","status":200,"latency":"14.2149ms","ip":"::1","trace_id":"1e0ae4f9a1495d4343486cd8"}
{"time":"2026-08-23T19:46:05.5238951+08:00","level":"INFO","msg":"HTTP 访问","method":"GET","path":"/api/system/status","status":200,"latency":"203.5131ms","ip":"::1","trace_id":"28a103e9e3acdf56dab45d08"}
{"time":"2026-08-23T19:46:10.528399+08:00","level":"INFO","msg":"HTTP 访问","method":"GET","path":"/api/system/status","status":200,"latency":"207.5815ms","ip":"::1","trace_id":"1e225b1c2602b3a85250408d"}
{"time":"2026-08-23T19:46:12.5329216+08:00","level":"INFO","msg":"HTTP 访问","method":"GET","path":"/api/system/status","status":200,"latency":"206.913ms","ip":"::1","trace_id":"5aeb78497db5b6eb860bdcbc"}
{"time":"2026-08-23T19:46:12.738275+08:00","level":"INFO","msg":"HTTP 访问","method":"GET","path":"/api/system/status","status":200,"latency":"204.851ms","ip":"::1","trace_id":"87d37fa4e51ed3a53e21a461"}
{"time":"2026-08-23T19:46:15.5224045+08:00","level":"INFO","msg":"HTTP 访问","method":"GET","path":"/api/system/status","status":200,"latency":"204.4144ms","ip":"::1","trace_id":"2898f8ddbefe34a4cd44777c"}
{"time":"2026-08-23T19:46:20.5263934+08:00","level":"INFO","msg":"HTTP 访问","method":"GET","path":"/api/system/status","status":200,"latency":"203.6336ms","ip":"::1","trace_id":"11c1d62c5ab3d68e26944c39"}
{"time":"2026-08-23T19:46:25.5305929+08:00","level":"INFO","msg":"HTTP 访问","method":"GET","path":"/api/system/status","status":200,"latency":"204.1026ms","ip":"::1","trace_id":"57eabe8e3e40cf22ab296af3"}
{"time":"2026-08-23T19:46:30.520699+08:00","level":"INFO","msg":"HTTP 访问","method":"GET","path":"/api/system/status","status":200,"latency":"203.9959ms","ip":"::1","trace_id":"9d4bd3160b86ae6df293fdbe"}
{"time":"2026-08-23T19:46:35.5291086+08:00","level":"INFO","msg":"HTTP 访问","method":"GET","path":"/api/system/status","status":200,"latency":"207.9859ms","ip":"::1","trace_id":"d5c146695c7763a8f7f58c83"}
{"time":"2026-08-23T19:46:40.5327215+08:00","level":"INFO","msg":"HTTP 访问","method":"GET","path":"/api/system/status","status":200,"latency":"204.6131ms","ip":"::1","trace_id":"2e0f58f330b77ec299a7a82d"}
{"time":"2026-08-23T19:46:45.5236826+08:00","level":"INFO","msg":"HTTP 访问","method":"GET","path":"/api/system/status","status":200,"latency":"204.1307ms","ip":"::1","trace_id":"444653180d4a64bad0f2b554"}
{"time":"2026-08-23T19:46:45.7285452+08:00","level":"INFO","msg":"HTTP 访问","method":"GET","path":"/api/system/status","status":200,"latency":"203.87ms","ip":"::1","trace_id":"040f06e50feb03ec9d454406"}
{"time":"2026-08-23T19:46:50.5351187+08:00","level":"INFO","msg":"HTTP 访问","method":"GET","path":"/api/system/status","status":200,"latency":"204.1699ms","ip":"::1","trace_id":"dbe0c9548b35262e177c83df"}
{"time":"2026-08-23T19:46:55.5221053+08:00","level":"INFO","msg":"HTTP 访问","method":"GET","path":"/api/system/status","status":200,"latency":"202.8462ms","ip":"::1","trace_id":"58f32f20262d1a1325f09e9f"}
{"time":"2026-08-23T19:47:00.5321424+08:00","level":"INFO","msg":"HTTP 访问","method":"GET","path":"/api/system/status","status":200,"latency":"204.9735ms","ip":"::1","trace_id":"cea96e42d60de423489d7c3e"}
{"time":"2026-08-23T19:47:05.5266335+08:00","level":"INFO","msg":"HTTP 访问","method":"GET","path":"/api/system/status","status":200,"latency":"205.2405ms","ip":"::1","trace_id":"e2946d4925a743cec1475477"}
{"time":"2026-08-23T19:47:11.5286682+08:00","level":"INFO","msg":"HTTP 访问","method":"GET","path":"/api/system/status","status":200,"latency":"206.0358ms","ip":"::1","trace_id":"c901c16dbf243ac85f511a1c"}
{"time":"2026-08-23T19:47:12.5241059+08:00","level":"INFO","msg":"HTTP 访问","method":"GET","path":"/api/system/status","status":200,"latency":"205.7311ms","ip":"::1","trace_id":"f49e545ed832f7e351875a18"}
{"time":"2026-08-23T19:47:12.7323162+08:00","level":"INFO","msg":"HTTP 访问","method":"GET","path":"/api/system/status","status":200,"latency":"207.1658ms","ip":"::1","trace_id":"d18d735a6efa0255050bcd27"}
{"time":"2026-08-23T19:47:16.531217+08:00","level":"INFO","msg":"HTTP 访问","method":"GET","path":"/api/system/status","status":200,"latency":"206.7874ms","ip":"::1","trace_id":"8ae79f07b34f9d8ae63627a0"}
{"time":"2026-08-23T19:47:21.5252091+08:00","level":"INFO","msg":"HTTP 访问","method":"GET","path":"/api/system/status","status":200,"latency":"205.6812ms","ip":"::1","trace_id":"e48fa3ea01b2f36931128fd0"}
{"time":"2026-08-23T19:47:26.5273365+08:00","level":"INFO","msg":"HTTP 访问","method":"GET","path":"/api/system/status","status":200,"latency":"206.9524ms","ip":"::1","trace_id":"69c256175af4eea455f44fe2"}
{"time":"2026-08-23T19:47:31.5334859+08:00","level":"INFO","msg":"HTTP 访问","method":"GET","path":"/api/system/status","status":200,"latency":"205.9387ms","ip":"::1","trace_id":"b9316ed0dce6d19007984fdb"}
{"time":"2026-08-23T19:47:36.5258116+08:00","level":"INFO","msg":"HTTP 访问","method":"GET","path":"/api/system/status","status":200,"latency":"207.9087ms","ip":"::1","trace_id":"2e12ce9c9e697f27cec261af"}
{"time":"2026-08-23T19:47:41.548071+08:00","level":"INFO","msg":"HTTP 访问","method":"GET","path":"/api/system/status","status":200,"latency":"218.5759ms","ip":"::1","trace_id":"eca0e871a5a6cfd96ff508a5"}
{"time":"2026-08-23T19:47:46.5412069+08:00","level":"INFO","msg":"HTTP 访问","method":"GET","path":"/api/system/status","status":200,"latency":"214.3988ms","ip":"::1","trace_id":"21cc481559cecd4dd18650ee"}
{"time":"2026-08-23T19:47:46.7535251+08:00","level":"INFO","msg":"HTTP 访问","method":"GET","path":"/api/system/status","status":200,"latency":"208.1772ms","ip":"::1","trace_id":"e131d94e4423758b98663c69"}
{"time":"2026-08-23T19:47:51.5335849+08:00","level":"INFO","msg":"HTTP 访问","method":"GET","path":"/api/system/status","status":200,"latency":"207.4909ms","ip":"::1","trace_id":"688867fbe53a61843f963eab"}
{"time":"2026-08-23T19:47:56.5358289+08:00","level":"INFO","msg":"HTTP 访问","method":"GET","path":"/api/system/status","status":200,"latency":"207.7215ms","ip":"::1","trace_id":"9fe0955a2f24dbef206f3e80"}
{"time":"2026-08-23T19:48:01.5449241+08:00","level":"INFO","msg":"HTTP 访问","method":"GET","path":"/api/system/status","status":200,"latency":"222.9602ms","ip":"::1","trace_id":"c47b173039b6c80abfb2aa5e"}
{"time":"2026-08-23T19:48:12.531231+08:00","level":"INFO","msg":"HTTP 访问","method":"GET","path":"/api/system/status","status":200,"latency":"207.73ms","ip":"::1","trace_id":"97e91db267751bdfac605188"}
{"time":"2026-08-23T19:48:12.531231+08:00","level":"INFO","msg":"HTTP 访问","method":"GET","path":"/api/system/status","status":200,"latency":"207.73ms","ip":"::1","trace_id":"a36f820b2bf073d276f85389"}
{"time":"2026-08-23T19:48:12.7443237+08:00","level":"INFO","msg":"HTTP 访问","method":"GET","path":"/api/system/status","status":200,"latency":"212.5724ms","ip":"::1","trace_id":"affce614921ebb7638c86010"}
{"time":"2026-08-23T19:48:46.5245841+08:00","level":"INFO","msg":"HTTP 访问","method":"GET","path":"/api/system/status","status":200,"latency":"205.952ms","ip":"::1","trace_id":"6988befd30f5541fb87036e0"}
{"time":"2026-08-23T19:49:12.5344167+08:00","level":"INFO","msg":"HTTP 访问","method":"GET","path":"/api/system/status","status":200,"latency":"208.3716ms","ip":"::1","trace_id":"b819d2a920ba59657f54b2c7"}
{"time":"2026-08-23T19:49:12.5344167+08:00","level":"INFO","msg":"HTTP 访问","method":"GET","path":"/api/system/status","status":200,"latency":"206.8643ms","ip":"::1","trace_id":"8760ea9ba8d025a04460fbd2"}
{"time":"2026-08-23T19:49:12.7408241+08:00","level":"INFO","msg":"HTTP 访问","method":"GET","path":"/api/system/status","status":200,"latency":"205.864ms","ip":"::1","trace_id":"6589c620862a6d901af39724"}
{"time":"2026-08-23T19:49:33.1372761+08:00","level":"INFO","msg":"HTTP 访问","method":"GET","path":"/api/system/status","status":200,"latency":"206.3417ms","ip":"::1","trace_id":"1cf4cf38c7d713c15ca32638"}
{"time":"2026-08-23T19:49:34.3826081+08:00","level":"INFO","msg":"HTTP 访问","method":"GET","path":"/api/files","status":200,"latency":"66.6445ms","ip":"::1","trace_id":"1186f94f5f7b74c52c6bf2f4"}
{"time":"2026-08-23T19:49:34.456067+08:00","level":"INFO","msg":"HTTP 访问","method":"GET","path":"/api/storage/stats","status":200,"latency":"45.5243ms","ip":"::1","trace_id":"9d14ac68123cdfd71a2f9bcb"}
{"time":"2026-08-23T19:49:36.6903068+08:00","level":"INFO","msg":"HTTP 访问","method":"GET","path":"/api/system/status","status":200,"latency":"210.346ms","ip":"::1","trace_id":"a3787f9215079cbf13822c1a"}
{"time":"2026-08-23T19:49:38.6566619+08:00","level":"INFO","msg":"HTTP 访问","method":"GET","path":"/api/system/status","status":200,"latency":"205.4149ms","ip":"::1","trace_id":"943a1ee95b8004265ce8be58"}
{"time":"2026-08-23T19:49:38.8657355+08:00","level":"INFO","msg":"HTTP 访问","method":"GET","path":"/api/system/status","status":200,"latency":"207.8843ms","ip":"::1","trace_id":"a57798df37ded7707583cf4d"}
{"time":"2026-08-23T19:49:40.7395516+08:00","level":"INFO","msg":"HTTP 访问","method":"GET","path":"/","status":200,"latency":"1.0038ms","ip":"::1","trace_id":"a46065279d3fe67641de643d"}
{"time":"2026-08-23T19:49:40.7596873+08:00","level":"INFO","msg":"HTTP 访问","method":"GET","path":"/css/style.css","status":200,"latency":"1.0052ms","ip":"::1","trace_id":"446b4cbe351cbcc9b7d132d1"}
{"time":"2026-08-23T19:49:40.7596873+08:00","level":"INFO","msg":"HTTP 访问","method":"GET","path":"/js/video-js-8.24.0/video-js.min.css","status":200,"latency":"1.0052ms","ip":"::1","trace_id":"b845cd0f9f9c1b9d743bb1e2"}
{"time":"2026-08-23T19:49:40.7658603+08:00","level":"INFO","msg":"HTTP 访问","method":"GET","path":"/js/app.js","status":200,"latency":"1.0223ms","ip":"::1","trace_id":"596d8b2b92b8564008222b08"}
{"time":"2026-08-23T19:49:40.7744876+08:00","level":"INFO","msg":"HTTP 访问","method":"GET","path":"/js/video-js-8.24.0/video.min.js","status":200,"latency":"9.6496ms","ip":"::1","trace_id":"22ba697e189992a88438f0db"}
{"time":"2026-08-23T19:49:40.821821+08:00","level":"INFO","msg":"HTTP 访问","method":"GET","path":"/api/auth/me","status":200,"latency":"0s","ip":"::1","trace_id":"1f142eae676db0107268bd7b"}
{"time":"2026-08-23T19:49:40.8379828+08:00","level":"INFO","msg":"HTTP 访问","method":"GET","path":"/favicon.ico","status":200,"latency":"524.4µs","ip":"::1","trace_id":"bf6ac45a6443c00fb7b73b9d"}
{"time":"2026-08-23T19:49:41.0430627+08:00","level":"INFO","msg":"HTTP 访问","method":"GET","path":"/api/system/status","status":200,"latency":"209.1904ms","ip":"::1","trace_id":"5d743999a6979421fca47144"}
{"time":"2026-08-23T19:49:41.2507772+08:00","level":"INFO","msg":"HTTP 访问","method":"GET","path":"/api/system/status","status":200,"latency":"206.562ms","ip":"::1","trace_id":"fd34e8f61b81a7a71bdbb6ca"}
{"time":"2026-08-23T19:49:42.2395853+08:00","level":"INFO","msg":"HTTP 访问","method":"GET","path":"/api/files","status":200,"latency":"59.451ms","ip":"::1","trace_id":"55cb143e2bfda71e942427f9"}
{"time":"2026-08-23T19:49:42.2926045+08:00","level":"INFO","msg":"HTTP 访问","method":"GET","path":"/api/storage/stats","status":200,"latency":"50.4743ms","ip":"::1","trace_id":"7322e2a88baf146e5b114ad0"}
{"time":"2026-08-23T19:49:43.2204+08:00","level":"INFO","msg":"HTTP 访问","method":"GET","path":"/api/files","status":200,"latency":"2.0322ms","ip":"::1","trace_id":"1b3f3d16d2866d0eb034c4b0"}
{"time":"2026-08-23T19:49:43.2723033+08:00","level":"INFO","msg":"HTTP 访问","method":"GET","path":"/api/storage/stats","status":200,"latency":"49.8664ms","ip":"::1","trace_id":"c42b6d94b55222de420269fa"}
{"time":"2026-08-23T19:49:45.0397543+08:00","level":"INFO","msg":"HTTP 访问","method":"GET","path":"/api/system/status","status":200,"latency":"207.7317ms","ip":"::1","trace_id":"de4d0d6890f957a53c7cb97f"}
{"time":"2026-08-23T19:49:45.2459758+08:00","level":"INFO","msg":"HTTP 访问","method":"GET","path":"/api/system/status","status":200,"latency":"205.3509ms","ip":"::1","trace_id":"3efdacf274d0c1192c91409a"}
{"time":"2026-08-23T19:49:46.52603+08:00","level":"INFO","msg":"HTTP 访问","method":"GET","path":"/api/system/status","status":200,"latency":"208.8274ms","ip":"::1","trace_id":"9c67fba0acf8325eb06610b7"}
{"time":"2026-08-23T19:49:47.3138757+08:00","level":"INFO","msg":"HTTP 访问","method":"GET","path":"/api/files","status":200,"latency":"1.0453ms","ip":"::1","trace_id":"62b49e3252afe532865729b5"}
{"time":"2026-08-23T19:49:47.3655198+08:00","level":"INFO","msg":"HTTP 访问","method":"GET","path":"/api/storage/stats","status":200,"latency":"47.0782ms","ip":"::1","trace_id":"5aa541dfdec8586cd05df5f2"}
{"time":"2026-08-23T19:49:49.3545072+08:00","level":"INFO","msg":"HTTP 访问","method":"GET","path":"/api/files","status":200,"latency":"64.7756ms","ip":"::1","trace_id":"bbb20741a9af611631268622"}
{"time":"2026-08-23T19:49:49.4284507+08:00","level":"INFO","msg":"HTTP 访问","method":"GET","path":"/api/storage/stats","status":200,"latency":"71.9274ms","ip":"::1","trace_id":"bb3ec7e0666e251a9d217f58"}
{"time":"2026-08-23T19:49:50.0415698+08:00","level":"INFO","msg":"HTTP 访问","method":"GET","path":"/api/system/status","status":200,"latency":"206.6896ms","ip":"::1","trace_id":"1c519b30ec30d33e5e26692a"}
{"time":"2026-08-23T19:49:50.14253+08:00","level":"INFO","msg":"HTTP 访问","method":"GET","path":"/api/files","status":200,"latency":"1.5484ms","ip":"::1","trace_id":"cf434c5f496d678e79957b71"}
{"time":"2026-08-23T19:49:50.1985626+08:00","level":"INFO","msg":"HTTP 访问","method":"GET","path":"/api/storage/stats","status":200,"latency":"54.4114ms","ip":"::1","trace_id":"1e39db9f49f09bde5d2cdb51"}
{"time":"2026-08-23T19:49:55.0480397+08:00","level":"INFO","msg":"HTTP 访问","method":"GET","path":"/api/system/status","status":200,"latency":"205.8017ms","ip":"::1","trace_id":"eaaa3441e11bca4fe1c507be"}
{"time":"2026-08-23T19:49:55.3057439+08:00","level":"INFO","msg":"HTTP 访问","method":"GET","path":"/api/system/status","status":200,"latency":"205.6743ms","ip":"::1","trace_id":"18c8e9d95c888c98e61d6aad"}
{"time":"2026-08-23T19:50:00.0404787+08:00","level":"INFO","msg":"HTTP 访问","method":"GET","path":"/api/system/status","status":200,"latency":"206.5903ms","ip":"::1","trace_id":"b6b784d25dae79ffbee83d13"}
{"time":"2026-08-23T19:50:00.5248555+08:00","level":"INFO","msg":"HTTP 访问","method":"GET","path":"/api/system/status","status":200,"latency":"207.8868ms","ip":"::1","trace_id":"b217b781bc864c22f1e497ff"}
{"time":"2026-08-23T19:50:05.0563354+08:00","level":"INFO","msg":"HTTP 访问","method":"GET","path":"/api/system/status","status":200,"latency":"209.6631ms","ip":"::1","trace_id":"eeb271a48172545932a21d44"}
{"time":"2026-08-23T19:50:05.5372678+08:00","level":"INFO","msg":"HTTP 访问","method":"GET","path":"/api/system/status","status":200,"latency":"207.4515ms","ip":"::1","trace_id":"337fe51f953214b1e0a7af9e"}
{"time":"2026-08-23T19:50:10.5285609+08:00","level":"INFO","msg":"HTTP 访问","method":"GET","path":"/api/system/status","status":200,"latency":"206.1024ms","ip":"::1","trace_id":"be7de6e7a73760660a0190fd"}
{"time":"2026-08-23T19:50:11.5289852+08:00","level":"INFO","msg":"HTTP 访问","method":"GET","path":"/api/system/status","status":200,"latency":"208.3113ms","ip":"::1","trace_id":"414547d3bcb85de83c64617f"}
{"time":"2026-08-23T19:50:15.5254487+08:00","level":"INFO","msg":"HTTP 访问","method":"GET","path":"/api/system/status","status":200,"latency":"207.3059ms","ip":"::1","trace_id":"936e5e0a7378079ea2efd4c9"}
{"time":"2026-08-23T19:50:15.5349224+08:00","level":"INFO","msg":"HTTP 访问","method":"GET","path":"/api/system/status","status":200,"latency":"207.9538ms","ip":"::1","trace_id":"bb791a3eb9841ee1e10051d9"}
{"time":"2026-08-23T19:50:20.5193473+08:00","level":"INFO","msg":"HTTP 访问","method":"GET","path":"/api/system/status","status":200,"latency":"204.3973ms","ip":"::1","trace_id":"513c0bedac199dea4c5ca296"}
{"time":"2026-08-23T19:50:20.5339496+08:00","level":"INFO","msg":"HTTP 访问","method":"GET","path":"/api/system/status","status":200,"latency":"203.8767ms","ip":"::1","trace_id":"83432c292ac6a071ac4bdded"}
{"time":"2026-08-23T19:50:25.5469532+08:00","level":"INFO","msg":"HTTP 访问","method":"GET","path":"/api/system/status","status":200,"latency":"216.1002ms","ip":"::1","trace_id":"cdcbc769ae306899f2792501"}
{"time":"2026-08-23T19:50:26.5326037+08:00","level":"INFO","msg":"HTTP 访问","method":"GET","path":"/api/system/status","status":200,"latency":"214.1194ms","ip":"::1","trace_id":"230e689b69ff94fd43c053eb"}
{"time":"2026-08-23T19:50:30.521605+08:00","level":"INFO","msg":"HTTP 访问","method":"GET","path":"/api/system/status","status":200,"latency":"206.4367ms","ip":"::1","trace_id":"fc7869ed115250e733dd2f44"}
{"time":"2026-08-23T19:50:31.5358147+08:00","level":"INFO","msg":"HTTP 访问","method":"GET","path":"/api/system/status","status":200,"latency":"205.8712ms","ip":"::1","trace_id":"769bff7cc7bfcd021afec27c"}
{"time":"2026-08-23T19:50:35.5356748+08:00","level":"INFO","msg":"HTTP 访问","method":"GET","path":"/api/system/status","status":200,"latency":"208.117ms","ip":"::1","trace_id":"54c2eb3dead79769162c3248"}
{"time":"2026-08-23T19:50:36.5449451+08:00","level":"INFO","msg":"HTTP 访问","method":"GET","path":"/api/system/status","status":200,"latency":"214.4485ms","ip":"::1","trace_id":"cf7d8cb0a9f8b7aa0ac8b6e6"}
{"time":"2026-08-23T19:50:40.5426286+08:00","level":"INFO","msg":"HTTP 访问","method":"GET","path":"/api/system/status","status":200,"latency":"207.9807ms","ip":"::1","trace_id":"27718e0e03b67dc4eddbb4e1"}
{"time":"2026-08-23T19:50:41.5333717+08:00","level":"INFO","msg":"HTTP 访问","method":"GET","path":"/api/system/status","status":200,"latency":"207.2945ms","ip":"::1","trace_id":"4d7d52901a325a6a2b9f3cd8"}
{"time":"2026-08-23T19:50:45.5348617+08:00","level":"INFO","msg":"HTTP 访问","method":"GET","path":"/api/system/status","status":200,"latency":"209.0651ms","ip":"::1","trace_id":"c0fd9bff832f24b59b354980"}
{"time":"2026-08-23T19:50:45.743141+08:00","level":"INFO","msg":"HTTP 访问","method":"GET","path":"/api/system/status","status":200,"latency":"205.9901ms","ip":"::1","trace_id":"82238b89b441adac079a0742"}
{"time":"2026-08-23T19:50:46.5396597+08:00","level":"INFO","msg":"HTTP 访问","method":"GET","path":"/api/system/status","status":200,"latency":"207.5807ms","ip":"::1","trace_id":"b248ea09c573a3fd36578527"}
{"time":"2026-08-23T19:50:46.7476483+08:00","level":"INFO","msg":"HTTP 访问","method":"GET","path":"/api/system/status","status":200,"latency":"207.4629ms","ip":"::1","trace_id":"79c0f27c762b2f4f275d2457"}
{"time":"2026-08-23T19:50:50.5325011+08:00","level":"INFO","msg":"HTTP 访问","method":"GET","path":"/api/system/status","status":200,"latency":"208.3192ms","ip":"::1","trace_id":"5dd515394cab3b7952ffa47a"}
{"time":"2026-08-23T19:50:50.5350441+08:00","level":"INFO","msg":"HTTP 访问","method":"GET","path":"/api/system/status","status":200,"latency":"206.3637ms","ip":"::1","trace_id":"a2d2a19f4afe6a1a7d9101aa"}
{"time":"2026-08-23T19:50:55.5178735+08:00","level":"INFO","msg":"HTTP 访问","method":"GET","path":"/api/system/status","status":200,"latency":"205.3506ms","ip":"::1","trace_id":"f559c7a11e94fdd446f635fa"}
{"time":"2026-08-23T19:50:55.5373466+08:00","level":"INFO","msg":"HTTP 访问","method":"GET","path":"/api/system/status","status":200,"latency":"209.5579ms","ip":"::1","trace_id":"013e55a7ff6835203deaa2f2"}
{"time":"2026-08-23T19:51:00.5209772+08:00","level":"INFO","msg":"HTTP 访问","method":"GET","path":"/api/system/status","status":200,"latency":"205.8121ms","ip":"::1","trace_id":"a965f0c2f2694d7c77be9165"}
{"time":"2026-08-23T19:51:00.5309827+08:00","level":"INFO","msg":"HTTP 访问","method":"GET","path":"/api/system/status","status":200,"latency":"206.6389ms","ip":"::1","trace_id":"d486f7dc0609fb3e5414b45e"}
{"time":"2026-08-23T19:51:05.5330148+08:00","level":"INFO","msg":"HTTP 访问","method":"GET","path":"/api/system/status","status":200,"latency":"209.3853ms","ip":"::1","trace_id":"e00749f46e0ca390bd4d84ff"}
{"time":"2026-08-23T19:51:05.5346522+08:00","level":"INFO","msg":"HTTP 访问","method":"GET","path":"/api/system/status","status":200,"latency":"208.6395ms","ip":"::1","trace_id":"3d1afd40f2f7d410a47c008d"}
{"time":"2026-08-23T19:51:11.5334813+08:00","level":"INFO","msg":"HTTP 访问","method":"GET","path":"/api/system/status","status":200,"latency":"205.7679ms","ip":"::1","trace_id":"8ed5b1fd6c7e8531dd0e9ae6"}
{"time":"2026-08-23T19:51:12.5342081+08:00","level":"INFO","msg":"HTTP 访问","method":"GET","path":"/api/system/status","status":200,"latency":"206.878ms","ip":"::1","trace_id":"08b35afe8a295d10248da4aa"}
{"time":"2026-08-23T19:51:16.6336256+08:00","level":"INFO","msg":"HTTP 访问","method":"GET","path":"/api/system/status","status":200,"latency":"206.5897ms","ip":"::1","trace_id":"27a94b92731395a40354ccd9"}
{"time":"2026-08-23T19:51:21.5291658+08:00","level":"INFO","msg":"HTTP 访问","method":"GET","path":"/api/system/status","status":200,"latency":"208.2739ms","ip":"::1","trace_id":"ceeb6bd25fbe89981f9a0a4b"}
{"time":"2026-08-23T19:51:26.5267642+08:00","level":"INFO","msg":"HTTP 访问","method":"GET","path":"/api/system/status","status":200,"latency":"205.9586ms","ip":"::1","trace_id":"bf436f0125e00af79d817471"}
{"time":"2026-08-23T19:51:31.5297709+08:00","level":"INFO","msg":"HTTP 访问","method":"GET","path":"/api/system/status","status":200,"latency":"205.714ms","ip":"::1","trace_id":"3f159b61c06961196c147de2"}
{"time":"2026-08-23T19:51:36.5259033+08:00","level":"INFO","msg":"HTTP 访问","method":"GET","path":"/api/system/status","status":200,"latency":"209.0148ms","ip":"::1","trace_id":"93e6c4fd68821cb8abbed3bf"}
{"time":"2026-08-23T19:51:41.5359775+08:00","level":"INFO","msg":"HTTP 访问","method":"GET","path":"/api/system/status","status":200,"latency":"211.1721ms","ip":"::1","trace_id":"747c5963f80eff2b9c00e700"}
{"time":"2026-08-23T19:51:45.5375384+08:00","level":"INFO","msg":"HTTP 访问","method":"GET","path":"/api/system/status","status":200,"latency":"215.1681ms","ip":"::1","trace_id":"2fac913984f5e39aadf034c9"}
{"time":"2026-08-23T19:51:46.5279584+08:00","level":"INFO","msg":"HTTP 访问","method":"GET","path":"/api/system/status","status":200,"latency":"208.2801ms","ip":"::1","trace_id":"daf523af585c6d17b1730c56"}
{"time":"2026-08-23T19:51:46.7423766+08:00","level":"INFO","msg":"HTTP 访问","method":"GET","path":"/api/system/status","status":200,"latency":"206.5371ms","ip":"::1","trace_id":"e1eb2f5fc5f3f137a4cf06b3"}
{"time":"2026-08-23T19:51:51.5343388+08:00","level":"INFO","msg":"HTTP 访问","method":"GET","path":"/api/system/status","status":200,"latency":"207.2004ms","ip":"::1","trace_id":"1a517bd0de689f98750f1172"}
{"time":"2026-08-23T19:51:56.5222589+08:00","level":"INFO","msg":"HTTP 访问","method":"GET","path":"/api/system/status","status":200,"latency":"203.4733ms","ip":"::1","trace_id":"6e4ac66d41fb587dd6299640"}
{"time":"2026-08-23T19:52:01.528401+08:00","level":"INFO","msg":"HTTP 访问","method":"GET","path":"/api/system/status","status":200,"latency":"203.2453ms","ip":"::1","trace_id":"f2556ffc79f30ee9eec38c5f"}
{"time":"2026-08-23T19:52:06.5362301+08:00","level":"INFO","msg":"HTTP 访问","method":"GET","path":"/api/system/status","status":200,"latency":"203.6131ms","ip":"::1","trace_id":"6acb3b224b7b40bd566d0cd2"}
{"time":"2026-08-23T19:52:12.5258232+08:00","level":"INFO","msg":"HTTP 访问","method":"GET","path":"/api/system/status","status":200,"latency":"210.3994ms","ip":"::1","trace_id":"cdb148520014d54b8ded386a"}
{"time":"2026-08-23T19:52:12.5263302+08:00","level":"INFO","msg":"HTTP 访问","method":"GET","path":"/api/system/status","status":200,"latency":"209.6395ms","ip":"::1","trace_id":"b98628c109a27a49387f7ebd"}
{"time":"2026-08-23T19:52:20.9653305+08:00","level":"INFO","msg":"HTTP 访问","method":"GET","path":"/api/system/status","status":200,"latency":"209.3271ms","ip":"::1","trace_id":"b85b50b5219b1a45b02f28fa"}
{"time":"2026-08-23T19:52:25.5271766+08:00","level":"INFO","msg":"HTTP 访问","method":"GET","path":"/api/system/status","status":200,"latency":"211.9158ms","ip":"::1","trace_id":"7510bae9bfb51a1f8133a0df"}
{"time":"2026-08-23T19:52:30.5343067+08:00","level":"INFO","msg":"HTTP 访问","method":"GET","path":"/api/system/status","status":200,"latency":"209.9469ms","ip":"::1","trace_id":"7fee2058501d1902ec9df018"}
{"time":"2026-08-23T19:52:35.5254255+08:00","level":"INFO","msg":"HTTP 访问","method":"GET","path":"/api/system/status","status":200,"latency":"209.7894ms","ip":"::1","trace_id":"1142c58d7e8200d254d91fc3"}
{"time":"2026-08-23T19:52:40.5258359+08:00","level":"INFO","msg":"HTTP 访问","method":"GET","path":"/api/system/status","status":200,"latency":"206.2005ms","ip":"::1","trace_id":"55755aaf1bee196def282350"}
{"time":"2026-08-23T19:52:45.5422136+08:00","level":"INFO","msg":"HTTP 访问","method":"GET","path":"/api/system/status","status":200,"latency":"207.942ms","ip":"::1","trace_id":"5a52e2d78b9c5060a1356f5b"}
{"time":"2026-08-23T19:52:46.5271264+08:00","level":"INFO","msg":"HTTP 访问","method":"GET","path":"/api/system/status","status":200,"latency":"206.2962ms","ip":"::1","trace_id":"e1295c1ea04dbec13354b740"}
{"time":"2026-08-23T19:52:46.7313394+08:00","level":"INFO","msg":"HTTP 访问","method":"GET","path":"/api/system/status","status":200,"latency":"203.1825ms","ip":"::1","trace_id":"9f7e39446ff2224b5116c44e"}
{"time":"2026-08-23T19:52:51.5218905+08:00","level":"INFO","msg":"HTTP 访问","method":"GET","path":"/api/system/status","status":200,"latency":"207.9005ms","ip":"::1","trace_id":"38701c2ee68772a841a1634c"}
{"time":"2026-08-23T19:52:56.5320066+08:00","level":"INFO","msg":"HTTP 访问","method":"GET","path":"/api/system/status","status":200,"latency":"205.3441ms","ip":"::1","trace_id":"f062271b0a52ff908166578f"}
{"time":"2026-08-23T19:53:01.5225294+08:00","level":"INFO","msg":"HTTP 访问","method":"GET","path":"/api/system/status","status":200,"latency":"206.2349ms","ip":"::1","trace_id":"1cf3802a70d8ab3b9fcb9e40"}
{"time":"2026-08-23T19:53:06.5287037+08:00","level":"INFO","msg":"HTTP 访问","method":"GET","path":"/api/system/status","status":200,"latency":"205.7156ms","ip":"::1","trace_id":"2488d2597c7058e69f4430d6"}
{"time":"2026-08-23T19:53:11.5239219+08:00","level":"INFO","msg":"HTTP 访问","method":"GET","path":"/api/system/status","status":200,"latency":"206.7868ms","ip":"::1","trace_id":"c2936009e27edb56171596f6"}
{"time":"2026-08-23T19:53:12.5370359+08:00","level":"INFO","msg":"HTTP 访问","method":"GET","path":"/api/system/status","status":200,"latency":"209.1213ms","ip":"::1","trace_id":"a84bd640d1398c85f2124b33"}
{"time":"2026-08-23T19:53:16.5318635+08:00","level":"INFO","msg":"HTTP 访问","method":"GET","path":"/api/system/status","status":200,"latency":"206.8526ms","ip":"::1","trace_id":"be5f45a5bd444be60cf611b3"}
{"time":"2026-08-23T19:53:21.5263944+08:00","level":"INFO","msg":"HTTP 访问","method":"GET","path":"/api/system/status","status":200,"latency":"206.6744ms","ip":"::1","trace_id":"9ae303f7287ccb7c53e09591"}
{"time":"2026-08-23T19:53:26.5335311+08:00","level":"INFO","msg":"HTTP 访问","method":"GET","path":"/api/system/status","status":200,"latency":"206.4319ms","ip":"::1","trace_id":"25ba2fbc4505ccd5844dad49"}
{"time":"2026-08-23T19:53:31.5221567+08:00","level":"INFO","msg":"HTTP 访问","method":"GET","path":"/api/system/status","status":200,"latency":"206.8708ms","ip":"::1","trace_id":"6df2bc2dd4cfebc2a665b4e5"}
{"time":"2026-08-23T19:53:36.5399378+08:00","level":"INFO","msg":"HTTP 访问","method":"GET","path":"/api/system/status","status":200,"latency":"207.0487ms","ip":"::1","trace_id":"e492ee45b271278710a30909"}
{"time":"2026-08-23T19:53:45.5361933+08:00","level":"INFO","msg":"HTTP 访问","method":"GET","path":"/api/system/status","status":200,"latency":"207.4577ms","ip":"::1","trace_id":"b3c18869d71906dda0a845db"}
{"time":"2026-08-23T19:54:12.531032+08:00","level":"INFO","msg":"HTTP 访问","method":"GET","path":"/api/system/status","status":200,"latency":"213.9345ms","ip":"::1","trace_id":"bcc39e3036e5525c26415375"}
{"time":"2026-08-23T19:54:12.5397699+08:00","level":"INFO","msg":"HTTP 访问","method":"GET","path":"/api/system/status","status":200,"latency":"207.333ms","ip":"::1","trace_id":"93b4c90b86dc9862bbee3b87"}
{"time":"2026-08-23T19:54:12.7475841+08:00","level":"INFO","msg":"HTTP 访问","method":"GET","path":"/api/system/status","status":200,"latency":"207.3056ms","ip":"::1","trace_id":"d59485ae33d1b1ce2a7a26ab"}
{"time":"2026-08-23T19:54:45.5230912+08:00","level":"INFO","msg":"HTTP 访问","method":"GET","path":"/api/system/status","status":200,"latency":"206.1503ms","ip":"::1","trace_id":"bcc1e0daf6003a303f78d4ae"}
{"time":"2026-08-23T19:55:12.5239304+08:00","level":"INFO","msg":"HTTP 访问","method":"GET","path":"/api/system/status","status":200,"latency":"209.1675ms","ip":"::1","trace_id":"c8c9c5fd7ea708b2020298da"}
{"time":"2026-08-23T19:55:12.5246064+08:00","level":"INFO","msg":"HTTP 访问","method":"GET","path":"/api/system/status","status":200,"latency":"208.8024ms","ip":"::1","trace_id":"481efb094ce4845cd98dbd76"}
{"time":"2026-08-23T19:55:12.7338313+08:00","level":"INFO","msg":"HTTP 访问","method":"GET","path":"/api/system/status","status":200,"latency":"206.4966ms","ip":"::1","trace_id":"e0443414bb52f81307ba77fe"}
{"time":"2026-08-23T19:55:45.53206+08:00","level":"INFO","msg":"HTTP 访问","method":"GET","path":"/api/system/status","status":200,"latency":"205.4173ms","ip":"::1","trace_id":"b6c4366f8a44830e660a4dbe"}
{"time":"2026-08-23T19:56:12.5380164+08:00","level":"INFO","msg":"HTTP 访问","method":"GET","path":"/api/system/status","status":200,"latency":"212.4709ms","ip":"::1","trace_id":"e3eeba958149e2fe5602f647"}
{"time":"2026-08-23T19:56:12.538578+08:00","level":"INFO","msg":"HTTP 访问","method":"GET","path":"/api/system/status","status":200,"latency":"212.0127ms","ip":"::1","trace_id":"866466df695a67670598d220"}
{"time":"2026-08-23T19:56:12.7498989+08:00","level":"INFO","msg":"HTTP 访问","method":"GET","path":"/api/system/status","status":200,"latency":"208.5294ms","ip":"::1","trace_id":"93dc36f611f33691be3013c3"}
{"time":"2026-08-23T19:57:12.5266763+08:00","level":"INFO","msg":"HTTP 访问","method":"GET","path":"/api/system/status","status":200,"latency":"207.7681ms","ip":"::1","trace_id":"3688b6bd03e4ae5dc887a565"}
{"time":"2026-08-23T19:57:12.5272922+08:00","level":"INFO","msg":"HTTP 访问","method":"GET","path":"/api/system/status","status":200,"latency":"207.2629ms","ip":"::1","trace_id":"50e47009c979a544ebb6eb41"}
{"time":"2026-08-23T19:57:12.7359373+08:00","level":"INFO","msg":"HTTP 访问","method":"GET","path":"/api/system/status","status":200,"latency":"207.0949ms","ip":"::1","trace_id":"185bb38bbaac904387a34286"}
{"time":"2026-08-23T19:57:12.7359373+08:00","level":"INFO","msg":"HTTP 访问","method":"GET","path":"/api/system/status","status":200,"latency":"207.5405ms","ip":"::1","trace_id":"a71be75f0d86d2fcf7cb413a"}
{"time":"2026-08-23T19:58:12.5210071+08:00","level":"INFO","msg":"HTTP 访问","method":"GET","path":"/api/system/status","status":200,"latency":"206.7735ms","ip":"::1","trace_id":"9bbc62a60d20bc644ae7a0c0"}
{"time":"2026-08-23T19:58:12.7255664+08:00","level":"INFO","msg":"HTTP 访问","method":"GET","path":"/api/system/status","status":200,"latency":"203.035ms","ip":"::1","trace_id":"af6ef38ea1f2e3a6e1c84c26"}
{"time":"2026-08-23T19:59:12.525664+08:00","level":"INFO","msg":"HTTP 访问","method":"GET","path":"/api/system/status","status":200,"latency":"204.596ms","ip":"::1","trace_id":"bfd255ce4e9fe689ae83c3c8"}
{"time":"2026-08-23T19:59:12.7301309+08:00","level":"INFO","msg":"HTTP 访问","method":"GET","path":"/api/system/status","status":200,"latency":"202.9287ms","ip":"::1","trace_id":"58a0cac2ed2d6d64568ab572"}
{"time":"2026-08-23T19:59:24.3430206+08:00","level":"INFO","msg":"HTTP 访问","method":"GET","path":"/api/system/status","status":200,"latency":"207.5441ms","ip":"::1","trace_id":"1b015deea5867cdc1ca4d7b1"}
{"time":"2026-08-23T19:59:24.5544903+08:00","level":"INFO","msg":"HTTP 访问","method":"GET","path":"/api/system/status","status":200,"latency":"210.9211ms","ip":"::1","trace_id":"83f90087a4b14882b7e6cf4f"}
{"time":"2026-08-23T19:59:25.5227976+08:00","level":"INFO","msg":"HTTP 访问","method":"GET","path":"/api/system/status","status":200,"latency":"205.9632ms","ip":"::1","trace_id":"ba066bf49b8c0c52837b208c"}
{"time":"2026-08-23T19:59:25.8272818+08:00","level":"INFO","msg":"HTTP 访问","method":"GET","path":"/api/admin/users","status":200,"latency":"0s","ip":"::1","trace_id":"11c292e0c1e32b612be6c546"}
{"time":"2026-08-23T19:59:25.8272818+08:00","level":"INFO","msg":"HTTP 访问","method":"GET","path":"/api/admin/settings","status":200,"latency":"0s","ip":"::1","trace_id":"2756e1ced86384eefc077afe"}
{"time":"2026-08-23T19:59:25.8308886+08:00","level":"INFO","msg":"HTTP 访问","method":"GET","path":"/api/plugins","status":200,"latency":"0s","ip":"::1","trace_id":"152ed3ea23ef37767df27f8c"}
{"time":"2026-08-23T19:59:27.1467331+08:00","level":"INFO","msg":"HTTP 访问","method":"GET","path":"/api/files/trash","status":200,"latency":"685.3µs","ip":"::1","trace_id":"907b53004b5fe4408b7a416f"}
{"time":"2026-08-23T19:59:30.5347617+08:00","level":"INFO","msg":"HTTP 访问","method":"GET","path":"/api/system/status","status":200,"latency":"207.4788ms","ip":"::1","trace_id":"cce598424c995eb0cf53ccef"}
{"time":"2026-08-23T19:59:36.5266283+08:00","level":"INFO","msg":"HTTP 访问","method":"GET","path":"/api/system/status","status":200,"latency":"205.8962ms","ip":"::1","trace_id":"0ba69ec47b9aa8662c266ba3"}
{"time":"2026-08-23T19:59:41.5283988+08:00","level":"INFO","msg":"HTTP 访问","method":"GET","path":"/api/system/status","status":200,"latency":"204.7059ms","ip":"::1","trace_id":"748af117806078f140e266e6"}
{"time":"2026-08-23T19:59:46.5278013+08:00","level":"INFO","msg":"HTTP 访问","method":"GET","path":"/api/system/status","status":200,"latency":"206.3329ms","ip":"::1","trace_id":"9403723d17a6ed13078509eb"}
{"time":"2026-08-23T19:59:46.9289339+08:00","level":"INFO","msg":"HTTP 访问","method":"GET","path":"/api/system/status","status":200,"latency":"203.6671ms","ip":"::1","trace_id":"433aa320c6e71badd96be711"}
{"time":"2026-08-23T19:59:51.5278735+08:00","level":"INFO","msg":"HTTP 访问","method":"GET","path":"/api/system/status","status":200,"latency":"203.6858ms","ip":"::1","trace_id":"12167382024db925c4c7c0e7"}
{"time":"2026-08-23T19:59:55.4031309+08:00","level":"INFO","msg":"收到退出信号，开始优雅关闭"}
{"time":"2026-08-23T19:59:55.4047161+08:00","level":"INFO","msg":"定时任务调度器已停止"}
{"time":"2026-08-23T19:59:55.4047161+08:00","level":"INFO","msg":"定时任务调度器已停止"}
{"time":"2026-08-23T19:59:55.4052389+08:00","level":"INFO","msg":"WebSocket Hub 已关闭"}
{"time":"2026-08-24T01:09:03.3031959+08:00","level":"WARN","msg":"默认主人账号已就绪","username":"admin","role":"master","id":0,"提示":"主人密码仅可通过 config.toml 的 [auth] 段修改"}
{"time":"2026-08-24T01:09:03.3042001+08:00","level":"INFO","msg":"定时任务调度器已启动","count":0}
{"time":"2026-08-24T01:09:03.3042001+08:00","level":"INFO","msg":"异步任务 Worker 已启动","size":4}
{"time":"2026-08-24T01:09:03.3107108+08:00","level":"WARN","msg":"MQTT 连接失败（降级运行，仅支持本地设备）","broker":"tcp://localhost:1883","error":"连接 MQTT broker 失败: dial tcp :1883: connectex: No connection could be made because the target machine actively refused it."}
{"time":"2026-08-24T01:09:03.3107108+08:00","level":"INFO","msg":"定时任务调度器已启动","count":0}
{"time":"2026-08-24T01:09:03.3107108+08:00","level":"INFO","msg":"IoT 服务已启动"}
{"time":"2026-08-24T01:09:03.3107108+08:00","level":"INFO","msg":"WebDAV 已挂载","prefix":"/dav"}
{"time":"2026-08-24T01:09:03.3107108+08:00","level":"INFO","msg":"HTTP 服务启动","addr":":8080"}
{"time":"2026-08-24T01:09:07.2891866+08:00","level":"INFO","msg":"HTTP 访问","method":"GET","path":"/api/system/status","status":401,"latency":"0s","ip":"::1","trace_id":"0dce87add09db26414722fc8"}
{"time":"2026-08-24T01:09:07.2930998+08:00","level":"INFO","msg":"HTTP 访问","method":"GET","path":"/api/system/status","status":401,"latency":"0s","ip":"::1","trace_id":"4e293ef830be044db613a97d"}
{"time":"2026-08-24T01:09:08.746523+08:00","level":"INFO","msg":"HTTP 访问","method":"GET","path":"/api/system/status","status":200,"latency":"206.8674ms","ip":"::1","trace_id":"c09da98085d6120064412150"}
{"time":"2026-08-24T01:09:08.9562208+08:00","level":"INFO","msg":"HTTP 访问","method":"GET","path":"/api/system/status","status":200,"latency":"204.0809ms","ip":"::1","trace_id":"94ff1957cbfcff5e40052bc6"}
{"time":"2026-08-24T01:09:09.6183892+08:00","level":"INFO","msg":"HTTP 访问","method":"GET","path":"/","status":304,"latency":"0s","ip":"::1","trace_id":"8ea7a0a8f241172511b7b1c0"}
{"time":"2026-08-24T01:09:09.6500841+08:00","level":"INFO","msg":"HTTP 访问","method":"GET","path":"/css/style.css","status":304,"latency":"0s","ip":"::1","trace_id":"3193ca1987bcc70f269ec33b"}
{"time":"2026-08-24T01:09:09.6511076+08:00","level":"INFO","msg":"HTTP 访问","method":"GET","path":"/js/video-js-8.24.0/video-js.min.css","status":304,"latency":"0s","ip":"::1","trace_id":"a34852827a0f4e18b79c18ac"}
{"time":"2026-08-24T01:09:09.651717+08:00","level":"INFO","msg":"HTTP 访问","method":"GET","path":"/js/video-js-8.24.0/video.min.js","status":304,"latency":"609.4µs","ip":"::1","trace_id":"ce3d9242a58eef3954942776"}
{"time":"2026-08-24T01:09:09.6948769+08:00","level":"INFO","msg":"HTTP 访问","method":"GET","path":"/js/app.js","status":200,"latency":"42.6396ms","ip":"::1","trace_id":"60e9c2558040a751275968fc"}
{"time":"2026-08-24T01:09:09.7090782+08:00","level":"INFO","msg":"HTTP 访问","method":"GET","path":"/api/auth/me","status":200,"latency":"0s","ip":"::1","trace_id":"f5191b17bf895670b2fbe9b1"}
{"time":"2026-08-24T01:09:09.7661975+08:00","level":"INFO","msg":"HTTP 访问","method":"GET","path":"/api/admin/settings","status":200,"latency":"0s","ip":"::1","trace_id":"128a0bddfde838e7eaa50173"}
{"time":"2026-08-24T01:09:09.8057877+08:00","level":"INFO","msg":"HTTP 访问","method":"GET","path":"/favicon.ico","status":304,"latency":"0s","ip":"::1","trace_id":"17f08ccdfe4ebb94b5cffac0"}
{"time":"2026-08-24T01:09:10.0092786+08:00","level":"INFO","msg":"HTTP 访问","method":"GET","path":"/api/system/status","status":200,"latency":"203.4909ms","ip":"::1","trace_id":"3c1a5fd6fd6ff1cb85c00d13"}
{"time":"2026-08-24T01:09:10.2142069+08:00","level":"INFO","msg":"HTTP 访问","method":"GET","path":"/api/system/status","status":200,"latency":"203.8417ms","ip":"::1","trace_id":"c294ff1bfe854efa5c404d42"}
{"time":"2026-08-24T01:09:10.3618521+08:00","level":"INFO","msg":"HTTP 访问","method":"GET","path":"/api/files","status":200,"latency":"32.5975ms","ip":"::1","trace_id":"a33a27492c41b483b6595484"}
{"time":"2026-08-24T01:09:10.3878932+08:00","level":"INFO","msg":"HTTP 访问","method":"GET","path":"/api/storage/stats","status":200,"latency":"22.7542ms","ip":"::1","trace_id":"a20c83541a66a18c4c451dc5"}
{"time":"2026-08-24T01:09:12.2941241+08:00","level":"INFO","msg":"HTTP 访问","method":"GET","path":"/api/files","status":200,"latency":"3.323ms","ip":"::1","trace_id":"3b58e41870e5d8f46d0c1a5f"}
{"time":"2026-08-24T01:09:12.3218045+08:00","level":"INFO","msg":"HTTP 访问","method":"GET","path":"/api/storage/stats","status":200,"latency":"25.4976ms","ip":"::1","trace_id":"5db0a1498658233f92ea18f2"}
{"time":"2026-08-24T01:09:15.0062799+08:00","level":"INFO","msg":"HTTP 访问","method":"GET","path":"/api/system/status","status":200,"latency":"205.3779ms","ip":"::1","trace_id":"3abf2b819d50b142e8a55327"}
{"time":"2026-08-24T01:09:16.353321+08:00","level":"INFO","msg":"HTTP 访问","method":"GET","path":"/api/files","status":200,"latency":"36.8626ms","ip":"::1","trace_id":"0c1521bb1c3d74f1c23fcb55"}
{"time":"2026-08-24T01:09:16.3811952+08:00","level":"INFO","msg":"HTTP 访问","method":"GET","path":"/api/storage/stats","status":200,"latency":"25.8638ms","ip":"::1","trace_id":"de1f36b99e454983b282bd7c"}
{"time":"2026-08-24T01:09:17.3281446+08:00","level":"INFO","msg":"HTTP 访问","method":"GET","path":"/api/files","status":200,"latency":"2.0267ms","ip":"::1","trace_id":"026316c3a39807637eb79f06"}
{"time":"2026-08-24T01:09:17.359848+08:00","level":"INFO","msg":"HTTP 访问","method":"GET","path":"/api/storage/stats","status":200,"latency":"28.0711ms","ip":"::1","trace_id":"3baa9d694e83d6d968036b89"}
{"time":"2026-08-24T01:09:20.014109+08:00","level":"INFO","msg":"HTTP 访问","method":"GET","path":"/api/system/status","status":200,"latency":"205.5882ms","ip":"::1","trace_id":"be6fed854d0d36bdeb198a85"}
{"time":"2026-08-24T01:09:20.9206718+08:00","level":"INFO","msg":"HTTP 访问","method":"GET","path":"/api/files","status":200,"latency":"0s","ip":"::1","trace_id":"6fb2085396c9587d078069ff"}
{"time":"2026-08-24T01:09:20.9499653+08:00","level":"INFO","msg":"HTTP 访问","method":"GET","path":"/api/storage/stats","status":200,"latency":"25.5057ms","ip":"::1","trace_id":"2c6b248fda2f7332f64223c2"}
{"time":"2026-08-24T01:09:21.7822801+08:00","level":"INFO","msg":"HTTP 访问","method":"GET","path":"/api/files","status":200,"latency":"1.0028ms","ip":"::1","trace_id":"26f2ed77bb7a4fc3553ade47"}
{"time":"2026-08-24T01:09:21.8086519+08:00","level":"INFO","msg":"HTTP 访问","method":"GET","path":"/api/storage/stats","status":200,"latency":"23.324ms","ip":"::1","trace_id":"b565deda1d8d865349953b6f"}
{"time":"2026-08-24T01:09:22.6075933+08:00","level":"INFO","msg":"HTTP 访问","method":"GET","path":"/api/files","status":200,"latency":"2.2153ms","ip":"::1","trace_id":"2f6dbdefba5a98585f8c1782"}
{"time":"2026-08-24T01:09:22.6334377+08:00","level":"INFO","msg":"HTTP 访问","method":"GET","path":"/api/storage/stats","status":200,"latency":"24.3003ms","ip":"::1","trace_id":"6d2f8da3768a43bad5e59f74"}
{"time":"2026-08-24T01:09:25.0044383+08:00","level":"INFO","msg":"HTTP 访问","method":"GET","path":"/api/system/status","status":200,"latency":"203.2415ms","ip":"::1","trace_id":"adecedb93d2651f18ba6f439"}
{"time":"2026-08-24T01:09:26.3817256+08:00","level":"INFO","msg":"HTTP 访问","method":"GET","path":"/api/files","status":200,"latency":"0s","ip":"::1","trace_id":"da306aaa3152f9863699738f"}
{"time":"2026-08-24T01:09:26.4096264+08:00","level":"INFO","msg":"HTTP 访问","method":"GET","path":"/api/storage/stats","status":200,"latency":"24.1655ms","ip":"::1","trace_id":"fa31da635b10b415d48ed8dc"}
{"time":"2026-08-24T01:09:27.2408378+08:00","level":"INFO","msg":"HTTP 访问","method":"GET","path":"/api/files","status":200,"latency":"1.0182ms","ip":"::1","trace_id":"e262300e7902e38461abc2cd"}
{"time":"2026-08-24T01:09:27.2699464+08:00","level":"INFO","msg":"HTTP 访问","method":"GET","path":"/api/storage/stats","status":200,"latency":"23.5691ms","ip":"::1","trace_id":"78097af43700d683a2dd86d7"}
{"time":"2026-08-24T01:09:28.2336583+08:00","level":"INFO","msg":"HTTP 访问","method":"GET","path":"/api/files","status":200,"latency":"784µs","ip":"::1","trace_id":"ae8708c4fe82bbf7f90cd0a7"}
{"time":"2026-08-24T01:09:28.2632447+08:00","level":"INFO","msg":"HTTP 访问","method":"GET","path":"/api/storage/stats","status":200,"latency":"24.9917ms","ip":"::1","trace_id":"3da921bae9d14e908ca75dfc"}
{"time":"2026-08-24T01:09:28.9523368+08:00","level":"INFO","msg":"HTTP 访问","method":"GET","path":"/api/files","status":200,"latency":"1.0118ms","ip":"::1","trace_id":"6893cad79ff78a57f8b8e4f1"}
{"time":"2026-08-24T01:09:29.0010502+08:00","level":"INFO","msg":"HTTP 访问","method":"GET","path":"/api/storage/stats","status":200,"latency":"27.1355ms","ip":"::1","trace_id":"d864d7d1ccbba2bf294be032"}
{"time":"2026-08-24T01:09:29.6430168+08:00","level":"INFO","msg":"HTTP 访问","method":"GET","path":"/api/video/info","status":200,"latency":"669.6219ms","ip":"::1","trace_id":"1096985e5959046c1b13e1ee"}
{"time":"2026-08-24T01:09:29.6830422+08:00","level":"INFO","msg":"HTTP 访问","method":"GET","path":"/api/video/info","status":200,"latency":"727.6797ms","ip":"::1","trace_id":"37e543dfd93d1fcb0bc77bd3"}
{"time":"2026-08-24T01:09:29.6914573+08:00","level":"INFO","msg":"HTTP 访问","method":"GET","path":"/api/video/info","status":200,"latency":"730.1152ms","ip":"::1","trace_id":"46cc28879e7d09c313b4c309"}
{"time":"2026-08-24T01:09:29.7032044+08:00","level":"INFO","msg":"HTTP 访问","method":"GET","path":"/api/video/info","status":200,"latency":"747.8419ms","ip":"::1","trace_id":"369c04eb69f1e656b9240717"}
{"time":"2026-08-24T01:09:29.7222575+08:00","level":"INFO","msg":"HTTP 访问","method":"GET","path":"/api/video/info","status":200,"latency":"75.6358ms","ip":"::1","trace_id":"781603bf5b8964f58afe0bd2"}
{"time":"2026-08-24T01:09:29.746682+08:00","level":"INFO","msg":"HTTP 访问","method":"GET","path":"/api/video/info","status":200,"latency":"60.1021ms","ip":"::1","trace_id":"5b767698fa16bf54cd6075c6"}
{"time":"2026-08-24T01:09:29.7568369+08:00","level":"INFO","msg":"HTTP 访问","method":"GET","path":"/api/video/info","status":200,"latency":"61.6593ms","ip":"::1","trace_id":"cb5ce586eee5363d97df2e06"}
{"time":"2026-08-24T01:09:29.7675394+08:00","level":"INFO","msg":"HTTP 访问","method":"GET","path":"/api/video/info","status":200,"latency":"60.2031ms","ip":"::1","trace_id":"9f1344fd37e0b249f8e30558"}
{"time":"2026-08-24T01:09:29.7882029+08:00","level":"INFO","msg":"HTTP 访问","method":"GET","path":"/api/video/info","status":200,"latency":"63.331ms","ip":"::1","trace_id":"99106bfe9190eb2adca0a97b"}
{"time":"2026-08-24T01:09:29.7964998+08:00","level":"INFO","msg":"创建播放凭证","file_id":2592,"user_id":0,"mode":"direct"}
{"time":"2026-08-24T01:09:29.7964998+08:00","level":"INFO","msg":"HTTP 访问","method":"POST","path":"/api/play/ticket","status":200,"latency":"0s","ip":"::1","trace_id":"5e496d8aff52d8be96d18b7c"}
{"time":"2026-08-24T01:09:29.8102039+08:00","level":"INFO","msg":"HTTP 访问","method":"GET","path":"/api/video/info","status":200,"latency":"60.9197ms","ip":"::1","trace_id":"80c7c25868e5ef8cbe0161df"}
{"time":"2026-08-24T01:09:29.8219217+08:00","level":"INFO","msg":"HTTP 访问","method":"GET","path":"/api/video/info","status":200,"latency":"62.5104ms","ip":"::1","trace_id":"8329ea130099a8f4d3b4532d"}
{"time":"2026-08-24T01:09:29.8357247+08:00","level":"INFO","msg":"HTTP 访问","method":"GET","path":"/api/video/info","status":200,"latency":"65.6167ms","ip":"::1","trace_id":"53c6cb78f62e7d97b0187d90"}
{"time":"2026-08-24T01:09:29.8476981+08:00","level":"INFO","msg":"HTTP 访问","method":"GET","path":"/api/video/info","status":200,"latency":"56.91ms","ip":"::1","trace_id":"7640186a06c1a61bf9feaa3e"}
{"time":"2026-08-24T01:09:29.8777806+08:00","level":"INFO","msg":"HTTP 访问","method":"GET","path":"/api/video/info","status":200,"latency":"63.9653ms","ip":"::1","trace_id":"4d75e1416a5e89003fd54df8"}
{"time":"2026-08-24T01:09:29.8902337+08:00","level":"INFO","msg":"HTTP 访问","method":"GET","path":"/api/video/info","status":200,"latency":"66.2559ms","ip":"::1","trace_id":"33fab649fa23ac078d221bae"}
{"time":"2026-08-24T01:09:30.0133839+08:00","level":"INFO","msg":"HTTP 访问","method":"GET","path":"/api/system/status","status":200,"latency":"204.2608ms","ip":"::1","trace_id":"e0967f85fbf2f90bfb9e1f78"}
{"time":"2026-08-24T01:09:35.0084092+08:00","level":"INFO","msg":"HTTP 访问","method":"GET","path":"/api/system/status","status":200,"latency":"205.5149ms","ip":"::1","trace_id":"d1d1b00ac306dacd62f46af1"}
{"time":"2026-08-24T01:09:38.2752393+08:00","level":"INFO","msg":"HTTP 访问","method":"DELETE","path":"/api/play/ticket/136405c1d30a31c1b901fd11473ab1575360d3ea6b9841cb7edc23b024c6482d","status":200,"latency":"0s","ip":"::1","trace_id":"e87178d6cc86d914f7bfe0f4"}
{"time":"2026-08-24T01:09:38.2828068+08:00","level":"INFO","msg":"HTTP 访问","method":"GET","path":"/api/video","status":206,"latency":"8.4034717s","ip":"::1","trace_id":"e5e0b0a08e23632388ee3098"}
{"time":"2026-08-24T01:09:40.0099087+08:00","level":"INFO","msg":"HTTP 访问","method":"GET","path":"/api/system/status","status":200,"latency":"204.1154ms","ip":"::1","trace_id":"16970d5e39824fc6833eedb6"}
{"time":"2026-08-24T01:09:45.0174708+08:00","level":"INFO","msg":"HTTP 访问","method":"GET","path":"/api/system/status","status":200,"latency":"203.6891ms","ip":"::1","trace_id":"bf853e03a2fd353ced61c2e7"}
{"time":"2026-08-24T01:09:50.0053826+08:00","level":"INFO","msg":"HTTP 访问","method":"GET","path":"/api/system/status","status":200,"latency":"203.1472ms","ip":"::1","trace_id":"1487d8b9346800f3c7a73561"}
{"time":"2026-08-24T01:09:55.0075747+08:00","level":"INFO","msg":"HTTP 访问","method":"GET","path":"/api/system/status","status":200,"latency":"203.583ms","ip":"::1","trace_id":"02efe7ef1b9a755b85c249cc"}
{"time":"2026-08-24T01:10:00.0051423+08:00","level":"INFO","msg":"HTTP 访问","method":"GET","path":"/api/system/status","status":200,"latency":"203.1955ms","ip":"::1","trace_id":"6b137cc843c94bf3c04f8f23"}
{"time":"2026-08-24T01:10:05.0058718+08:00","level":"INFO","msg":"HTTP 访问","method":"GET","path":"/api/system/status","status":200,"latency":"203.52ms","ip":"::1","trace_id":"2be552750938593daf6b5708"}
{"time":"2026-08-24T01:10:10.5013521+08:00","level":"INFO","msg":"HTTP 访问","method":"GET","path":"/api/system/status","status":200,"latency":"206.1495ms","ip":"::1","trace_id":"ed9a15c64848966790b8b888"}
{"time":"2026-08-24T01:10:10.7162422+08:00","level":"INFO","msg":"HTTP 访问","method":"GET","path":"/api/system/status","status":200,"latency":"213.2961ms","ip":"::1","trace_id":"7ab8281aa836e8dae23944ce"}
{"time":"2026-08-24T01:10:15.5024419+08:00","level":"INFO","msg":"HTTP 访问","method":"GET","path":"/api/system/status","status":200,"latency":"207.7704ms","ip":"::1","trace_id":"0f52d05c7ea0f0f8aa6e8361"}
{"time":"2026-08-24T01:10:20.4990318+08:00","level":"INFO","msg":"HTTP 访问","method":"GET","path":"/api/system/status","status":200,"latency":"205.3188ms","ip":"::1","trace_id":"db87b296e17aa24d439ebd83"}
{"time":"2026-08-24T01:10:25.5061708+08:00","level":"INFO","msg":"HTTP 访问","method":"GET","path":"/api/system/status","status":200,"latency":"204.253ms","ip":"::1","trace_id":"637a2f3adc89fc34c32aedf4"}
{"time":"2026-08-24T01:10:30.4924819+08:00","level":"INFO","msg":"HTTP 访问","method":"GET","path":"/api/system/status","status":200,"latency":"204.3942ms","ip":"::1","trace_id":"7d725f7906857c24a629b254"}
{"time":"2026-08-24T01:10:35.4988713+08:00","level":"INFO","msg":"HTTP 访问","method":"GET","path":"/api/system/status","status":200,"latency":"203.514ms","ip":"::1","trace_id":"4998c54847dc5a207e6522b6"}
{"time":"2026-08-24T01:10:40.5021122+08:00","level":"INFO","msg":"HTTP 访问","method":"GET","path":"/api/system/status","status":200,"latency":"203.956ms","ip":"::1","trace_id":"16fbf7ede8d8efbbef61dea0"}
{"time":"2026-08-24T01:10:45.5027109+08:00","level":"INFO","msg":"HTTP 访问","method":"GET","path":"/api/system/status","status":200,"latency":"203.9916ms","ip":"::1","trace_id":"768e972b1609fa3ff1fdab6f"}
{"time":"2026-08-24T01:10:50.5020796+08:00","level":"INFO","msg":"HTTP 访问","method":"GET","path":"/api/system/status","status":200,"latency":"203.9428ms","ip":"::1","trace_id":"00496c90f85b8a47d921a8d0"}
{"time":"2026-08-24T01:10:55.5033218+08:00","level":"INFO","msg":"HTTP 访问","method":"GET","path":"/api/system/status","status":200,"latency":"205.4501ms","ip":"::1","trace_id":"a575549cb73339a5d35a076b"}
{"time":"2026-08-24T01:11:10.4995568+08:00","level":"INFO","msg":"HTTP 访问","method":"GET","path":"/api/system/status","status":200,"latency":"204.1868ms","ip":"::1","trace_id":"0760071e229c9d8a2e407bd2"}
{"time":"2026-08-24T01:11:12.5069067+08:00","level":"INFO","msg":"HTTP 访问","method":"GET","path":"/api/system/status","status":200,"latency":"205.6775ms","ip":"::1","trace_id":"ce9e46887513e9d9ee1c76e7"}
{"time":"2026-08-24T01:12:10.5144961+08:00","level":"INFO","msg":"HTTP 访问","method":"GET","path":"/api/system/status","status":200,"latency":"219.0662ms","ip":"::1","trace_id":"e74f2b06de5edbe7745d9918"}
{"time":"2026-08-24T01:12:12.5010873+08:00","level":"INFO","msg":"HTTP 访问","method":"GET","path":"/api/system/status","status":200,"latency":"207.9247ms","ip":"::1","trace_id":"acb1959c04627ff85dd0188e"}
{"time":"2026-08-24T01:13:02.437203+08:00","level":"INFO","msg":"HTTP 访问","method":"GET","path":"/api/system/status","status":200,"latency":"208.2287ms","ip":"::1","trace_id":"d5d3068de3b3980be52021d7"}
{"time":"2026-08-24T01:13:03.3094035+08:00","level":"INFO","msg":"创建播放凭证","file_id":2592,"user_id":0,"mode":"direct"}
{"time":"2026-08-24T01:13:03.3100913+08:00","level":"INFO","msg":"HTTP 访问","method":"POST","path":"/api/play/ticket","status":200,"latency":"687.8µs","ip":"::1","trace_id":"ab5af02ba6f1a14b0046e30d"}
{"time":"2026-08-24T01:13:05.0217433+08:00","level":"INFO","msg":"HTTP 访问","method":"GET","path":"/api/system/status","status":200,"latency":"207.227ms","ip":"::1","trace_id":"16606c53da089425eea43ba5"}
{"time":"2026-08-24T01:13:07.0120017+08:00","level":"INFO","msg":"HTTP 访问","method":"GET","path":"/api/video","status":206,"latency":"3.6972104s","ip":"::1","trace_id":"0baf6c7fab4203836e4007c7"}
{"time":"2026-08-24T01:13:08.2390114+08:00","level":"INFO","msg":"HTTP 访问","method":"GET","path":"/api/video","status":206,"latency":"1.2209562s","ip":"::1","trace_id":"953d8ce4b33446e0ca21dfaf"}
{"time":"2026-08-24T01:13:09.370937+08:00","level":"INFO","msg":"HTTP 访问","method":"GET","path":"/api/video","status":206,"latency":"1.1234324s","ip":"::1","trace_id":"13cb639f042411b18b68ba17"}
{"time":"2026-08-24T01:13:10.0129833+08:00","level":"INFO","msg":"HTTP 访问","method":"GET","path":"/api/system/status","status":200,"latency":"206.52ms","ip":"::1","trace_id":"a1bd66fb6b74d5f359a88a00"}
{"time":"2026-08-24T01:13:10.2264115+08:00","level":"INFO","msg":"HTTP 访问","method":"GET","path":"/api/system/status","status":200,"latency":"207.1048ms","ip":"::1","trace_id":"3d97bd9564adea52cf29427b"}
{"time":"2026-08-24T01:13:10.8089319+08:00","level":"INFO","msg":"HTTP 访问","method":"GET","path":"/api/video","status":206,"latency":"1.4292767s","ip":"::1","trace_id":"c5daa53196d681e4c3dca12d"}
{"time":"2026-08-24T01:13:15.0263738+08:00","level":"INFO","msg":"HTTP 访问","method":"GET","path":"/api/system/status","status":200,"latency":"206.6763ms","ip":"::1","trace_id":"e531f2b9210b62b4ff385a14"}
{"time":"2026-08-24T01:13:20.0174211+08:00","level":"INFO","msg":"HTTP 访问","method":"GET","path":"/api/system/status","status":200,"latency":"206.122ms","ip":"::1","trace_id":"f07815a4daee1c31c7f1580f"}
{"time":"2026-08-24T01:13:23.3412316+08:00","level":"INFO","msg":"HTTP 访问","method":"GET","path":"/api/video","status":206,"latency":"12.5266746s","ip":"::1","trace_id":"8393bbd237ef71be03530a30"}
{"time":"2026-08-24T01:13:23.3830393+08:00","level":"INFO","msg":"HTTP 访问","method":"GET","path":"/api/video","status":206,"latency":"34.4749ms","ip":"::1","trace_id":"66d1ba7414777dce23f5b64e"}
{"time":"2026-08-24T01:13:24.2773794+08:00","level":"INFO","msg":"HTTP 访问","method":"GET","path":"/api/video","status":206,"latency":"22.607ms","ip":"::1","trace_id":"b1f2c64a905b12ed0d22dca7"}
{"time":"2026-08-24T01:13:25.0060375+08:00","level":"INFO","msg":"HTTP 访问","method":"GET","path":"/api/system/status","status":200,"latency":"206.6126ms","ip":"::1","trace_id":"54293e018811969b8e1afbd3"}
{"time":"2026-08-24T01:13:25.6210876+08:00","level":"INFO","msg":"HTTP 访问","method":"GET","path":"/api/video","status":206,"latency":"13.4169ms","ip":"::1","trace_id":"83a1ed43daf2056bc676deae"}
{"time":"2026-08-24T01:13:25.6320377+08:00","level":"INFO","msg":"HTTP 访问","method":"GET","path":"/api/video","status":206,"latency":"7.2427ms","ip":"::1","trace_id":"b24b2b99fc2c352a03ea02a6"}
{"time":"2026-08-24T01:13:25.6467157+08:00","level":"INFO","msg":"HTTP 访问","method":"GET","path":"/api/video","status":206,"latency":"10.6108ms","ip":"::1","trace_id":"0a72ae9ed471c747ebec43a8"}
{"time":"2026-08-24T01:13:25.6609576+08:00","level":"INFO","msg":"HTTP 访问","method":"GET","path":"/api/video","status":206,"latency":"8.6147ms","ip":"::1","trace_id":"503f42f89df535881e6667d5"}
{"time":"2026-08-24T01:13:25.6687025+08:00","level":"INFO","msg":"HTTP 访问","method":"GET","path":"/api/video","status":206,"latency":"7.2223ms","ip":"::1","trace_id":"df40c48c44d0bd5cdc66478d"}
{"time":"2026-08-24T01:13:25.678201+08:00","level":"INFO","msg":"HTTP 访问","method":"GET","path":"/api/video","status":206,"latency":"7.4185ms","ip":"::1","trace_id":"13026d852b32ab1659cb15a0"}
{"time":"2026-08-24T01:13:25.6895149+08:00","level":"INFO","msg":"HTTP 访问","method":"GET","path":"/api/video","status":206,"latency":"9.422ms","ip":"::1","trace_id":"3907826a8a71fa5602e551ed"}
{"time":"2026-08-24T01:13:25.7018471+08:00","level":"INFO","msg":"HTTP 访问","method":"GET","path":"/api/video","status":206,"latency":"9.7218ms","ip":"::1","trace_id":"5a36d0b612040b3bca42c55b"}
{"time":"2026-08-24T01:13:25.7137516+08:00","level":"INFO","msg":"HTTP 访问","method":"GET","path":"/api/video","status":206,"latency":"8.3812ms","ip":"::1","trace_id":"6c3bf6ad1e9f76dd69d4a31d"}
{"time":"2026-08-24T01:13:25.7323436+08:00","level":"INFO","msg":"HTTP 访问","method":"GET","path":"/api/video","status":206,"latency":"3.2124ms","ip":"::1","trace_id":"8716c9a51a029c232a043394"}
{"time":"2026-08-24T01:13:25.7338538+08:00","level":"INFO","msg":"HTTP 访问","method":"GET","path":"/api/video","status":206,"latency":"14.4793ms","ip":"::1","trace_id":"825aeef29cc56e2aec5539e4"}
{"time":"2026-08-24T01:13:25.7409334+08:00","level":"INFO","msg":"HTTP 访问","method":"GET","path":"/api/video","status":206,"latency":"2.5658ms","ip":"::1","trace_id":"4363c122d835100ca91957e8"}
{"time":"2026-08-24T01:13:25.7505256+08:00","level":"INFO","msg":"HTTP 访问","method":"GET","path":"/api/video","status":206,"latency":"2.6677ms","ip":"::1","trace_id":"a468cb22b896ee595f3dbc1b"}
{"time":"2026-08-24T01:13:25.7583531+08:00","level":"INFO","msg":"HTTP 访问","method":"GET","path":"/api/video","status":206,"latency":"1.5416ms","ip":"::1","trace_id":"51db8cab25d6d171ab32dbff"}
{"time":"2026-08-24T01:13:25.7676616+08:00","level":"INFO","msg":"HTTP 访问","method":"GET","path":"/api/video","status":206,"latency":"2.5499ms","ip":"::1","trace_id":"e6b29d57c78c48bb8c6e1a23"}
{"time":"2026-08-24T01:13:25.7770807+08:00","level":"INFO","msg":"HTTP 访问","method":"GET","path":"/api/video","status":206,"latency":"2.6936ms","ip":"::1","trace_id":"be36c0f58b2e5036d202d2a2"}
{"time":"2026-08-24T01:13:25.785915+08:00","level":"INFO","msg":"HTTP 访问","method":"GET","path":"/api/video","status":206,"latency":"2.2598ms","ip":"::1","trace_id":"23c7389b1361857d59e006fe"}
{"time":"2026-08-24T01:13:25.7946523+08:00","level":"INFO","msg":"HTTP 访问","method":"GET","path":"/api/video","status":206,"latency":"2.6977ms","ip":"::1","trace_id":"6ba74a7c4d7face4604588ce"}
{"time":"2026-08-24T01:13:25.804826+08:00","level":"INFO","msg":"HTTP 访问","method":"GET","path":"/api/video","status":206,"latency":"2.0712ms","ip":"::1","trace_id":"c5e5e012abbc2c011577a6a0"}
{"time":"2026-08-24T01:13:25.8137059+08:00","level":"INFO","msg":"HTTP 访问","method":"GET","path":"/api/video","status":206,"latency":"2.8286ms","ip":"::1","trace_id":"b3be79bf4786de339ba93583"}
{"time":"2026-08-24T01:13:25.8213631+08:00","level":"INFO","msg":"HTTP 访问","method":"GET","path":"/api/video","status":206,"latency":"2.2129ms","ip":"::1","trace_id":"85fc6adae6bfbe74a3c15aa1"}
{"time":"2026-08-24T01:13:25.8305517+08:00","level":"INFO","msg":"HTTP 访问","method":"GET","path":"/api/video","status":206,"latency":"2.6046ms","ip":"::1","trace_id":"bf8ce844d10d104cedb2031d"}
{"time":"2026-08-24T01:13:25.8368905+08:00","level":"INFO","msg":"HTTP 访问","method":"GET","path":"/api/video","status":206,"latency":"5.8289ms","ip":"::1","trace_id":"2f189904f4a1626c6401f9cd"}
{"time":"2026-08-24T01:13:25.8419329+08:00","level":"INFO","msg":"HTTP 访问","method":"GET","path":"/api/video","status":206,"latency":"2.5123ms","ip":"::1","trace_id":"9c5c117b8db7fd04d5429b0d"}
{"time":"2026-08-24T01:13:25.8627454+08:00","level":"INFO","msg":"HTTP 访问","method":"GET","path":"/api/video","status":206,"latency":"14.0913ms","ip":"::1","trace_id":"06e4671dad7dcb62ffbe3150"}
{"time":"2026-08-24T01:13:25.8632526+08:00","level":"INFO","msg":"HTTP 访问","method":"GET","path":"/api/video","status":206,"latency":"8.2974ms","ip":"::1","trace_id":"79aa3e53a2611aa17840268d"}
{"time":"2026-08-24T01:13:25.875826+08:00","level":"INFO","msg":"HTTP 访问","method":"GET","path":"/api/video","status":206,"latency":"7.7598ms","ip":"::1","trace_id":"ce2f6bbe8a2c8fcc71172f9c"}
{"time":"2026-08-24T01:13:25.8871182+08:00","level":"INFO","msg":"HTTP 访问","method":"GET","path":"/api/video","status":206,"latency":"5.6073ms","ip":"::1","trace_id":"8acf9945bb9f4daeba06b880"}
{"time":"2026-08-24T01:13:25.8991061+08:00","level":"INFO","msg":"HTTP 访问","method":"GET","path":"/api/video","status":206,"latency":"6.9367ms","ip":"::1","trace_id":"1704a88a9e73736ed7fba059"}
{"time":"2026-08-24T01:13:25.9110868+08:00","level":"INFO","msg":"HTTP 访问","method":"GET","path":"/api/video","status":206,"latency":"7.768ms","ip":"::1","trace_id":"5e0b2949a08f12b11169347d"}
{"time":"2026-08-24T01:13:25.9234959+08:00","level":"INFO","msg":"HTTP 访问","method":"GET","path":"/api/video","status":206,"latency":"7.3391ms","ip":"::1","trace_id":"67d532b15452c925e162d8e1"}
{"time":"2026-08-24T01:13:25.9382802+08:00","level":"INFO","msg":"HTTP 访问","method":"GET","path":"/api/video","status":206,"latency":"9.7656ms","ip":"::1","trace_id":"3b2314bc886c1b2b2eb1e0ba"}
{"time":"2026-08-24T01:13:25.947308+08:00","level":"INFO","msg":"HTTP 访问","method":"GET","path":"/api/video","status":206,"latency":"7.2667ms","ip":"::1","trace_id":"5b5fc7b89a551349ae886248"}
{"time":"2026-08-24T01:13:25.9580643+08:00","level":"INFO","msg":"HTTP 访问","method":"GET","path":"/api/video","status":206,"latency":"5.6759ms","ip":"::1","trace_id":"539810ef6e9038f0106b2105"}
{"time":"2026-08-24T01:13:25.9737514+08:00","level":"INFO","msg":"HTTP 访问","method":"GET","path":"/api/video","status":206,"latency":"8.8562ms","ip":"::1","trace_id":"3dd400f4120ee48ccad3a437"}
{"time":"2026-08-24T01:13:25.9829446+08:00","level":"INFO","msg":"HTTP 访问","method":"GET","path":"/api/video","status":206,"latency":"5.718ms","ip":"::1","trace_id":"7200355d0749a0df2a71c427"}
{"time":"2026-08-24T01:13:25.9972142+08:00","level":"INFO","msg":"HTTP 访问","method":"GET","path":"/api/video","status":206,"latency":"8.9328ms","ip":"::1","trace_id":"ee978a33c8cb741921b687d0"}
{"time":"2026-08-24T01:13:26.0117707+08:00","level":"INFO","msg":"HTTP 访问","method":"GET","path":"/api/video","status":206,"latency":"10.4221ms","ip":"::1","trace_id":"319848081aaa1c7514c3e496"}
{"time":"2026-08-24T01:13:26.0279689+08:00","level":"INFO","msg":"HTTP 访问","method":"GET","path":"/api/video","status":206,"latency":"13.9415ms","ip":"::1","trace_id":"de8d2feba0f6fe5b2532b112"}
{"time":"2026-08-24T01:13:26.0427773+08:00","level":"INFO","msg":"HTTP 访问","method":"GET","path":"/api/video","status":206,"latency":"8.7445ms","ip":"::1","trace_id":"f368f6c806f68201d4d2b49b"}
{"time":"2026-08-24T01:13:26.0526267+08:00","level":"INFO","msg":"HTTP 访问","method":"GET","path":"/api/video","status":206,"latency":"9.3422ms","ip":"::1","trace_id":"f039b697a9608ace0f068964"}
{"time":"2026-08-24T01:13:26.0653507+08:00","level":"INFO","msg":"HTTP 访问","method":"GET","path":"/api/video","status":206,"latency":"1.5062ms","ip":"::1","trace_id":"aa5375e0300fce645bbd0c29"}
{"time":"2026-08-24T01:13:26.0894013+08:00","level":"INFO","msg":"HTTP 访问","method":"GET","path":"/api/video","status":206,"latency":"14.5679ms","ip":"::1","trace_id":"6843a3a1c547447fd5079c31"}
{"time":"2026-08-24T01:13:26.097593+08:00","level":"INFO","msg":"HTTP 访问","method":"GET","path":"/api/video","status":206,"latency":"521.8µs","ip":"::1","trace_id":"c4fe6f1df66e2c0f369b4fc1"}
{"time":"2026-08-24T01:13:26.1061184+08:00","level":"INFO","msg":"HTTP 访问","method":"GET","path":"/api/video","status":206,"latency":"2.57ms","ip":"::1","trace_id":"e180c8cdbfb3d76198b22895"}
{"time":"2026-08-24T01:13:26.1156611+08:00","level":"INFO","msg":"HTTP 访问","method":"GET","path":"/api/video","status":206,"latency":"4.4639ms","ip":"::1","trace_id":"ee56ab406d907fea2a5f0638"}
{"time":"2026-08-24T01:13:26.1453379+08:00","level":"INFO","msg":"HTTP 访问","method":"GET","path":"/api/video","status":206,"latency":"23.135ms","ip":"::1","trace_id":"8d1d749ac8c099249aed6ffb"}
{"time":"2026-08-24T01:13:26.1474915+08:00","level":"INFO","msg":"HTTP 访问","method":"GET","path":"/api/video","status":206,"latency":"5.2841ms","ip":"::1","trace_id":"ab020da2cc5d1621c3e9844e"}
{"time":"2026-08-24T01:13:26.1973661+08:00","level":"INFO","msg":"HTTP 访问","method":"GET","path":"/api/video","status":206,"latency":"47.8754ms","ip":"::1","trace_id":"bdb9d05d1b3833d29c78b373"}
{"time":"2026-08-24T01:13:26.2060142+08:00","level":"INFO","msg":"HTTP 访问","method":"GET","path":"/api/video","status":206,"latency":"3.1145ms","ip":"::1","trace_id":"f6c1494a1e09aca2245a2e8d"}
{"time":"2026-08-24T01:13:27.265925+08:00","level":"INFO","msg":"HTTP 访问","method":"GET","path":"/api/video","status":206,"latency":"10.5877ms","ip":"::1","trace_id":"860632f5ac65efd6f70d1fed"}
{"time":"2026-08-24T01:13:27.3559513+08:00","level":"INFO","msg":"HTTP 访问","method":"GET","path":"/api/video","status":206,"latency":"3.0818ms","ip":"::1","trace_id":"cdd32689a9500d89122e6096"}
{"time":"2026-08-24T01:13:27.4047108+08:00","level":"INFO","msg":"HTTP 访问","method":"GET","path":"/api/video","status":206,"latency":"2.4148ms","ip":"::1","trace_id":"4b5f05ffb3e12464cd4f1a0e"}
{"time":"2026-08-24T01:13:27.4308494+08:00","level":"INFO","msg":"HTTP 访问","method":"GET","path":"/api/video","status":206,"latency":"3.7366ms","ip":"::1","trace_id":"e02476c8963efb62f8b623b4"}
{"time":"2026-08-24T01:13:27.458224+08:00","level":"INFO","msg":"HTTP 访问","method":"GET","path":"/api/video","status":206,"latency":"3.146ms","ip":"::1","trace_id":"0df110ef60fa8eb711f08a8e"}
{"time":"2026-08-24T01:13:27.4793847+08:00","level":"INFO","msg":"HTTP 访问","method":"GET","path":"/api/video","status":206,"latency":"3.3167ms","ip":"::1","trace_id":"6d5a864158512f5c9c4e8ea8"}
{"time":"2026-08-24T01:13:27.4984221+08:00","level":"INFO","msg":"HTTP 访问","method":"GET","path":"/api/video","status":206,"latency":"3.8846ms","ip":"::1","trace_id":"e2f6bd90fa660bf5a86e92cb"}
{"time":"2026-08-24T01:13:27.5107989+08:00","level":"INFO","msg":"HTTP 访问","method":"GET","path":"/api/video","status":206,"latency":"2.2397ms","ip":"::1","trace_id":"f2cda6d382cc962a611e2874"}
{"time":"2026-08-24T01:13:27.5195737+08:00","level":"INFO","msg":"HTTP 访问","method":"GET","path":"/api/video","status":206,"latency":"2.0715ms","ip":"::1","trace_id":"bae0741880d2c2a63658f9dc"}
{"time":"2026-08-24T01:13:27.5324633+08:00","level":"INFO","msg":"HTTP 访问","method":"GET","path":"/api/video","status":206,"latency":"2.3022ms","ip":"::1","trace_id":"f709cb661aeb5052e5cef2c4"}
{"time":"2026-08-24T01:13:27.5499172+08:00","level":"INFO","msg":"HTTP 访问","method":"GET","path":"/api/video","status":206,"latency":"2.0709ms","ip":"::1","trace_id":"8165fb367602b9f276495bc0"}
{"time":"2026-08-24T01:13:27.5636098+08:00","level":"INFO","msg":"HTTP 访问","method":"GET","path":"/api/video","status":206,"latency":"3.6899ms","ip":"::1","trace_id":"245b503c2a94792739a09691"}
{"time":"2026-08-24T01:13:27.5697068+08:00","level":"INFO","msg":"HTTP 访问","method":"GET","path":"/api/video","status":206,"latency":"2.0356ms","ip":"::1","trace_id":"806cee8be3f735ebc2c3ee89"}
{"time":"2026-08-24T01:13:27.5937143+08:00","level":"INFO","msg":"HTTP 访问","method":"GET","path":"/api/video","status":206,"latency":"16.4283ms","ip":"::1","trace_id":"f33adf1faa6f71ed8523393a"}
{"time":"2026-08-24T01:13:27.6063564+08:00","level":"INFO","msg":"HTTP 访问","method":"GET","path":"/api/video","status":206,"latency":"9.3964ms","ip":"::1","trace_id":"f8238963400cddb2304e9f65"}
{"time":"2026-08-24T01:13:27.6187012+08:00","level":"INFO","msg":"HTTP 访问","method":"GET","path":"/api/video","status":206,"latency":"8.7923ms","ip":"::1","trace_id":"4d0ecf8c369a8a8349a5656b"}
{"time":"2026-08-24T01:13:27.6343756+08:00","level":"INFO","msg":"HTTP 访问","method":"GET","path":"/api/video","status":206,"latency":"3.3781ms","ip":"::1","trace_id":"cc2fce7eb4f356be9b59392b"}
{"time":"2026-08-24T01:13:27.6487471+08:00","level":"INFO","msg":"HTTP 访问","method":"GET","path":"/api/video","status":206,"latency":"2.9198ms","ip":"::1","trace_id":"9cf6bbb7715ceba9ee3fa127"}
{"time":"2026-08-24T01:13:27.6715208+08:00","level":"INFO","msg":"HTTP 访问","method":"GET","path":"/api/video","status":206,"latency":"2.0697ms","ip":"::1","trace_id":"83f105bba6bffaa5f14bd876"}
{"time":"2026-08-24T01:13:27.6982727+08:00","level":"INFO","msg":"HTTP 访问","method":"GET","path":"/api/video","status":206,"latency":"3.2ms","ip":"::1","trace_id":"7de825405203a03ab5619a34"}
{"time":"2026-08-24T01:13:27.7156027+08:00","level":"INFO","msg":"HTTP 访问","method":"GET","path":"/api/video","status":206,"latency":"4.661ms","ip":"::1","trace_id":"a6ae24977e9e3b0462c0059e"}
{"time":"2026-08-24T01:13:27.7442222+08:00","level":"INFO","msg":"HTTP 访问","method":"GET","path":"/api/video","status":206,"latency":"2.0929ms","ip":"::1","trace_id":"1005b600914cb067b01ae6a4"}
{"time":"2026-08-24T01:13:27.763799+08:00","level":"INFO","msg":"HTTP 访问","method":"GET","path":"/api/video","status":206,"latency":"3.0868ms","ip":"::1","trace_id":"d5f8139d1addd24981a821d5"}
{"time":"2026-08-24T01:13:27.7830312+08:00","level":"INFO","msg":"HTTP 访问","method":"GET","path":"/api/video","status":206,"latency":"4.132ms","ip":"::1","trace_id":"ab208db36e63876385c91101"}
{"time":"2026-08-24T01:13:27.8043299+08:00","level":"INFO","msg":"HTTP 访问","method":"GET","path":"/api/video","status":206,"latency":"2.061ms","ip":"::1","trace_id":"f16952d4eef9deeacdcdf8d6"}
{"time":"2026-08-24T01:13:27.8286599+08:00","level":"INFO","msg":"HTTP 访问","method":"GET","path":"/api/video","status":206,"latency":"2.3075ms","ip":"::1","trace_id":"212e93f440c811e2da321ce1"}
{"time":"2026-08-24T01:13:27.8654524+08:00","level":"INFO","msg":"HTTP 访问","method":"GET","path":"/api/video","status":206,"latency":"2.4991ms","ip":"::1","trace_id":"ea33f2dffe697d33e4fefd3d"}
{"time":"2026-08-24T01:13:28.6666715+08:00","level":"INFO","msg":"HTTP 访问","method":"GET","path":"/api/video","status":206,"latency":"9.1261ms","ip":"::1","trace_id":"bd5b588a93001f91d7e07947"}
{"time":"2026-08-24T01:13:28.7694455+08:00","level":"INFO","msg":"HTTP 访问","method":"GET","path":"/api/video","status":206,"latency":"1.5501ms","ip":"::1","trace_id":"7ed2a98b2d687c6dd407dc70"}
{"time":"2026-08-24T01:13:28.8067443+08:00","level":"INFO","msg":"HTTP 访问","method":"GET","path":"/api/video","status":206,"latency":"2.0868ms","ip":"::1","trace_id":"c48c63c7e7f376ac00380dec"}
{"time":"2026-08-24T01:13:28.8290969+08:00","level":"INFO","msg":"HTTP 访问","method":"GET","path":"/api/video","status":206,"latency":"2.4251ms","ip":"::1","trace_id":"69ea2077280d05f76b3a81c6"}
{"time":"2026-08-24T01:13:28.8537716+08:00","level":"INFO","msg":"HTTP 访问","method":"GET","path":"/api/video","status":206,"latency":"2.0855ms","ip":"::1","trace_id":"5ceaf8413efac0a3c25ee750"}
{"time":"2026-08-24T01:13:28.8696545+08:00","level":"INFO","msg":"HTTP 访问","method":"GET","path":"/api/video","status":206,"latency":"2.2659ms","ip":"::1","trace_id":"c5e7e9eaab60d1e95ebd6f79"}
{"time":"2026-08-24T01:13:28.8924975+08:00","level":"INFO","msg":"HTTP 访问","method":"GET","path":"/api/video","status":206,"latency":"3.1069ms","ip":"::1","trace_id":"c376041c601ab6179d46d536"}
{"time":"2026-08-24T01:13:28.9022815+08:00","level":"INFO","msg":"HTTP 访问","method":"GET","path":"/api/video","status":206,"latency":"2.5564ms","ip":"::1","trace_id":"8a81295d5fe0794bc4f5cc2d"}
{"time":"2026-08-24T01:13:28.9245364+08:00","level":"INFO","msg":"HTTP 访问","method":"GET","path":"/api/video","status":206,"latency":"2.097ms","ip":"::1","trace_id":"0e765477b99542c0d20313ce"}
{"time":"2026-08-24T01:13:28.9684003+08:00","level":"INFO","msg":"HTTP 访问","method":"GET","path":"/api/video","status":206,"latency":"3.5066ms","ip":"::1","trace_id":"8535bb5102df8140478ebed9"}
{"time":"2026-08-24T01:13:29.0046229+08:00","level":"INFO","msg":"HTTP 访问","method":"GET","path":"/api/video","status":206,"latency":"3.6195ms","ip":"::1","trace_id":"9f7bb97ff21b10554ae230e9"}
{"time":"2026-08-24T01:13:30.0316075+08:00","level":"INFO","msg":"HTTP 访问","method":"GET","path":"/api/system/status","status":200,"latency":"207.2686ms","ip":"::1","trace_id":"3664d1ac43cf016f5e546e1d"}
{"time":"2026-08-24T01:13:35.0075239+08:00","level":"INFO","msg":"HTTP 访问","method":"GET","path":"/api/system/status","status":200,"latency":"206.3204ms","ip":"::1","trace_id":"19c8082c176fc0335e5b950e"}
{"time":"2026-08-24T01:13:39.0905052+08:00","level":"INFO","msg":"HTTP 访问","method":"DELETE","path":"/api/play/ticket/8c381e1beb1fa28bfd0a89ba29e59a8604d978c95f741380be692d6db5ff9674","status":200,"latency":"0s","ip":"::1","trace_id":"435bb27c7f31a55eaba73c75"}
{"time":"2026-08-24T01:13:40.0071141+08:00","level":"INFO","msg":"HTTP 访问","method":"GET","path":"/api/system/status","status":200,"latency":"206.8834ms","ip":"::1","trace_id":"272f0c26681de925d8461fa0"}
{"time":"2026-08-24T01:13:45.0140729+08:00","level":"INFO","msg":"HTTP 访问","method":"GET","path":"/api/system/status","status":200,"latency":"207.6247ms","ip":"::1","trace_id":"1b5f28fff2878115897f1792"}
{"time":"2026-08-24T01:13:50.0063921+08:00","level":"INFO","msg":"HTTP 访问","method":"GET","path":"/api/system/status","status":200,"latency":"206.5276ms","ip":"::1","trace_id":"3f6ee2f5113ec82c174e8511"}
{"time":"2026-08-24T01:13:55.0078449+08:00","level":"INFO","msg":"HTTP 访问","method":"GET","path":"/api/system/status","status":200,"latency":"206.8009ms","ip":"::1","trace_id":"b900d75bc6a708b277135165"}
{"time":"2026-08-24T01:14:00.0149759+08:00","level":"INFO","msg":"HTTP 访问","method":"GET","path":"/api/system/status","status":200,"latency":"206.829ms","ip":"::1","trace_id":"8f8c3bf4c885b124d238db63"}
{"time":"2026-08-24T01:14:05.0228665+08:00","level":"INFO","msg":"HTTP 访问","method":"GET","path":"/api/system/status","status":200,"latency":"208.3069ms","ip":"::1","trace_id":"2385e2a223aead22e85ae61b"}
{"time":"2026-08-24T01:14:10.5032828+08:00","level":"INFO","msg":"HTTP 访问","method":"GET","path":"/api/system/status","status":200,"latency":"206.1032ms","ip":"::1","trace_id":"7e9c9b08f3fa7f3c14299fc2"}
{"time":"2026-08-24T01:14:10.718625+08:00","level":"INFO","msg":"HTTP 访问","method":"GET","path":"/api/system/status","status":200,"latency":"209.2368ms","ip":"::1","trace_id":"629c37c2016ec569557e6c0c"}
{"time":"2026-08-24T01:14:15.5075901+08:00","level":"INFO","msg":"HTTP 访问","method":"GET","path":"/api/system/status","status":200,"latency":"207.6991ms","ip":"::1","trace_id":"cb9b18870e8856a34680b058"}
{"time":"2026-08-24T01:14:20.5108103+08:00","level":"INFO","msg":"HTTP 访问","method":"GET","path":"/api/system/status","status":200,"latency":"207.8703ms","ip":"::1","trace_id":"0a0a0309c49d45711a125ba8"}
{"time":"2026-08-24T01:14:25.5058858+08:00","level":"INFO","msg":"HTTP 访问","method":"GET","path":"/api/system/status","status":200,"latency":"207.3405ms","ip":"::1","trace_id":"8c3c1890f60bff5c117135ab"}
{"time":"2026-08-24T01:14:30.5048377+08:00","level":"INFO","msg":"HTTP 访问","method":"GET","path":"/api/system/status","status":200,"latency":"206.1636ms","ip":"::1","trace_id":"340f8ef0baa9e5d70c3b861b"}
{"time":"2026-08-24T01:14:35.512404+08:00","level":"INFO","msg":"HTTP 访问","method":"GET","path":"/api/system/status","status":200,"latency":"209.1365ms","ip":"::1","trace_id":"8c3f53efb869508e75aea4e7"}
{"time":"2026-08-24T01:14:40.5050221+08:00","level":"INFO","msg":"HTTP 访问","method":"GET","path":"/api/system/status","status":200,"latency":"204.7377ms","ip":"::1","trace_id":"60df8fadc4a3c41e85b36c2c"}
{"time":"2026-08-24T01:14:45.5080237+08:00","level":"INFO","msg":"HTTP 访问","method":"GET","path":"/api/system/status","status":200,"latency":"205.8305ms","ip":"::1","trace_id":"acc75a5bbac98c34329ceed5"}
{"time":"2026-08-24T01:14:50.4981963+08:00","level":"INFO","msg":"HTTP 访问","method":"GET","path":"/api/system/status","status":200,"latency":"206.1393ms","ip":"::1","trace_id":"52cad54f6db177c2877f356d"}
{"time":"2026-08-24T01:14:55.5070702+08:00","level":"INFO","msg":"HTTP 访问","method":"GET","path":"/api/system/status","status":200,"latency":"206.6399ms","ip":"::1","trace_id":"aa93cd23165195f666091317"}
{"time":"2026-08-24T01:15:00.5093128+08:00","level":"INFO","msg":"HTTP 访问","method":"GET","path":"/api/system/status","status":200,"latency":"206.2618ms","ip":"::1","trace_id":"4acc1a89faf7c6265775252c"}
{"time":"2026-08-24T01:15:10.5054839+08:00","level":"INFO","msg":"HTTP 访问","method":"GET","path":"/api/system/status","status":200,"latency":"204.894ms","ip":"::1","trace_id":"66b8cb03311dc51e3d109fe2"}
{"time":"2026-08-24T01:15:12.508453+08:00","level":"INFO","msg":"HTTP 访问","method":"GET","path":"/api/system/status","status":200,"latency":"206.2416ms","ip":"::1","trace_id":"323a86edfa19ef36546a1ddb"}
{"time":"2026-08-24T01:15:32.4784652+08:00","level":"INFO","msg":"HTTP 访问","method":"GET","path":"/api/system/status","status":200,"latency":"208.0061ms","ip":"::1","trace_id":"4bfd435e3cae30cfde12e490"}
{"time":"2026-08-24T01:15:33.6040639+08:00","level":"INFO","msg":"创建播放凭证","file_id":2592,"user_id":0,"mode":"direct"}
{"time":"2026-08-24T01:15:33.6040639+08:00","level":"INFO","msg":"HTTP 访问","method":"POST","path":"/api/play/ticket","status":200,"latency":"0s","ip":"::1","trace_id":"193976bd791920d37ac56a01"}
{"time":"2026-08-24T01:15:35.0133236+08:00","level":"INFO","msg":"HTTP 访问","method":"GET","path":"/api/system/status","status":200,"latency":"207.0508ms","ip":"::1","trace_id":"6120ee3c09077e615c46afcb"}
{"time":"2026-08-24T01:15:35.8495435+08:00","level":"INFO","msg":"HTTP 访问","method":"DELETE","path":"/api/play/ticket/3869518a630ededdf29702cfc1e13b1da2e87919907d6b9c9f94529f22147bb3","status":200,"latency":"0s","ip":"::1","trace_id":"48fc64ead1cb341658318969"}
{"time":"2026-08-24T01:15:35.8526552+08:00","level":"INFO","msg":"HTTP 访问","method":"GET","path":"/api/video","status":206,"latency":"2.2393419s","ip":"::1","trace_id":"55e7c6af2e22b01ebda23b3b"}
{"time":"2026-08-24T01:15:37.0496611+08:00","level":"INFO","msg":"创建播放凭证","file_id":2592,"user_id":0,"mode":"direct"}
{"time":"2026-08-24T01:15:37.0501641+08:00","level":"INFO","msg":"HTTP 访问","method":"POST","path":"/api/play/ticket","status":200,"latency":"503µs","ip":"::1","trace_id":"fd3518ee60152c5f9b6f97c0"}
{"time":"2026-08-24T01:15:40.0209949+08:00","level":"INFO","msg":"HTTP 访问","method":"GET","path":"/api/system/status","status":200,"latency":"208.99ms","ip":"::1","trace_id":"8cb507c6e47917eb3585b2b7"}
{"time":"2026-08-24T01:15:45.0080604+08:00","level":"INFO","msg":"HTTP 访问","method":"GET","path":"/api/system/status","status":200,"latency":"207.0461ms","ip":"::1","trace_id":"5b665678c994e7b79c9d4c55"}
{"time":"2026-08-24T01:15:50.0292126+08:00","level":"INFO","msg":"HTTP 访问","method":"GET","path":"/api/system/status","status":200,"latency":"216.0582ms","ip":"::1","trace_id":"f03ba116122ac438ae625f70"}
{"time":"2026-08-24T01:15:50.217037+08:00","level":"INFO","msg":"HTTP 访问","method":"DELETE","path":"/api/play/ticket/dce531453159cbaf9595bc092cadabf6e2bb19084e32929681860dc491da7753","status":200,"latency":"0s","ip":"::1","trace_id":"5d3452068794f65fddef95fc"}
{"time":"2026-08-24T01:15:50.2221363+08:00","level":"INFO","msg":"HTTP 访问","method":"GET","path":"/api/video","status":206,"latency":"13.1675327s","ip":"::1","trace_id":"cf48af635bc422fef1e30f88"}
{"time":"2026-08-24T01:15:55.032423+08:00","level":"INFO","msg":"HTTP 访问","method":"GET","path":"/api/system/status","status":200,"latency":"232.6689ms","ip":"::1","trace_id":"0369d09f7960f22d3d7bf11e"}
{"time":"2026-08-24T01:16:00.0134614+08:00","level":"INFO","msg":"HTTP 访问","method":"GET","path":"/api/system/status","status":200,"latency":"208.5405ms","ip":"::1","trace_id":"609651dc563173efef34b99e"}
{"time":"2026-08-24T01:16:05.0165252+08:00","level":"INFO","msg":"HTTP 访问","method":"GET","path":"/api/system/status","status":200,"latency":"205.4859ms","ip":"::1","trace_id":"99547b227b428d9d2441222b"}
{"time":"2026-08-24T01:16:10.0107132+08:00","level":"INFO","msg":"HTTP 访问","method":"GET","path":"/api/system/status","status":200,"latency":"204.9262ms","ip":"::1","trace_id":"800a6fccd5ca91304cdc5ef2"}
{"time":"2026-08-24T01:16:10.2245154+08:00","level":"INFO","msg":"HTTP 访问","method":"GET","path":"/api/system/status","status":200,"latency":"206.2527ms","ip":"::1","trace_id":"af341441f0a9839c9fd69e81"}
{"time":"2026-08-24T01:16:15.0078365+08:00","level":"INFO","msg":"HTTP 访问","method":"GET","path":"/api/system/status","status":200,"latency":"207.1776ms","ip":"::1","trace_id":"223a5a9cba355c94e2f54ab8"}
{"time":"2026-08-24T01:16:20.5064143+08:00","level":"INFO","msg":"HTTP 访问","method":"GET","path":"/api/system/status","status":200,"latency":"205.9178ms","ip":"::1","trace_id":"96f11f9502a2bd98dfe12e6d"}
{"time":"2026-08-24T01:16:25.5056821+08:00","level":"INFO","msg":"HTTP 访问","method":"GET","path":"/api/system/status","status":200,"latency":"204.8528ms","ip":"::1","trace_id":"83a4a44852d7c2afa0718543"}
{"time":"2026-08-24T01:16:30.5181289+08:00","level":"INFO","msg":"HTTP 访问","method":"GET","path":"/api/system/status","status":200,"latency":"215.023ms","ip":"::1","trace_id":"8c4231961bf98ded82450771"}
{"time":"2026-08-24T01:16:35.5152244+08:00","level":"INFO","msg":"HTTP 访问","method":"GET","path":"/api/system/status","status":200,"latency":"207.0011ms","ip":"::1","trace_id":"815a76933525a7f3f90fdf85"}
{"time":"2026-08-24T01:16:40.508157+08:00","level":"INFO","msg":"HTTP 访问","method":"GET","path":"/api/system/status","status":200,"latency":"205.8533ms","ip":"::1","trace_id":"26b70a06fc964111666cfe39"}
{"time":"2026-08-24T01:16:45.506257+08:00","level":"INFO","msg":"HTTP 访问","method":"GET","path":"/api/system/status","status":200,"latency":"205.543ms","ip":"::1","trace_id":"dcfbf6eb880159ade20a8cdb"}
{"time":"2026-08-24T01:16:50.5080188+08:00","level":"INFO","msg":"HTTP 访问","method":"GET","path":"/api/system/status","status":200,"latency":"209.5984ms","ip":"::1","trace_id":"f76726f83821f339c18ef29c"}
{"time":"2026-08-24T01:17:12.5020795+08:00","level":"INFO","msg":"HTTP 访问","method":"GET","path":"/api/system/status","status":200,"latency":"206.1152ms","ip":"::1","trace_id":"50cea10aadeb28b6132572c9"}
{"time":"2026-08-24T01:17:12.7132994+08:00","level":"INFO","msg":"HTTP 访问","method":"GET","path":"/api/system/status","status":200,"latency":"209.1266ms","ip":"::1","trace_id":"e08919fdfb554e4db6295fd9"}
{"time":"2026-08-24T01:18:12.5063397+08:00","level":"INFO","msg":"HTTP 访问","method":"GET","path":"/api/system/status","status":200,"latency":"205.7794ms","ip":"::1","trace_id":"733f70cf9c3adb09fc136cc1"}
{"time":"2026-08-24T01:18:12.7144494+08:00","level":"INFO","msg":"HTTP 访问","method":"GET","path":"/api/system/status","status":200,"latency":"206.4116ms","ip":"::1","trace_id":"60a8304f45a317d33edca8d3"}
{"time":"2026-08-24T01:19:12.502936+08:00","level":"INFO","msg":"HTTP 访问","method":"GET","path":"/api/system/status","status":200,"latency":"205.8785ms","ip":"::1","trace_id":"507e881928815e9a0b5d845d"}
{"time":"2026-08-24T01:19:12.7114954+08:00","level":"INFO","msg":"HTTP 访问","method":"GET","path":"/api/system/status","status":200,"latency":"206.9471ms","ip":"::1","trace_id":"6a946c60eeed1a04912008a3"}
{"time":"2026-08-24T01:20:12.5074006+08:00","level":"INFO","msg":"HTTP 访问","method":"GET","path":"/api/system/status","status":200,"latency":"206.2404ms","ip":"::1","trace_id":"9ba36ffd95fa00e0d70909d4"}
{"time":"2026-08-24T01:20:12.7156017+08:00","level":"INFO","msg":"HTTP 访问","method":"GET","path":"/api/system/status","status":200,"latency":"207.5874ms","ip":"::1","trace_id":"b885507b963c85961284c7aa"}
{"time":"2026-08-24T01:29:31.0800619+08:00","level":"INFO","msg":"HTTP 访问","method":"GET","path":"/api/system/status","status":200,"latency":"207.0178ms","ip":"::1","trace_id":"49fe9a915b156256e76c2bc2"}
{"time":"2026-08-24T01:29:31.2934902+08:00","level":"INFO","msg":"HTTP 访问","method":"GET","path":"/api/system/status","status":200,"latency":"206.3703ms","ip":"::1","trace_id":"aedb95e21e56ef563305ec8b"}
{"time":"2026-08-24T01:29:32.6339004+08:00","level":"INFO","msg":"HTTP 访问","method":"GET","path":"/api/files","status":200,"latency":"59.3199ms","ip":"::1","trace_id":"a9b952157fc643c977df3670"}
{"time":"2026-08-24T01:29:32.6812589+08:00","level":"INFO","msg":"HTTP 访问","method":"GET","path":"/api/storage/stats","status":200,"latency":"43.5211ms","ip":"::1","trace_id":"3e59fb97c0267935435f3471"}
{"time":"2026-08-24T01:29:34.7620035+08:00","level":"INFO","msg":"HTTP 访问","method":"GET","path":"/api/files","status":200,"latency":"1.5365ms","ip":"::1","trace_id":"e841eea68077587afad8161f"}
{"time":"2026-08-24T01:29:34.8131363+08:00","level":"INFO","msg":"HTTP 访问","method":"GET","path":"/api/storage/stats","status":200,"latency":"44.394ms","ip":"::1","trace_id":"6c99912186e920fd793680bb"}
{"time":"2026-08-24T01:29:35.0148494+08:00","level":"INFO","msg":"HTTP 访问","method":"GET","path":"/api/system/status","status":200,"latency":"206.9452ms","ip":"::1","trace_id":"b54cd88bc9f5304509e4d4dd"}
{"time":"2026-08-24T01:29:37.192534+08:00","level":"INFO","msg":"HTTP 访问","method":"GET","path":"/api/files","status":200,"latency":"3.0355ms","ip":"::1","trace_id":"7a1e6efcb58047ab896ceded"}
{"time":"2026-08-24T01:29:37.245563+08:00","level":"INFO","msg":"HTTP 访问","method":"GET","path":"/api/storage/stats","status":200,"latency":"49.4892ms","ip":"::1","trace_id":"c10843413823ed4f44d22b87"}
{"time":"2026-08-24T01:29:38.2988163+08:00","level":"INFO","msg":"创建播放凭证","file_id":2631,"user_id":0,"mode":"direct"}
{"time":"2026-08-24T01:29:38.2996187+08:00","level":"INFO","msg":"HTTP 访问","method":"POST","path":"/api/play/ticket","status":200,"latency":"802.4µs","ip":"::1","trace_id":"c2a9dd50c780b1149bafb485"}
{"time":"2026-08-24T01:29:38.3511857+08:00","level":"INFO","msg":"HTTP 访问","method":"GET","path":"/api/video","status":206,"latency":"44.4507ms","ip":"::1","trace_id":"6528c5b71440ef5c06e1f6e9"}
{"time":"2026-08-24T01:29:40.0108155+08:00","level":"INFO","msg":"HTTP 访问","method":"GET","path":"/api/system/status","status":200,"latency":"208.4966ms","ip":"::1","trace_id":"23ca35dfc335f414236ce290"}
{"time":"2026-08-24T01:29:45.0102222+08:00","level":"INFO","msg":"HTTP 访问","method":"GET","path":"/api/system/status","status":200,"latency":"207.0366ms","ip":"::1","trace_id":"b370b2d81e436342b861565d"}
{"time":"2026-08-24T01:29:46.9058949+08:00","level":"INFO","msg":"HTTP 访问","method":"DELETE","path":"/api/play/ticket/e6db0cc3593556b1a327863f177876dc767f848220e359bf47b18571d20b4bb0","status":200,"latency":"0s","ip":"::1","trace_id":"f6bb1919a6908bef79e361e8"}
{"time":"2026-08-24T01:29:50.0079292+08:00","level":"INFO","msg":"HTTP 访问","method":"GET","path":"/api/system/status","status":200,"latency":"205.962ms","ip":"::1","trace_id":"b8a2ef111c736c33355c4d13"}
{"time":"2026-08-24T01:29:55.0165766+08:00","level":"INFO","msg":"HTTP 访问","method":"GET","path":"/api/system/status","status":200,"latency":"204.4327ms","ip":"::1","trace_id":"f1f82cc3e1ea1a69c0da7df3"}
{"time":"2026-08-24T01:30:00.0108354+08:00","level":"INFO","msg":"HTTP 访问","method":"GET","path":"/api/system/status","status":200,"latency":"206.0825ms","ip":"::1","trace_id":"77f6500465567b4f1344a916"}
{"time":"2026-08-24T01:30:05.0130614+08:00","level":"INFO","msg":"HTTP 访问","method":"GET","path":"/api/system/status","status":200,"latency":"203.3027ms","ip":"::1","trace_id":"19b4105a69637a00e8708fb1"}
{"time":"2026-08-24T01:30:10.0109982+08:00","level":"INFO","msg":"HTTP 访问","method":"GET","path":"/api/system/status","status":200,"latency":"203.902ms","ip":"::1","trace_id":"3b0be532bda7bfe6eff19024"}
{"time":"2026-08-24T01:30:10.2156968+08:00","level":"INFO","msg":"HTTP 访问","method":"GET","path":"/api/system/status","status":200,"latency":"203.6657ms","ip":"::1","trace_id":"dafb395ae126eedf9d5625bb"}
{"time":"2026-08-24T01:30:15.0089619+08:00","level":"INFO","msg":"HTTP 访问","method":"GET","path":"/api/system/status","status":200,"latency":"203.5352ms","ip":"::1","trace_id":"eeec89193409c41ea509faef"}
{"time":"2026-08-24T01:30:20.4992108+08:00","level":"INFO","msg":"HTTP 访问","method":"GET","path":"/api/system/status","status":200,"latency":"203.0027ms","ip":"::1","trace_id":"d5521a7c1fbddd47fbfeae61"}
{"time":"2026-08-24T01:30:25.5066906+08:00","level":"INFO","msg":"HTTP 访问","method":"GET","path":"/api/system/status","status":200,"latency":"204.1942ms","ip":"::1","trace_id":"2dd2f934effc7931ef738251"}
{"time":"2026-08-24T01:30:30.5167304+08:00","level":"INFO","msg":"HTTP 访问","method":"GET","path":"/api/system/status","status":200,"latency":"204.1462ms","ip":"::1","trace_id":"efea122b40cec4f4c9b66a4b"}
{"time":"2026-08-24T01:30:35.495791+08:00","level":"INFO","msg":"HTTP 访问","method":"GET","path":"/api/system/status","status":200,"latency":"202.6886ms","ip":"::1","trace_id":"925b2e05e687a913e2e206db"}
{"time":"2026-08-24T01:30:40.5058458+08:00","level":"INFO","msg":"HTTP 访问","method":"GET","path":"/api/system/status","status":200,"latency":"203.8167ms","ip":"::1","trace_id":"0cf28f5c730a3ea4f906ac8f"}
{"time":"2026-08-24T01:30:45.5066794+08:00","level":"INFO","msg":"HTTP 访问","method":"GET","path":"/api/system/status","status":200,"latency":"203.6958ms","ip":"::1","trace_id":"ee64f55b97d9553ab80992ed"}
{"time":"2026-08-24T01:31:12.4036936+08:00","level":"INFO","msg":"HTTP 访问","method":"GET","path":"/","status":200,"latency":"0s","ip":"172.31.200.30","trace_id":"c4008c31d076806884c029ed"}
{"time":"2026-08-24T01:31:12.4238187+08:00","level":"INFO","msg":"HTTP 访问","method":"GET","path":"/js/video-js-8.24.0/video-js.min.css","status":200,"latency":"0s","ip":"172.31.200.30","trace_id":"b79a1f96ca0070aec33f968b"}
{"time":"2026-08-24T01:31:12.4238187+08:00","level":"INFO","msg":"HTTP 访问","method":"GET","path":"/css/style.css","status":200,"latency":"0s","ip":"172.31.200.30","trace_id":"e60ae72ad8df6007efb86550"}
{"time":"2026-08-24T01:31:12.4331288+08:00","level":"INFO","msg":"HTTP 访问","method":"GET","path":"/js/app.js","status":200,"latency":"0s","ip":"172.31.200.30","trace_id":"bc88517fa69a568124dffc71"}
{"time":"2026-08-24T01:31:12.501595+08:00","level":"INFO","msg":"HTTP 访问","method":"GET","path":"/api/system/status","status":200,"latency":"209.9282ms","ip":"::1","trace_id":"9fc3595a0a930770c022e11a"}
{"time":"2026-08-24T01:31:12.5364726+08:00","level":"INFO","msg":"HTTP 访问","method":"GET","path":"/js/video-js-8.24.0/video.min.js","status":200,"latency":"103.3438ms","ip":"172.31.200.30","trace_id":"002cc98b1e39fbac67f00e9c"}
{"time":"2026-08-24T01:31:12.6664401+08:00","level":"INFO","msg":"HTTP 访问","method":"GET","path":"/favicon.ico","status":200,"latency":"1.5134ms","ip":"172.31.200.30","trace_id":"341320829290ef929b8e7285"}
{"time":"2026-08-24T01:31:12.7154622+08:00","level":"INFO","msg":"HTTP 访问","method":"GET","path":"/api/system/status","status":200,"latency":"203.1987ms","ip":"::1","trace_id":"5f02df89c29b6498904d2934"}
{"time":"2026-08-24T01:31:25.1096455+08:00","level":"INFO","msg":"HTTP 访问","method":"POST","path":"/api/auth/login","status":200,"latency":"40.1584ms","ip":"172.31.200.30","trace_id":"a3dceae611e7ada8218b94aa"}
{"time":"2026-08-24T01:31:25.1221318+08:00","level":"INFO","msg":"HTTP 访问","method":"GET","path":"/api/auth/me","status":200,"latency":"0s","ip":"172.31.200.30","trace_id":"b1e6e7998a83ea6b9e3943ee"}
{"time":"2026-08-24T01:31:25.3460946+08:00","level":"INFO","msg":"HTTP 访问","method":"GET","path":"/api/system/status","status":200,"latency":"204.8093ms","ip":"172.31.200.30","trace_id":"d9ae070f80c9dc02345954df"}
{"time":"2026-08-24T01:31:25.5568156+08:00","level":"INFO","msg":"HTTP 访问","method":"GET","path":"/api/system/status","status":200,"latency":"202.7837ms","ip":"172.31.200.30","trace_id":"1c1c1f843b81d52bce8b30c7"}
{"time":"2026-08-24T01:31:29.1217183+08:00","level":"INFO","msg":"HTTP 访问","method":"GET","path":"/api/files","status":200,"latency":"33.2086ms","ip":"172.31.200.30","trace_id":"a9bae8fbec2fb0670f839df4"}
{"time":"2026-08-24T01:31:29.2693563+08:00","level":"INFO","msg":"HTTP 访问","method":"GET","path":"/api/storage/stats","status":200,"latency":"26.204ms","ip":"172.31.200.30","trace_id":"78d6a16aaf18aa8eb88a086b"}
{"time":"2026-08-24T01:31:30.3679134+08:00","level":"INFO","msg":"HTTP 访问","method":"GET","path":"/api/system/status","status":200,"latency":"205.483ms","ip":"172.31.200.30","trace_id":"a4a50c54fad1992f2b2504c2"}
{"time":"2026-08-24T01:31:30.4653876+08:00","level":"INFO","msg":"HTTP 访问","method":"GET","path":"/api/files","status":200,"latency":"714.2µs","ip":"172.31.200.30","trace_id":"cc2e10ed93836152ec2130f5"}
{"time":"2026-08-24T01:31:30.5021407+08:00","level":"INFO","msg":"HTTP 访问","method":"GET","path":"/api/storage/stats","status":200,"latency":"23.679ms","ip":"172.31.200.30","trace_id":"b2e458781f323390fa700716"}
{"time":"2026-08-24T01:31:35.0007539+08:00","level":"INFO","msg":"HTTP 访问","method":"GET","path":"/api/files","status":200,"latency":"34.1183ms","ip":"172.31.200.30","trace_id":"30ece4049f5ea14ad944126f"}
{"time":"2026-08-24T01:31:35.0424896+08:00","level":"INFO","msg":"HTTP 访问","method":"GET","path":"/api/storage/stats","status":200,"latency":"23.2878ms","ip":"172.31.200.30","trace_id":"777654a9abfb8b79586e5ce5"}
{"time":"2026-08-24T01:31:35.3703429+08:00","level":"INFO","msg":"HTTP 访问","method":"GET","path":"/api/system/status","status":200,"latency":"202.4423ms","ip":"172.31.200.30","trace_id":"45544a096f676883fac28ab2"}
{"time":"2026-08-24T01:31:35.7179016+08:00","level":"INFO","msg":"HTTP 访问","method":"GET","path":"/api/files","status":200,"latency":"503.7µs","ip":"172.31.200.30","trace_id":"8a0fd42bac425e433c4603d4"}
{"time":"2026-08-24T01:31:35.7571371+08:00","level":"INFO","msg":"HTTP 访问","method":"GET","path":"/api/storage/stats","status":200,"latency":"24.0698ms","ip":"172.31.200.30","trace_id":"48d959cdac3e04bd201c2ad2"}
{"time":"2026-08-24T01:31:37.1436222+08:00","level":"INFO","msg":"HTTP 访问","method":"GET","path":"/api/files","status":200,"latency":"34.3378ms","ip":"172.31.200.30","trace_id":"0537878258145832707f883c"}
{"time":"2026-08-24T01:31:37.1856272+08:00","level":"INFO","msg":"HTTP 访问","method":"GET","path":"/api/storage/stats","status":200,"latency":"26.8823ms","ip":"172.31.200.30","trace_id":"7c8870bac11760cb88fa25fc"}
{"time":"2026-08-24T01:31:38.5599036+08:00","level":"INFO","msg":"HTTP 访问","method":"GET","path":"/api/files","status":200,"latency":"1.5144ms","ip":"172.31.200.30","trace_id":"99ef3c7ff7a08e14336aa16f"}
{"time":"2026-08-24T01:31:38.5923138+08:00","level":"INFO","msg":"HTTP 访问","method":"GET","path":"/api/storage/stats","status":200,"latency":"24.3471ms","ip":"172.31.200.30","trace_id":"e990bf85ac136e542f2528b7"}
{"time":"2026-08-24T01:31:39.8385061+08:00","level":"INFO","msg":"HTTP 访问","method":"GET","path":"/api/files","status":200,"latency":"38.0508ms","ip":"172.31.200.30","trace_id":"488253b6287fed756a6c0630"}
{"time":"2026-08-24T01:31:39.9054944+08:00","level":"INFO","msg":"HTTP 访问","method":"GET","path":"/api/storage/stats","status":200,"latency":"22.1418ms","ip":"172.31.200.30","trace_id":"33db91dc219d49848d320640"}
{"time":"2026-08-24T01:31:40.3404507+08:00","level":"INFO","msg":"HTTP 访问","method":"GET","path":"/api/system/status","status":200,"latency":"203.3985ms","ip":"172.31.200.30","trace_id":"a418752af4ac467ab31eb4b3"}
{"time":"2026-08-24T01:31:40.4633151+08:00","level":"INFO","msg":"HTTP 访问","method":"GET","path":"/api/files","status":200,"latency":"506.3µs","ip":"172.31.200.30","trace_id":"c98bee9e1e725c454c6d34b8"}
{"time":"2026-08-24T01:31:40.5020929+08:00","level":"INFO","msg":"HTTP 访问","method":"GET","path":"/api/storage/stats","status":200,"latency":"26.5353ms","ip":"172.31.200.30","trace_id":"e9d700fec3418b20fdbde152"}
{"time":"2026-08-24T01:31:45.0328639+08:00","level":"INFO","msg":"HTTP 访问","method":"GET","path":"/api/system/status","status":200,"latency":"204.6319ms","ip":"::1","trace_id":"c097e6a3945582a2aee72c75"}
{"time":"2026-08-24T01:31:45.3521053+08:00","level":"INFO","msg":"HTTP 访问","method":"GET","path":"/api/system/status","status":200,"latency":"203.4109ms","ip":"172.31.200.30","trace_id":"9f33f133e2295beee9b89347"}
{"time":"2026-08-24T01:31:45.7058169+08:00","level":"INFO","msg":"HTTP 访问","method":"GET","path":"/api/admin/users","status":200,"latency":"0s","ip":"::1","trace_id":"04ad542819a3b9bf5bf09213"}
{"time":"2026-08-24T01:31:45.7058169+08:00","level":"INFO","msg":"HTTP 访问","method":"GET","path":"/api/admin/settings","status":200,"latency":"0s","ip":"::1","trace_id":"da405cebb4e9d4e41e311768"}
{"time":"2026-08-24T01:31:45.7123683+08:00","level":"INFO","msg":"HTTP 访问","method":"GET","path":"/api/plugins","status":200,"latency":"0s","ip":"::1","trace_id":"7cbbfcf601411108e0eddb9c"}
{"time":"2026-08-24T01:31:47.6374405+08:00","level":"INFO","msg":"HTTP 访问","method":"GET","path":"/api/admin/users","status":200,"latency":"0s","ip":"::1","trace_id":"d393935db2b1944fa8c42cc8"}
{"time":"2026-08-24T01:31:49.5068196+08:00","level":"INFO","msg":"HTTP 访问","method":"GET","path":"/api/files","status":200,"latency":"35.2974ms","ip":"::1","trace_id":"e562836cd6c2df35d74df6b1"}
{"time":"2026-08-24T01:31:50.0059454+08:00","level":"INFO","msg":"HTTP 访问","method":"GET","path":"/api/system/status","status":200,"latency":"202.9884ms","ip":"::1","trace_id":"05346e1a170556a418cdcdb7"}
{"time":"2026-08-24T01:31:50.3621254+08:00","level":"INFO","msg":"HTTP 访问","method":"GET","path":"/api/system/status","status":200,"latency":"205.6091ms","ip":"172.31.200.30","trace_id":"171d5cadbe3330b6aed9eaa8"}
{"time":"2026-08-24T01:31:55.0133889+08:00","level":"INFO","msg":"HTTP 访问","method":"GET","path":"/api/system/status","status":200,"latency":"206.7162ms","ip":"::1","trace_id":"e54796c1c5b6592752576264"}
{"time":"2026-08-24T01:31:55.7683298+08:00","level":"INFO","msg":"HTTP 访问","method":"GET","path":"/api/files","status":200,"latency":"36.0287ms","ip":"::1","trace_id":"b96501954055801a4432c86f"}
{"time":"2026-08-24T01:31:56.1506258+08:00","level":"INFO","msg":"HTTP 访问","method":"GET","path":"/api/system/status","status":200,"latency":"204.4938ms","ip":"172.31.200.30","trace_id":"daf5d8b78ce74ee3019dc86f"}
{"time":"2026-08-24T01:31:56.5230152+08:00","level":"INFO","msg":"HTTP 访问","method":"GET","path":"/api/files","status":200,"latency":"1.5857ms","ip":"::1","trace_id":"187acdb557f1ce7d7794c1dc"}
{"time":"2026-08-24T01:31:59.7262976+08:00","level":"INFO","msg":"HTTP 访问","method":"PUT","path":"/api/admin/users/2/permissions","status":200,"latency":"1.1512ms","ip":"::1","trace_id":"b27ab09962e16ce87f968731"}
{"time":"2026-08-24T01:31:59.7310452+08:00","level":"INFO","msg":"HTTP 访问","method":"GET","path":"/api/admin/users","status":200,"latency":"0s","ip":"::1","trace_id":"d895af0a8bd1b95fa001ba66"}
{"time":"2026-08-24T01:32:00.0091752+08:00","level":"INFO","msg":"HTTP 访问","method":"GET","path":"/api/system/status","status":200,"latency":"206.3418ms","ip":"::1","trace_id":"61220b6c6d7e0eaf5e26e717"}
{"time":"2026-08-24T01:32:00.3477196+08:00","level":"INFO","msg":"HTTP 访问","method":"GET","path":"/api/system/status","status":200,"latency":"203.1735ms","ip":"172.31.200.30","trace_id":"1de9e8bef26c8e9c1b868401"}
{"time":"2026-08-24T01:32:02.2496473+08:00","level":"INFO","msg":"HTTP 访问","method":"GET","path":"/api/files","status":200,"latency":"32.3074ms","ip":"172.31.200.30","trace_id":"8755a0ab5ae3ff58e11bca33"}
{"time":"2026-08-24T01:32:02.7429035+08:00","level":"INFO","msg":"HTTP 访问","method":"GET","path":"/api/storage/stats","status":200,"latency":"23.358ms","ip":"172.31.200.30","trace_id":"2162a96acfa33ad28e8a677d"}
{"time":"2026-08-24T01:32:03.8619488+08:00","level":"INFO","msg":"HTTP 访问","method":"GET","path":"/api/files","status":200,"latency":"1.1336ms","ip":"172.31.200.30","trace_id":"83e846942fbe5c80805419ce"}
{"time":"2026-08-24T01:32:03.899549+08:00","level":"INFO","msg":"HTTP 访问","method":"GET","path":"/api/storage/stats","status":200,"latency":"22.9567ms","ip":"172.31.200.30","trace_id":"74aa5cc33a491a2900b17af7"}
{"time":"2026-08-24T01:32:05.0087912+08:00","level":"INFO","msg":"HTTP 访问","method":"GET","path":"/api/system/status","status":200,"latency":"203.8996ms","ip":"::1","trace_id":"d6f7f5872740fad6e25ec8f7"}
{"time":"2026-08-24T01:32:05.4350617+08:00","level":"INFO","msg":"HTTP 访问","method":"GET","path":"/api/system/status","status":200,"latency":"204.5207ms","ip":"172.31.200.30","trace_id":"e3bab8b4e51c6210098f32f3"}
{"time":"2026-08-24T01:32:07.3532072+08:00","level":"INFO","msg":"HTTP 访问","method":"GET","path":"/api/files","status":200,"latency":"1.0055ms","ip":"172.31.200.30","trace_id":"363c448c204a7a011c6905d9"}
{"time":"2026-08-24T01:32:07.39079+08:00","level":"INFO","msg":"HTTP 访问","method":"GET","path":"/api/storage/stats","status":200,"latency":"22.8632ms","ip":"172.31.200.30","trace_id":"353ddf8356d2db65b8aadd9d"}
{"time":"2026-08-24T01:32:08.4065341+08:00","level":"INFO","msg":"创建播放凭证","file_id":2631,"user_id":2,"mode":"direct"}
{"time":"2026-08-24T01:32:08.4065341+08:00","level":"INFO","msg":"HTTP 访问","method":"POST","path":"/api/play/ticket","status":200,"latency":"0s","ip":"172.31.200.30","trace_id":"7a57e1d05eb0d63bad0fc6aa"}
{"time":"2026-08-24T01:32:08.7377282+08:00","level":"INFO","msg":"HTTP 访问","method":"GET","path":"/api/video","status":206,"latency":"30.278ms","ip":"172.31.200.30","trace_id":"6b6479fb44c29963fc0174f0"}
{"time":"2026-08-24T01:32:08.8730426+08:00","level":"INFO","msg":"HTTP 访问","method":"GET","path":"/api/video","status":206,"latency":"165.0881ms","ip":"172.31.200.30","trace_id":"133e847fbf2df7eff267c951"}
{"time":"2026-08-24T01:32:09.9595782+08:00","level":"INFO","msg":"HTTP 访问","method":"GET","path":"/api/video","status":206,"latency":"923.0134ms","ip":"172.31.200.30","trace_id":"4dab73f538535d4c9b4f2c8d"}
{"time":"2026-08-24T01:32:10.0104482+08:00","level":"INFO","msg":"HTTP 访问","method":"GET","path":"/api/system/status","status":200,"latency":"204.3664ms","ip":"::1","trace_id":"14b8cd30bb998e3cac43d7b7"}
{"time":"2026-08-24T01:32:10.2152326+08:00","level":"INFO","msg":"HTTP 访问","method":"GET","path":"/api/system/status","status":200,"latency":"203.6942ms","ip":"::1","trace_id":"83a77ce31e468352668f5b63"}
{"time":"2026-08-24T01:32:10.3920318+08:00","level":"INFO","msg":"HTTP 访问","method":"GET","path":"/api/system/status","status":200,"latency":"202.6169ms","ip":"172.31.200.30","trace_id":"423897c786f91f23ed385624"}
{"time":"2026-08-24T01:32:15.0219116+08:00","level":"INFO","msg":"HTTP 访问","method":"GET","path":"/api/system/status","status":200,"latency":"207.7484ms","ip":"::1","trace_id":"f47a6140a1eb9c78ca0c8ee7"}
{"time":"2026-08-24T01:32:15.5429317+08:00","level":"INFO","msg":"HTTP 访问","method":"GET","path":"/api/system/status","status":200,"latency":"203.0317ms","ip":"172.31.200.30","trace_id":"2204e821fa20eb13c92ceec2"}
{"time":"2026-08-24T01:32:20.0184436+08:00","level":"INFO","msg":"HTTP 访问","method":"GET","path":"/api/system/status","status":200,"latency":"203.8801ms","ip":"::1","trace_id":"3bbd8d07273cbfb255cc21c2"}
{"time":"2026-08-24T01:32:20.5626097+08:00","level":"INFO","msg":"HTTP 访问","method":"GET","path":"/api/system/status","status":200,"latency":"202.8327ms","ip":"172.31.200.30","trace_id":"610284147455f35dd18481eb"}
{"time":"2026-08-24T01:32:21.8491124+08:00","level":"INFO","msg":"HTTP 访问","method":"GET","path":"/ws","status":200,"latency":"56.7078271s","ip":"172.31.200.30","trace_id":"263d00df0cf97d7f4b3eef7a"}
{"time":"2026-08-24T01:32:21.9233762+08:00","level":"INFO","msg":"HTTP 访问","method":"GET","path":"/api/auth/me","status":200,"latency":"0s","ip":"172.31.200.30","trace_id":"eceb668a6a59a3fbc2f6c027"}
{"time":"2026-08-24T01:32:22.1823889+08:00","level":"INFO","msg":"HTTP 访问","method":"GET","path":"/api/system/status","status":200,"latency":"204.1808ms","ip":"172.31.200.30","trace_id":"ff2e46cd948f8f2baf763a4c"}
{"time":"2026-08-24T01:32:22.4175007+08:00","level":"INFO","msg":"HTTP 访问","method":"GET","path":"/api/system/status","status":200,"latency":"204.3142ms","ip":"172.31.200.30","trace_id":"ff87588df9c2599c610178be"}
{"time":"2026-08-24T01:32:23.4528797+08:00","level":"INFO","msg":"HTTP 访问","method":"GET","path":"/api/files","status":200,"latency":"31.9863ms","ip":"172.31.200.30","trace_id":"dfd855b32d07e57fef661b89"}
{"time":"2026-08-24T01:32:23.4904379+08:00","level":"INFO","msg":"HTTP 访问","method":"GET","path":"/api/storage/stats","status":200,"latency":"22.8533ms","ip":"172.31.200.30","trace_id":"6ed40814c3509454b861a99c"}
{"time":"2026-08-24T01:32:24.2645599+08:00","level":"INFO","msg":"HTTP 访问","method":"GET","path":"/api/files","status":200,"latency":"1.5083ms","ip":"172.31.200.30","trace_id":"4a88d3965014c1de2b3933d2"}
{"time":"2026-08-24T01:32:24.3087398+08:00","level":"INFO","msg":"HTTP 访问","method":"GET","path":"/api/storage/stats","status":200,"latency":"23.9958ms","ip":"172.31.200.30","trace_id":"086f8ba41df82fd11d8b18d0"}
{"time":"2026-08-24T01:32:25.0134247+08:00","level":"INFO","msg":"HTTP 访问","method":"GET","path":"/api/system/status","status":200,"latency":"204.3365ms","ip":"::1","trace_id":"6e386d7ecc3ff5376fda0910"}
{"time":"2026-08-24T01:32:26.0253209+08:00","level":"INFO","msg":"HTTP 访问","method":"GET","path":"/api/files","status":200,"latency":"0s","ip":"172.31.200.30","trace_id":"1925568ccc062dff03cb7ed0"}
{"time":"2026-08-24T01:32:26.0666347+08:00","level":"INFO","msg":"HTTP 访问","method":"GET","path":"/api/storage/stats","status":200,"latency":"23.3359ms","ip":"172.31.200.30","trace_id":"ca3c747b8378ccf5dedaec71"}
{"time":"2026-08-24T01:32:27.2031301+08:00","level":"INFO","msg":"创建播放凭证","file_id":2631,"user_id":2,"mode":"direct"}
{"time":"2026-08-24T01:32:27.2031301+08:00","level":"INFO","msg":"HTTP 访问","method":"POST","path":"/api/play/ticket","status":200,"latency":"0s","ip":"172.31.200.30","trace_id":"d5ede8176319fe1f0cb38684"}
{"time":"2026-08-24T01:32:27.3433111+08:00","level":"INFO","msg":"HTTP 访问","method":"GET","path":"/api/video","status":206,"latency":"87.8616ms","ip":"172.31.200.30","trace_id":"c43f845999fb1a6d86fa8dec"}
{"time":"2026-08-24T01:32:27.3743262+08:00","level":"INFO","msg":"HTTP 访问","method":"GET","path":"/api/video","status":206,"latency":"54.9186ms","ip":"172.31.200.30","trace_id":"b47135e4a33f7fab9c78203e"}
{"time":"2026-08-24T01:32:27.3778576+08:00","level":"INFO","msg":"HTTP 访问","method":"GET","path":"/api/system/status","status":200,"latency":"203.6681ms","ip":"172.31.200.30","trace_id":"587354ea88cd693ccd14b356"}
{"time":"2026-08-24T01:32:28.1899572+08:00","level":"INFO","msg":"HTTP 访问","method":"GET","path":"/api/video","status":206,"latency":"829.7981ms","ip":"172.31.200.30","trace_id":"ccd604c82dd53d6b7f324e67"}
{"time":"2026-08-24T01:32:30.0108146+08:00","level":"INFO","msg":"HTTP 访问","method":"GET","path":"/api/system/status","status":200,"latency":"203.2861ms","ip":"::1","trace_id":"0628f3c961e159cbd00cf0ed"}
{"time":"2026-08-24T01:32:32.1816125+08:00","level":"INFO","msg":"HTTP 访问","method":"GET","path":"/api/system/status","status":200,"latency":"204.4739ms","ip":"172.31.200.30","trace_id":"8f38aad525f5c5486bce29d2"}
{"time":"2026-08-24T01:32:35.0156821+08:00","level":"INFO","msg":"HTTP 访问","method":"GET","path":"/api/system/status","status":200,"latency":"204.3786ms","ip":"::1","trace_id":"843079fbffbd3af2821cc622"}
{"time":"2026-08-24T01:32:37.1859611+08:00","level":"INFO","msg":"HTTP 访问","method":"GET","path":"/api/system/status","status":200,"latency":"204.5129ms","ip":"172.31.200.30","trace_id":"8f45993528d324c120de8c56"}
{"time":"2026-08-24T01:32:40.0111081+08:00","level":"INFO","msg":"HTTP 访问","method":"GET","path":"/api/system/status","status":200,"latency":"203.83ms","ip":"::1","trace_id":"0951648e6a4c771254272fec"}
{"time":"2026-08-24T01:32:40.4257074+08:00","level":"INFO","msg":"HTTP 访问","method":"GET","path":"/ws","status":200,"latency":"18.4474993s","ip":"172.31.200.30","trace_id":"cfad9688281802efbd532aad"}
{"time":"2026-08-24T01:32:40.4698431+08:00","level":"INFO","msg":"HTTP 访问","method":"GET","path":"/api/auth/me","status":200,"latency":"0s","ip":"172.31.200.30","trace_id":"f4c3869223bc627d37d0f2b6"}
{"time":"2026-08-24T01:32:40.7943429+08:00","level":"INFO","msg":"HTTP 访问","method":"GET","path":"/api/system/status","status":200,"latency":"203.4537ms","ip":"172.31.200.30","trace_id":"be75c329c94e2727f3861e42"}
{"time":"2026-08-24T01:32:41.0925299+08:00","level":"INFO","msg":"HTTP 访问","method":"GET","path":"/api/system/status","status":200,"latency":"204.0089ms","ip":"172.31.200.30","trace_id":"ce2d9b8dabe10b3cd994a6f5"}
{"time":"2026-08-24T01:32:42.3334561+08:00","level":"INFO","msg":"HTTP 访问","method":"GET","path":"/api/files","status":200,"latency":"31.2848ms","ip":"172.31.200.30","trace_id":"f38b1a7ca1cf16562b2ef7d5"}
{"time":"2026-08-24T01:32:42.3784665+08:00","level":"INFO","msg":"HTTP 访问","method":"GET","path":"/api/storage/stats","status":200,"latency":"31.8312ms","ip":"172.31.200.30","trace_id":"4d51bd2794f0cad69254a572"}
{"time":"2026-08-24T01:32:43.6486771+08:00","level":"INFO","msg":"HTTP 访问","method":"GET","path":"/api/files","status":200,"latency":"999.1µs","ip":"172.31.200.30","trace_id":"2bf2fb69c5bda1ede0a8a443"}
{"time":"2026-08-24T01:32:43.6823575+08:00","level":"INFO","msg":"HTTP 访问","method":"GET","path":"/api/storage/stats","status":200,"latency":"22.6891ms","ip":"172.31.200.30","trace_id":"f8c25109f1c0209395c221c7"}
{"time":"2026-08-24T01:32:45.0077684+08:00","level":"INFO","msg":"HTTP 访问","method":"GET","path":"/api/system/status","status":200,"latency":"203.7459ms","ip":"::1","trace_id":"87d8bb591fe17f5e22148173"}
{"time":"2026-08-24T01:32:45.8181459+08:00","level":"INFO","msg":"HTTP 访问","method":"GET","path":"/api/system/status","status":200,"latency":"202.9344ms","ip":"172.31.200.30","trace_id":"7c3bd3f455901e119f7061ab"}
{"time":"2026-08-24T01:32:46.7928482+08:00","level":"INFO","msg":"HTTP 访问","method":"GET","path":"/api/files","status":200,"latency":"1.5163ms","ip":"172.31.200.30","trace_id":"a7f47081e08ca6823769c44a"}
{"time":"2026-08-24T01:32:46.8362661+08:00","level":"INFO","msg":"HTTP 访问","method":"GET","path":"/api/storage/stats","status":200,"latency":"22.2439ms","ip":"172.31.200.30","trace_id":"5a016f6a426a97ecb924f7cf"}
{"time":"2026-08-24T01:32:48.0445225+08:00","level":"INFO","msg":"HTTP 访问","method":"HEAD","path":"/api/video","status":404,"latency":"0s","ip":"172.31.200.30","trace_id":"589b5abec86f1cb247933adb"}
{"time":"2026-08-24T01:32:48.0466686+08:00","level":"INFO","msg":"HTTP 访问","method":"HEAD","path":"/api/video","status":404,"latency":"0s","ip":"172.31.200.30","trace_id":"e478d52d1e9ba41cc54aa803"}
{"time":"2026-08-24T01:32:50.0172708+08:00","level":"INFO","msg":"HTTP 访问","method":"GET","path":"/api/system/status","status":200,"latency":"203.1144ms","ip":"::1","trace_id":"33e38c0b673de35d60ff7968"}
{"time":"2026-08-24T01:32:50.7837758+08:00","level":"INFO","msg":"HTTP 访问","method":"GET","path":"/api/system/status","status":200,"latency":"206.5486ms","ip":"172.31.200.30","trace_id":"0fbdb05de7b150b4ca1f1f9e"}
{"time":"2026-08-24T01:32:52.4858739+08:00","level":"INFO","msg":"创建播放凭证","file_id":2631,"user_id":2,"mode":"direct"}
{"time":"2026-08-24T01:32:52.4858739+08:00","level":"INFO","msg":"HTTP 访问","method":"POST","path":"/api/play/ticket","status":200,"latency":"1.365ms","ip":"172.31.200.30","trace_id":"5599cd3cb2238d1c0a17bb0c"}
{"time":"2026-08-24T01:32:52.7230149+08:00","level":"INFO","msg":"HTTP 访问","method":"GET","path":"/api/video","status":206,"latency":"47.3491ms","ip":"172.31.200.30","trace_id":"77abc92d998fbbc493c1b2eb"}
{"time":"2026-08-24T01:32:52.7651566+08:00","level":"INFO","msg":"HTTP 访问","method":"GET","path":"/api/video","status":206,"latency":"266.5799ms","ip":"172.31.200.30","trace_id":"d3e567a72dd280e9bc670c11"}
{"time":"2026-08-24T01:32:53.2178853+08:00","level":"INFO","msg":"HTTP 访问","method":"GET","path":"/api/video","status":206,"latency":"444.6607ms","ip":"172.31.200.30","trace_id":"561fb6d64f5692ffa5e9269b"}
{"time":"2026-08-24T01:32:55.005827+08:00","level":"INFO","msg":"HTTP 访问","method":"GET","path":"/api/system/status","status":200,"latency":"204.4389ms","ip":"::1","trace_id":"e95d199bbc06934526c9cfc5"}
{"time":"2026-08-24T01:32:55.7833865+08:00","level":"INFO","msg":"HTTP 访问","method":"GET","path":"/api/system/status","status":200,"latency":"203.331ms","ip":"172.31.200.30","trace_id":"15beede4cbfc5011663922d7"}
{"time":"2026-08-24T01:33:00.0049858+08:00","level":"INFO","msg":"HTTP 访问","method":"GET","path":"/api/system/status","status":200,"latency":"204.1177ms","ip":"::1","trace_id":"c53253b68e996e2b933efbba"}
{"time":"2026-08-24T01:33:01.5848256+08:00","level":"INFO","msg":"HTTP 访问","method":"GET","path":"/api/system/status","status":200,"latency":"204.0135ms","ip":"172.31.200.30","trace_id":"5053b3443d507afdc6549e73"}
{"time":"2026-08-24T01:33:05.4918745+08:00","level":"INFO","msg":"HTTP 访问","method":"GET","path":"/api/system/status","status":200,"latency":"203.291ms","ip":"::1","trace_id":"19263c75d496ad2dee1e979a"}
{"time":"2026-08-24T01:33:06.5594275+08:00","level":"INFO","msg":"HTTP 访问","method":"GET","path":"/api/system/status","status":200,"latency":"202.9825ms","ip":"172.31.200.30","trace_id":"01ce0208d00e433887146fc8"}
{"time":"2026-08-24T01:33:06.5993907+08:00","level":"INFO","msg":"HTTP 访问","method":"GET","path":"/ws","status":200,"latency":"25.9967731s","ip":"172.31.200.30","trace_id":"0cb658407099018ea1252fda"}
{"time":"2026-08-24T01:33:10.5061171+08:00","level":"INFO","msg":"HTTP 访问","method":"GET","path":"/api/system/status","status":200,"latency":"204.987ms","ip":"::1","trace_id":"9f04360c4aa7e759cacf828c"}
{"time":"2026-08-24T01:33:10.7106975+08:00","level":"INFO","msg":"HTTP 访问","method":"GET","path":"/api/system/status","status":200,"latency":"203.4485ms","ip":"::1","trace_id":"8f3ed93a05a3eae37e82f6c5"}
{"time":"2026-08-24T01:33:15.5008892+08:00","level":"INFO","msg":"HTTP 访问","method":"GET","path":"/api/system/status","status":200,"latency":"202.9795ms","ip":"::1","trace_id":"7fed05740499738b665a1c0d"}
{"time":"2026-08-24T01:33:20.4924049+08:00","level":"INFO","msg":"HTTP 访问","method":"GET","path":"/api/system/status","status":200,"latency":"204.0062ms","ip":"::1","trace_id":"4e6eeb61a828156b02b0fa7b"}
{"time":"2026-08-24T01:33:25.5009207+08:00","level":"INFO","msg":"HTTP 访问","method":"GET","path":"/api/system/status","status":200,"latency":"202.7946ms","ip":"::1","trace_id":"cd5760e77e695b0f470620bb"}
{"time":"2026-08-24T01:33:30.499432+08:00","level":"INFO","msg":"HTTP 访问","method":"GET","path":"/api/system/status","status":200,"latency":"203.5596ms","ip":"::1","trace_id":"5caa0060733337e451a52645"}
{"time":"2026-08-24T01:33:35.5057837+08:00","level":"INFO","msg":"HTTP 访问","method":"GET","path":"/api/system/status","status":200,"latency":"204.3833ms","ip":"::1","trace_id":"a0048c97893db3611b8a66c5"}
{"time":"2026-08-24T01:33:40.4994586+08:00","level":"INFO","msg":"HTTP 访问","method":"GET","path":"/api/system/status","status":200,"latency":"203.2007ms","ip":"::1","trace_id":"db25fe2988e661e9d1f02242"}
{"time":"2026-08-24T01:33:45.4989218+08:00","level":"INFO","msg":"HTTP 访问","method":"GET","path":"/api/system/status","status":200,"latency":"203.5829ms","ip":"::1","trace_id":"d5dee1b32498c7fa3dc51a72"}
{"time":"2026-08-24T01:33:50.4954739+08:00","level":"INFO","msg":"HTTP 访问","method":"GET","path":"/api/system/status","status":200,"latency":"203.4228ms","ip":"::1","trace_id":"57c752564696016a326ccdb2"}
{"time":"2026-08-24T01:33:55.5030054+08:00","level":"INFO","msg":"HTTP 访问","method":"GET","path":"/api/system/status","status":200,"latency":"203.7368ms","ip":"::1","trace_id":"eb7b2e0878185ebca8a8f758"}
{"time":"2026-08-24T01:34:00.4964519+08:00","level":"INFO","msg":"HTTP 访问","method":"GET","path":"/api/system/status","status":200,"latency":"203.6119ms","ip":"::1","trace_id":"07104bcba91432bb18f34c73"}
{"time":"2026-08-24T01:34:12.5039871+08:00","level":"INFO","msg":"HTTP 访问","method":"GET","path":"/api/system/status","status":200,"latency":"203.2757ms","ip":"::1","trace_id":"860f58e1dcb983cc83585b36"}
{"time":"2026-08-24T01:34:12.7142677+08:00","level":"INFO","msg":"HTTP 访问","method":"GET","path":"/api/system/status","status":200,"latency":"204.2097ms","ip":"::1","trace_id":"e22308bb6bcc3c6e0544a923"}
{"time":"2026-08-24T01:35:04.4231105+08:00","level":"INFO","msg":"HTTP 访问","method":"GET","path":"/api/system/status","status":200,"latency":"203.1108ms","ip":"::1","trace_id":"fe03eb2380b7b0855854af11"}
{"time":"2026-08-24T01:35:05.0051553+08:00","level":"INFO","msg":"HTTP 访问","method":"GET","path":"/api/system/status","status":200,"latency":"202.8993ms","ip":"::1","trace_id":"5be134f799b32a982abc7010"}
{"time":"2026-08-24T01:35:06.6683693+08:00","level":"INFO","msg":"HTTP 访问","method":"GET","path":"/api/files","status":200,"latency":"504.4µs","ip":"::1","trace_id":"d81327726ee0fbb5fe149c73"}
{"time":"2026-08-24T01:35:06.7014345+08:00","level":"INFO","msg":"HTTP 访问","method":"GET","path":"/api/storage/stats","status":200,"latency":"23.1991ms","ip":"::1","trace_id":"7053bc7471ae87ce8acd3b1e"}
{"time":"2026-08-24T01:35:10.0055807+08:00","level":"INFO","msg":"HTTP 访问","method":"GET","path":"/api/system/status","status":200,"latency":"203.1305ms","ip":"::1","trace_id":"83984a04ce0c1d49b3a566bf"}
{"time":"2026-08-24T01:35:10.2098425+08:00","level":"INFO","msg":"HTTP 访问","method":"GET","path":"/api/system/status","status":200,"latency":"203.7596ms","ip":"::1","trace_id":"bc3a189b3f9df0b843fbc145"}
{"time":"2026-08-24T01:35:15.0074282+08:00","level":"INFO","msg":"HTTP 访问","method":"GET","path":"/api/system/status","status":200,"latency":"203.2117ms","ip":"::1","trace_id":"8c35807ae85ebeedc4cf0e5a"}
{"time":"2026-08-24T01:35:20.4959208+08:00","level":"INFO","msg":"HTTP 访问","method":"GET","path":"/api/system/status","status":200,"latency":"203.0084ms","ip":"::1","trace_id":"fa21bd042a1811a1b606e6bd"}
{"time":"2026-08-24T01:35:25.0043893+08:00","level":"INFO","msg":"HTTP 访问","method":"GET","path":"/api/system/status","status":200,"latency":"203.2112ms","ip":"::1","trace_id":"fc681b0ad95fbfdb211ae830"}
{"time":"2026-08-24T01:35:27.0743178+08:00","level":"INFO","msg":"HTTP 访问","method":"GET","path":"/api/files","status":200,"latency":"525.5µs","ip":"::1","trace_id":"48fc3d1deed0a9cb19699bbb"}
{"time":"2026-08-24T01:35:27.1012513+08:00","level":"INFO","msg":"HTTP 访问","method":"GET","path":"/api/storage/stats","status":200,"latency":"24.2708ms","ip":"::1","trace_id":"36468181e596310f36604883"}
{"time":"2026-08-24T01:35:28.8730724+08:00","level":"INFO","msg":"HTTP 访问","method":"GET","path":"/api/files","status":200,"latency":"1.0128ms","ip":"::1","trace_id":"cab491e9b80f4acde3e22e4c"}
{"time":"2026-08-24T01:35:28.898301+08:00","level":"INFO","msg":"HTTP 访问","method":"GET","path":"/api/storage/stats","status":200,"latency":"23.6985ms","ip":"::1","trace_id":"0ee20c0d5e4b1db3337baab8"}
{"time":"2026-08-24T01:35:30.0068491+08:00","level":"INFO","msg":"HTTP 访问","method":"GET","path":"/api/system/status","status":200,"latency":"206.2636ms","ip":"::1","trace_id":"ad2357609e8dc509c8a7bd9a"}
{"time":"2026-08-24T01:35:35.013267+08:00","level":"INFO","msg":"HTTP 访问","method":"GET","path":"/api/system/status","status":200,"latency":"203.6176ms","ip":"::1","trace_id":"fc4811b5fa7e3513b893c699"}
{"time":"2026-08-24T01:35:40.0098575+08:00","level":"INFO","msg":"HTTP 访问","method":"GET","path":"/api/system/status","status":200,"latency":"203.1181ms","ip":"::1","trace_id":"45d905e7b95f002bf91d4a98"}
{"time":"2026-08-24T01:35:45.016118+08:00","level":"INFO","msg":"HTTP 访问","method":"GET","path":"/api/system/status","status":200,"latency":"204.6891ms","ip":"::1","trace_id":"458bb96b41bcc7ce89ab3a60"}
{"time":"2026-08-24T01:35:50.0040864+08:00","level":"INFO","msg":"HTTP 访问","method":"GET","path":"/api/system/status","status":200,"latency":"203.6092ms","ip":"::1","trace_id":"da1bd31c217749eaccf332b2"}
{"time":"2026-08-24T01:35:55.4948083+08:00","level":"INFO","msg":"HTTP 访问","method":"GET","path":"/api/system/status","status":200,"latency":"204.1452ms","ip":"::1","trace_id":"e4492087db7afafb73653349"}
{"time":"2026-08-24T01:36:00.5072558+08:00","level":"INFO","msg":"HTTP 访问","method":"GET","path":"/api/system/status","status":200,"latency":"204.1735ms","ip":"::1","trace_id":"1c7b705cb97ad22fea4f5afe"}
{"time":"2026-08-24T01:36:05.4960884+08:00","level":"INFO","msg":"HTTP 访问","method":"GET","path":"/api/system/status","status":200,"latency":"203.4137ms","ip":"::1","trace_id":"b9ae93965e82c6dab95e3e04"}
{"time":"2026-08-24T01:36:10.4965395+08:00","level":"INFO","msg":"HTTP 访问","method":"GET","path":"/api/system/status","status":200,"latency":"203.0536ms","ip":"::1","trace_id":"e0665e075b9f69b1280f88f0"}
{"time":"2026-08-24T01:36:10.7268078+08:00","level":"INFO","msg":"HTTP 访问","method":"GET","path":"/api/system/status","status":200,"latency":"204.054ms","ip":"::1","trace_id":"615dc24603e6ec4ff4f278be"}
{"time":"2026-08-24T01:36:15.4955883+08:00","level":"INFO","msg":"HTTP 访问","method":"GET","path":"/api/system/status","status":200,"latency":"203.9007ms","ip":"::1","trace_id":"6dfafb135ffa2b5bcd1112fa"}
{"time":"2026-08-24T01:36:20.5144014+08:00","level":"INFO","msg":"HTTP 访问","method":"GET","path":"/api/system/status","status":200,"latency":"213.8651ms","ip":"::1","trace_id":"babfbe7e0d101afc4376f07c"}
{"time":"2026-08-24T01:36:25.4993674+08:00","level":"INFO","msg":"HTTP 访问","method":"GET","path":"/api/system/status","status":200,"latency":"205.3454ms","ip":"::1","trace_id":"cabf4136df2d359d8b0b3b7b"}
{"time":"2026-08-24T01:36:30.5028251+08:00","level":"INFO","msg":"HTTP 访问","method":"GET","path":"/api/system/status","status":200,"latency":"205.3388ms","ip":"::1","trace_id":"467a034e922a1ffddba1c704"}
{"time":"2026-08-24T01:36:35.502091+08:00","level":"INFO","msg":"HTTP 访问","method":"GET","path":"/api/system/status","status":200,"latency":"206.9669ms","ip":"::1","trace_id":"ac0b0afc9009e194103af0a5"}
{"time":"2026-08-24T01:36:40.5034787+08:00","level":"INFO","msg":"HTTP 访问","method":"GET","path":"/api/system/status","status":200,"latency":"206.8806ms","ip":"::1","trace_id":"98625521b063ec019219d791"}
{"time":"2026-08-24T01:36:45.5021919+08:00","level":"INFO","msg":"HTTP 访问","method":"GET","path":"/api/system/status","status":200,"latency":"209.4702ms","ip":"::1","trace_id":"2e59261dd438ac96ccaf79f1"}
{"time":"2026-08-24T01:36:50.516015+08:00","level":"INFO","msg":"HTTP 访问","method":"GET","path":"/api/system/status","status":200,"latency":"211.8739ms","ip":"::1","trace_id":"af97cc0908f4a6d98ea05967"}
{"time":"2026-08-24T01:36:55.3185377+08:00","level":"INFO","msg":"HTTP 访问","method":"GET","path":"/api/system/status","status":200,"latency":"208.0197ms","ip":"::1","trace_id":"0cd2006882b99d7ed2d92c4e"}
{"time":"2026-08-24T01:37:00.005695+08:00","level":"INFO","msg":"HTTP 访问","method":"GET","path":"/api/system/status","status":200,"latency":"203.7115ms","ip":"::1","trace_id":"574e210d7b1eb3de0aaf2249"}
{"time":"2026-08-24T01:37:05.0029769+08:00","level":"INFO","msg":"HTTP 访问","method":"GET","path":"/api/system/status","status":200,"latency":"203.9218ms","ip":"::1","trace_id":"f3d44f6ef1e56990d2198d66"}
{"time":"2026-08-24T01:37:09.9357269+08:00","level":"INFO","msg":"HTTP 访问","method":"GET","path":"/api/files","status":200,"latency":"1.1468ms","ip":"::1","trace_id":"566b7dc44f52cfcc0184f08a"}
{"time":"2026-08-24T01:37:09.9883899+08:00","level":"INFO","msg":"HTTP 访问","method":"GET","path":"/api/storage/stats","status":200,"latency":"49.6309ms","ip":"::1","trace_id":"f0b725d1782815568145dc9c"}
{"time":"2026-08-24T01:37:10.0090382+08:00","level":"INFO","msg":"HTTP 访问","method":"GET","path":"/api/system/status","status":200,"latency":"209.4979ms","ip":"::1","trace_id":"64849c9d3e8c8262c7b0a177"}
{"time":"2026-08-24T01:37:10.2180975+08:00","level":"INFO","msg":"HTTP 访问","method":"GET","path":"/api/system/status","status":200,"latency":"207.1418ms","ip":"::1","trace_id":"f8206843a4a2a0a3b925f4e5"}
{"time":"2026-08-24T01:37:11.2194707+08:00","level":"INFO","msg":"HTTP 访问","method":"GET","path":"/api/files","status":200,"latency":"1.089ms","ip":"::1","trace_id":"6694b1d2991481a689f2e0ff"}
{"time":"2026-08-24T01:37:11.2745237+08:00","level":"INFO","msg":"HTTP 访问","method":"GET","path":"/api/storage/stats","status":200,"latency":"50.9855ms","ip":"::1","trace_id":"5df1569ce29b875b777a9535"}
{"time":"2026-08-24T01:37:15.0088513+08:00","level":"INFO","msg":"HTTP 访问","method":"GET","path":"/api/system/status","status":200,"latency":"206.4566ms","ip":"::1","trace_id":"aeb561bbb1cbd9200d81c1c5"}
{"time":"2026-08-24T01:37:20.0085295+08:00","level":"INFO","msg":"HTTP 访问","method":"GET","path":"/api/system/status","status":200,"latency":"207.6556ms","ip":"::1","trace_id":"49f5ba8518bfab04d64bbeb1"}
{"time":"2026-08-24T01:37:24.7429582+08:00","level":"INFO","msg":"HTTP 访问","method":"PUT","path":"/api/files/2631/rename","status":200,"latency":"1.0566ms","ip":"::1","trace_id":"10c2cf8ba70d9a1682fbbbeb"}
{"time":"2026-08-24T01:37:24.7590411+08:00","level":"INFO","msg":"HTTP 访问","method":"GET","path":"/api/files","status":200,"latency":"502.4µs","ip":"::1","trace_id":"16068a187201f2c51bc76ed1"}
{"time":"2026-08-24T01:37:24.8120845+08:00","level":"INFO","msg":"HTTP 访问","method":"GET","path":"/api/storage/stats","status":200,"latency":"47.6318ms","ip":"::1","trace_id":"e07621108571c5d39fc000e5"}
{"time":"2026-08-24T01:37:25.0125741+08:00","level":"INFO","msg":"HTTP 访问","method":"GET","path":"/api/system/status","status":200,"latency":"208.5662ms","ip":"::1","trace_id":"4ebcab34576ba8ab26aaac29"}
{"time":"2026-08-24T01:37:30.0083029+08:00","level":"INFO","msg":"HTTP 访问","method":"GET","path":"/api/system/status","status":200,"latency":"210.0494ms","ip":"::1","trace_id":"31bb6339855d56fc0693cff2"}
{"time":"2026-08-24T01:37:30.2717582+08:00","level":"INFO","msg":"HTTP 访问","method":"GET","path":"/api/files/2631/versions","status":200,"latency":"670.3µs","ip":"::1","trace_id":"7647c86bdf1a79a8103ad557"}
{"time":"2026-08-24T01:37:35.0102054+08:00","level":"INFO","msg":"HTTP 访问","method":"GET","path":"/api/system/status","status":200,"latency":"205.7328ms","ip":"::1","trace_id":"07d83bc4b3df456bc844a376"}
{"time":"2026-08-24T01:37:40.0114266+08:00","level":"INFO","msg":"HTTP 访问","method":"GET","path":"/api/system/status","status":200,"latency":"209.1014ms","ip":"::1","trace_id":"f19429d20e46daed2efd8a43"}
{"time":"2026-08-24T01:37:45.0127193+08:00","level":"INFO","msg":"HTTP 访问","method":"GET","path":"/api/system/status","status":200,"latency":"207.6194ms","ip":"::1","trace_id":"d9ea660c25045e4f8eae82fd"}
{"time":"2026-08-24T01:37:50.0194195+08:00","level":"INFO","msg":"HTTP 访问","method":"GET","path":"/api/system/status","status":200,"latency":"206.8303ms","ip":"::1","trace_id":"8e5d08963949efbbd51856ea"}
{"time":"2026-08-24T01:37:55.4968473+08:00","level":"INFO","msg":"HTTP 访问","method":"GET","path":"/api/system/status","status":200,"latency":"207.5473ms","ip":"::1","trace_id":"0c876fcad9277584ae280ed8"}
{"time":"2026-08-24T01:38:00.4958005+08:00","level":"INFO","msg":"HTTP 访问","method":"GET","path":"/api/system/status","status":200,"latency":"206.3788ms","ip":"::1","trace_id":"45ba40d033630d4c295801f8"}
{"time":"2026-08-24T01:38:05.5104291+08:00","level":"INFO","msg":"HTTP 访问","method":"GET","path":"/api/system/status","status":200,"latency":"204.1746ms","ip":"::1","trace_id":"5dcd4f2c3acf03986570f9cd"}
{"time":"2026-08-24T01:38:10.5018704+08:00","level":"INFO","msg":"HTTP 访问","method":"GET","path":"/api/system/status","status":200,"latency":"205.2981ms","ip":"::1","trace_id":"9db557ce6bbf76d11dc03cf3"}
{"time":"2026-08-24T01:38:10.7087218+08:00","level":"INFO","msg":"HTTP 访问","method":"GET","path":"/api/system/status","status":200,"latency":"205.7645ms","ip":"::1","trace_id":"ee48d19c7e7fdcdc72033f78"}
{"time":"2026-08-24T01:38:15.5097+08:00","level":"INFO","msg":"HTTP 访问","method":"GET","path":"/api/system/status","status":200,"latency":"211.4256ms","ip":"::1","trace_id":"7104569c907897c0bc0abf75"}
{"time":"2026-08-24T01:38:20.5068573+08:00","level":"INFO","msg":"HTTP 访问","method":"GET","path":"/api/system/status","status":200,"latency":"206.9718ms","ip":"::1","trace_id":"f2dc2613a54651a2131c1341"}
{"time":"2026-08-24T01:38:25.0104254+08:00","level":"INFO","msg":"HTTP 访问","method":"GET","path":"/api/system/status","status":200,"latency":"206.8314ms","ip":"::1","trace_id":"d62b1133cd7c791d684deec6"}
{"time":"2026-08-24T01:38:30.5071104+08:00","level":"INFO","msg":"HTTP 访问","method":"GET","path":"/api/system/status","status":200,"latency":"206.377ms","ip":"::1","trace_id":"19bbfd7f33de298ce920ddf6"}
{"time":"2026-08-24T01:38:35.5095806+08:00","level":"INFO","msg":"HTTP 访问","method":"GET","path":"/api/system/status","status":200,"latency":"206.4162ms","ip":"::1","trace_id":"604a79da4164df7d7694fb49"}
{"time":"2026-08-24T01:38:40.5076077+08:00","level":"INFO","msg":"HTTP 访问","method":"GET","path":"/api/system/status","status":200,"latency":"206.4115ms","ip":"::1","trace_id":"a2ed63232a8196e3bdc2cd2f"}
{"time":"2026-08-24T01:38:45.5070019+08:00","level":"INFO","msg":"HTTP 访问","method":"GET","path":"/api/system/status","status":200,"latency":"211.7295ms","ip":"::1","trace_id":"85008226f594298524a7169e"}
{"time":"2026-08-24T01:38:50.5126093+08:00","level":"INFO","msg":"HTTP 访问","method":"GET","path":"/api/system/status","status":200,"latency":"209.3949ms","ip":"::1","trace_id":"6edffded6587fa7881e53909"}
{"time":"2026-08-24T01:38:55.4985926+08:00","level":"INFO","msg":"HTTP 访问","method":"GET","path":"/api/system/status","status":200,"latency":"206.9007ms","ip":"::1","trace_id":"f30cd229469bc82177324861"}
{"time":"2026-08-24T01:39:00.0154142+08:00","level":"INFO","msg":"HTTP 访问","method":"GET","path":"/api/system/status","status":200,"latency":"209.2751ms","ip":"::1","trace_id":"e9da604e67e811b3fd02cceb"}
{"time":"2026-08-24T01:39:05.4975129+08:00","level":"INFO","msg":"HTTP 访问","method":"GET","path":"/api/system/status","status":200,"latency":"205.7597ms","ip":"::1","trace_id":"eeb3b17ff640d9973c913e0c"}
{"time":"2026-08-24T01:39:10.5040165+08:00","level":"INFO","msg":"HTTP 访问","method":"GET","path":"/api/system/status","status":200,"latency":"206.2899ms","ip":"::1","trace_id":"72399d218ee0c273f2d0921d"}
{"time":"2026-08-24T01:39:10.714655+08:00","level":"INFO","msg":"HTTP 访问","method":"GET","path":"/api/system/status","status":200,"latency":"206.6072ms","ip":"::1","trace_id":"cfb96768d4ab32d1b7f5803d"}
{"time":"2026-08-24T01:39:15.5488912+08:00","level":"INFO","msg":"HTTP 访问","method":"GET","path":"/api/system/status","status":200,"latency":"239.347ms","ip":"::1","trace_id":"6d2de7568f55cbfcb951b42e"}
{"time":"2026-08-24T01:39:20.5050029+08:00","level":"INFO","msg":"HTTP 访问","method":"GET","path":"/api/system/status","status":200,"latency":"203.1573ms","ip":"::1","trace_id":"9e0e564d97c847682638bb9f"}
{"time":"2026-08-24T01:39:25.5014353+08:00","level":"INFO","msg":"HTTP 访问","method":"GET","path":"/api/system/status","status":200,"latency":"207.9202ms","ip":"::1","trace_id":"85d470cdd050a883f4215df2"}
{"time":"2026-08-24T01:39:30.5289296+08:00","level":"INFO","msg":"HTTP 访问","method":"GET","path":"/api/system/status","status":200,"latency":"209.8886ms","ip":"::1","trace_id":"31f989f7d97efb59cd928080"}
{"time":"2026-08-24T01:39:35.4921567+08:00","level":"INFO","msg":"HTTP 访问","method":"GET","path":"/api/system/status","status":200,"latency":"203.6755ms","ip":"::1","trace_id":"636aed8026bd951216a396dd"}
{"time":"2026-08-24T01:39:40.5119569+08:00","level":"INFO","msg":"HTTP 访问","method":"GET","path":"/api/system/status","status":200,"latency":"205.5358ms","ip":"::1","trace_id":"6ac9f7b035a0038bdc6aa07f"}
{"time":"2026-08-24T01:39:45.5084217+08:00","level":"INFO","msg":"HTTP 访问","method":"GET","path":"/api/system/status","status":200,"latency":"207.5077ms","ip":"::1","trace_id":"e0f4401908401cad2c5f780d"}
{"time":"2026-08-24T01:39:50.5057207+08:00","level":"INFO","msg":"HTTP 访问","method":"GET","path":"/api/system/status","status":200,"latency":"205.9157ms","ip":"::1","trace_id":"a9d86a53c0afc684f14cf818"}
{"time":"2026-08-24T01:39:55.5059643+08:00","level":"INFO","msg":"HTTP 访问","method":"GET","path":"/api/system/status","status":200,"latency":"206.5142ms","ip":"::1","trace_id":"fa663590d042d1a0b33b41dc"}
{"time":"2026-08-24T01:40:00.5069701+08:00","level":"INFO","msg":"HTTP 访问","method":"GET","path":"/api/system/status","status":200,"latency":"206.863ms","ip":"::1","trace_id":"19b7e7647f82e202333a0a46"}
{"time":"2026-08-24T01:40:12.5062207+08:00","level":"INFO","msg":"HTTP 访问","method":"GET","path":"/api/system/status","status":200,"latency":"205.9759ms","ip":"::1","trace_id":"163ecdae703c97ce96e7a362"}
{"time":"2026-08-24T01:40:12.7138597+08:00","level":"INFO","msg":"HTTP 访问","method":"GET","path":"/api/system/status","status":200,"latency":"206.7387ms","ip":"::1","trace_id":"41f803bcff9259b47eabeb75"}
{"time":"2026-08-24T01:41:12.5076002+08:00","level":"INFO","msg":"HTTP 访问","method":"GET","path":"/api/system/status","status":200,"latency":"208.284ms","ip":"::1","trace_id":"687983828c42f04f32292a44"}
{"time":"2026-08-24T01:41:12.7391784+08:00","level":"INFO","msg":"HTTP 访问","method":"GET","path":"/api/system/status","status":200,"latency":"209.2361ms","ip":"::1","trace_id":"8ffbf465105a9bbefcaba2dd"}
{"time":"2026-08-24T01:42:12.5059015+08:00","level":"INFO","msg":"HTTP 访问","method":"GET","path":"/api/system/status","status":200,"latency":"203.2577ms","ip":"::1","trace_id":"052d3b9c56eec890cedc085b"}
{"time":"2026-08-24T01:42:12.7101486+08:00","level":"INFO","msg":"HTTP 访问","method":"GET","path":"/api/system/status","status":200,"latency":"203.7444ms","ip":"::1","trace_id":"183b8002924bfa86ad10841c"}
{"time":"2026-08-24T01:43:02.7934918+08:00","level":"INFO","msg":"HTTP 访问","method":"GET","path":"/api/system/status","status":200,"latency":"206.3552ms","ip":"172.31.200.30","trace_id":"54a3b47e7bf4ef9915fffb44"}
{"time":"2026-08-24T01:43:12.501783+08:00","level":"INFO","msg":"HTTP 访问","method":"GET","path":"/api/system/status","status":200,"latency":"208.0147ms","ip":"::1","trace_id":"f0cdc3231124200060490c00"}
{"time":"2026-08-24T01:43:12.7063479+08:00","level":"INFO","msg":"HTTP 访问","method":"GET","path":"/api/system/status","status":200,"latency":"204.0155ms","ip":"::1","trace_id":"6006a533b4376e62d056b54b"}
{"time":"2026-08-24T01:53:42.200046+08:00","level":"INFO","msg":"收到退出信号，开始优雅关闭"}
{"time":"2026-08-24T01:53:42.2021363+08:00","level":"INFO","msg":"定时任务调度器已停止"}
{"time":"2026-08-24T01:53:42.2027111+08:00","level":"INFO","msg":"定时任务调度器已停止"}
{"time":"2026-08-24T01:53:42.2027111+08:00","level":"INFO","msg":"WebSocket Hub 已关闭"}
{"time":"2026-08-24T02:30:40.0199622+08:00","level":"WARN","msg":"默认主人账号已就绪","username":"admin","role":"master","id":0,"提示":"主人密码仅可通过 config.toml 的 [auth] 段修改"}
{"time":"2026-08-24T02:30:40.0210468+08:00","level":"INFO","msg":"定时任务调度器已启动","count":0}
{"time":"2026-08-24T02:30:40.0215605+08:00","level":"INFO","msg":"异步任务 Worker 已启动","size":4}
{"time":"2026-08-24T02:30:40.0284505+08:00","level":"WARN","msg":"MQTT 连接失败（降级运行，仅支持本地设备）","broker":"tcp://localhost:1883","error":"连接 MQTT broker 失败: dial tcp :1883: connectex: No connection could be made because the target machine actively refused it."}
{"time":"2026-08-24T02:30:40.0284505+08:00","level":"INFO","msg":"定时任务调度器已启动","count":0}
{"time":"2026-08-24T02:30:40.0284505+08:00","level":"INFO","msg":"IoT 服务已启动"}
{"time":"2026-08-24T02:30:40.028967+08:00","level":"INFO","msg":"WebDAV 已挂载","prefix":"/dav"}
{"time":"2026-08-24T02:30:40.028967+08:00","level":"INFO","msg":"HTTP 服务启动","addr":":8080"}
{"time":"2026-08-24T02:30:46.8409416+08:00","level":"INFO","msg":"HTTP 访问","method":"GET","path":"/api/system/status","status":200,"latency":"206.1364ms","ip":"::1","trace_id":"feeaf500f9b2e8388f312029"}
{"time":"2026-08-24T02:30:47.0509276+08:00","level":"INFO","msg":"HTTP 访问","method":"GET","path":"/api/system/status","status":200,"latency":"203.0256ms","ip":"::1","trace_id":"1d0113e105c178f7cc83e44d"}
{"time":"2026-08-24T02:30:47.4081927+08:00","level":"INFO","msg":"HTTP 访问","method":"GET","path":"/","status":304,"latency":"503.2µs","ip":"::1","trace_id":"12cc1cfae5cfc2f9f3af0f99"}
{"time":"2026-08-24T02:30:47.4361706+08:00","level":"INFO","msg":"HTTP 访问","method":"GET","path":"/css/style.css","status":304,"latency":"0s","ip":"::1","trace_id":"022bed793e0fc29b5d9283a6"}
{"time":"2026-08-24T02:30:47.4376933+08:00","level":"INFO","msg":"HTTP 访问","method":"GET","path":"/js/video-js-8.24.0/video-js.min.css","status":304,"latency":"0s","ip":"::1","trace_id":"17f64de2a25e07dde0e8c100"}
{"time":"2026-08-24T02:30:47.4386971+08:00","level":"INFO","msg":"HTTP 访问","method":"GET","path":"/js/video-js-8.24.0/video.min.js","status":304,"latency":"1.0038ms","ip":"::1","trace_id":"7af708ebe4e93acac494abe8"}
{"time":"2026-08-24T02:30:47.4923767+08:00","level":"INFO","msg":"HTTP 访问","method":"GET","path":"/js/app.js","status":200,"latency":"46.6492ms","ip":"::1","trace_id":"fe74a49fceed496ed23ee065"}
{"time":"2026-08-24T02:30:47.5276398+08:00","level":"INFO","msg":"HTTP 访问","method":"GET","path":"/api/auth/me","status":200,"latency":"1.5034ms","ip":"::1","trace_id":"f16a6d637458720573ef0c04"}
{"time":"2026-08-24T02:30:47.5677825+08:00","level":"INFO","msg":"HTTP 访问","method":"GET","path":"/api/admin/settings","status":200,"latency":"0s","ip":"::1","trace_id":"3c48d5bc8e30af7c043b37d0"}
{"time":"2026-08-24T02:30:47.610877+08:00","level":"INFO","msg":"HTTP 访问","method":"GET","path":"/favicon.ico","status":304,"latency":"683.4µs","ip":"::1","trace_id":"99f43b6e4003ae1b2d77c53c"}
{"time":"2026-08-24T02:30:47.8134508+08:00","level":"INFO","msg":"HTTP 访问","method":"GET","path":"/api/system/status","status":200,"latency":"203.2572ms","ip":"::1","trace_id":"46fb0904a8001a3559ab4cc1"}
{"time":"2026-08-24T02:30:48.0178313+08:00","level":"INFO","msg":"HTTP 访问","method":"GET","path":"/api/system/status","status":200,"latency":"203.8232ms","ip":"::1","trace_id":"36fa6a47699f1ef90b392055"}
{"time":"2026-08-24T02:30:49.5769526+08:00","level":"INFO","msg":"HTTP 访问","method":"GET","path":"/api/files","status":200,"latency":"31.7645ms","ip":"::1","trace_id":"7926cb324a6af102ab02f97b"}
{"time":"2026-08-24T02:30:49.6033528+08:00","level":"INFO","msg":"HTTP 访问","method":"GET","path":"/api/storage/stats","status":200,"latency":"22.8582ms","ip":"::1","trace_id":"c7f1baca405727dbd2c58550"}
{"time":"2026-08-24T02:30:50.7208973+08:00","level":"INFO","msg":"HTTP 访问","method":"GET","path":"/api/files","status":200,"latency":"1.2255ms","ip":"::1","trace_id":"bc4d386a33e64f90913a0081"}
{"time":"2026-08-24T02:30:50.7485503+08:00","level":"INFO","msg":"HTTP 访问","method":"GET","path":"/api/storage/stats","status":200,"latency":"22.064ms","ip":"::1","trace_id":"1e71c75652ac1cea4ee12d63"}
{"time":"2026-08-24T02:30:52.8187855+08:00","level":"INFO","msg":"HTTP 访问","method":"GET","path":"/api/system/status","status":200,"latency":"203.3888ms","ip":"::1","trace_id":"2d79b8f39b868429547eb8fd"}
{"time":"2026-08-24T02:30:55.1777701+08:00","level":"INFO","msg":"HTTP 访问","method":"GET","path":"/api/files","status":200,"latency":"33.958ms","ip":"::1","trace_id":"1cca7292d8d97ca35c8432ac"}
{"time":"2026-08-24T02:30:55.2035789+08:00","level":"INFO","msg":"HTTP 访问","method":"GET","path":"/api/storage/stats","status":200,"latency":"22.8657ms","ip":"::1","trace_id":"dbe23073777f874c4ad90afb"}
{"time":"2026-08-24T02:30:56.2378434+08:00","level":"INFO","msg":"HTTP 访问","method":"GET","path":"/api/files","status":200,"latency":"1.0093ms","ip":"::1","trace_id":"7dbcd934ead6c14d3b2c5b49"}
{"time":"2026-08-24T02:30:56.2647367+08:00","level":"INFO","msg":"HTTP 访问","method":"GET","path":"/api/storage/stats","status":200,"latency":"24.3091ms","ip":"::1","trace_id":"5b4e818999b41133638c5da9"}
{"time":"2026-08-24T02:30:57.5562356+08:00","level":"INFO","msg":"HTTP 访问","method":"GET","path":"/api/files","status":200,"latency":"31.291ms","ip":"::1","trace_id":"3051af635cbfbf23cc4749c6"}
{"time":"2026-08-24T02:30:57.5835276+08:00","level":"INFO","msg":"HTTP 访问","method":"GET","path":"/api/storage/stats","status":200,"latency":"23.7513ms","ip":"::1","trace_id":"2e28d3561b5be08f003d5592"}
{"time":"2026-08-24T02:30:57.8173126+08:00","level":"INFO","msg":"HTTP 访问","method":"GET","path":"/api/system/status","status":200,"latency":"203.1209ms","ip":"::1","trace_id":"d3b1600388e859b035985c43"}
{"time":"2026-08-24T02:30:58.6756981+08:00","level":"INFO","msg":"HTTP 访问","method":"GET","path":"/api/files","status":200,"latency":"1.0271ms","ip":"::1","trace_id":"023cde0b4163f5f919707fdc"}
{"time":"2026-08-24T02:30:58.703689+08:00","level":"INFO","msg":"HTTP 访问","method":"GET","path":"/api/storage/stats","status":200,"latency":"24.8513ms","ip":"::1","trace_id":"e11b82a7791ad4534d0cc080"}
{"time":"2026-08-24T02:31:01.1808405+08:00","level":"INFO","msg":"HTTP 访问","method":"GET","path":"/api/files","status":200,"latency":"0s","ip":"::1","trace_id":"5cd5260507a72bcdf3b4c7d4"}
{"time":"2026-08-24T02:31:01.2074905+08:00","level":"INFO","msg":"HTTP 访问","method":"GET","path":"/api/storage/stats","status":200,"latency":"22.4987ms","ip":"::1","trace_id":"9168483b00a09ec993eddac3"}
{"time":"2026-08-24T02:31:01.8128026+08:00","level":"INFO","msg":"HTTP 访问","method":"GET","path":"/api/files","status":200,"latency":"1.0141ms","ip":"::1","trace_id":"72d9179fdc54442c055656c0"}
{"time":"2026-08-24T02:31:01.8433388+08:00","level":"INFO","msg":"HTTP 访问","method":"GET","path":"/api/storage/stats","status":200,"latency":"28.0181ms","ip":"::1","trace_id":"63d31abaae986f06a6f69fc9"}
{"time":"2026-08-24T02:31:02.7813834+08:00","level":"INFO","msg":"HTTP 访问","method":"GET","path":"/api/files","status":200,"latency":"1.6154ms","ip":"::1","trace_id":"cf563d8fae3916e5789b786e"}
{"time":"2026-08-24T02:31:02.8063782+08:00","level":"INFO","msg":"HTTP 访问","method":"GET","path":"/api/storage/stats","status":200,"latency":"22.2453ms","ip":"::1","trace_id":"3556b3ffda211f25d87993d0"}
{"time":"2026-08-24T02:31:02.8111115+08:00","level":"INFO","msg":"HTTP 访问","method":"GET","path":"/api/system/status","status":200,"latency":"204.4425ms","ip":"::1","trace_id":"54e8aa7333bfbb0c3c1b3844"}
{"time":"2026-08-24T02:31:04.6484959+08:00","level":"INFO","msg":"HTTP 访问","method":"GET","path":"/api/files","status":200,"latency":"1.0043ms","ip":"::1","trace_id":"b662989e33839a764f9e28d8"}
{"time":"2026-08-24T02:31:04.6754657+08:00","level":"INFO","msg":"HTTP 访问","method":"GET","path":"/api/storage/stats","status":200,"latency":"22.9538ms","ip":"::1","trace_id":"f61af579f0a3ba10e24895ea"}
{"time":"2026-08-24T02:31:05.5720525+08:00","level":"INFO","msg":"HTTP 访问","method":"GET","path":"/api/files","status":200,"latency":"1.0726ms","ip":"::1","trace_id":"20ea12af33efa907c077f8be"}
{"time":"2026-08-24T02:31:05.5981146+08:00","level":"INFO","msg":"HTTP 访问","method":"GET","path":"/api/storage/stats","status":200,"latency":"23.3773ms","ip":"::1","trace_id":"bea1dbf7c97f14e11a9acaef"}
{"time":"2026-08-24T02:31:07.8158835+08:00","level":"INFO","msg":"HTTP 访问","method":"GET","path":"/api/system/status","status":200,"latency":"203.6272ms","ip":"::1","trace_id":"21e76a33dc02dec4b77f3203"}
{"time":"2026-08-24T02:31:08.36915+08:00","level":"INFO","msg":"HTTP 访问","method":"GET","path":"/api/files","status":200,"latency":"2.0711ms","ip":"::1","trace_id":"d19d47e4c56191b2b562b260"}
{"time":"2026-08-24T02:31:08.3971531+08:00","level":"INFO","msg":"HTTP 访问","method":"GET","path":"/api/storage/stats","status":200,"latency":"23.4713ms","ip":"::1","trace_id":"0951a099c46598b252f7c02e"}
{"time":"2026-08-24T02:31:09.2852065+08:00","level":"INFO","msg":"HTTP 访问","method":"GET","path":"/api/files","status":200,"latency":"1.5079ms","ip":"::1","trace_id":"59e2802ecb4c2620e4722c1e"}
{"time":"2026-08-24T02:31:09.326433+08:00","level":"INFO","msg":"HTTP 访问","method":"GET","path":"/api/storage/stats","status":200,"latency":"24.3498ms","ip":"::1","trace_id":"f3ac07cf9b98a962a2261fa0"}
{"time":"2026-08-24T02:31:09.7769468+08:00","level":"INFO","msg":"HTTP 访问","method":"GET","path":"/api/video/info","status":200,"latency":"488.1051ms","ip":"::1","trace_id":"599169032d810a27b170ec74"}
{"time":"2026-08-24T02:31:09.7769468+08:00","level":"INFO","msg":"HTTP 访问","method":"GET","path":"/api/video/info","status":200,"latency":"488.1051ms","ip":"::1","trace_id":"7e542e0d21bbb5438188a5c0"}
{"time":"2026-08-24T02:31:09.783656+08:00","level":"INFO","msg":"HTTP 访问","method":"GET","path":"/api/video/info","status":200,"latency":"494.8143ms","ip":"::1","trace_id":"2abcbce93b4c5a4e1d7baff1"}
{"time":"2026-08-24T02:31:09.8108382+08:00","level":"INFO","msg":"HTTP 访问","method":"GET","path":"/api/video/info","status":200,"latency":"508.755ms","ip":"::1","trace_id":"97048bf429bce99fd74753f8"}
{"time":"2026-08-24T02:31:09.8162698+08:00","level":"INFO","msg":"HTTP 访问","method":"GET","path":"/api/video/info","status":200,"latency":"35.8767ms","ip":"::1","trace_id":"08425306baa76463cbe3e6fc"}
{"time":"2026-08-24T02:31:09.8167729+08:00","level":"INFO","msg":"HTTP 访问","method":"GET","path":"/api/video/info","status":200,"latency":"36.9041ms","ip":"::1","trace_id":"f7b83b8962e510f446bc6cbd"}
{"time":"2026-08-24T02:31:09.8208924+08:00","level":"INFO","msg":"HTTP 访问","method":"GET","path":"/api/video/info","status":200,"latency":"34.1032ms","ip":"::1","trace_id":"f510c35cb56d82c20b3c0e45"}
{"time":"2026-08-24T02:31:09.8487359+08:00","level":"INFO","msg":"HTTP 访问","method":"GET","path":"/api/video/info","status":200,"latency":"34.9464ms","ip":"::1","trace_id":"8f6d20fee7d654b218857590"}
{"time":"2026-08-24T02:31:09.854028+08:00","level":"INFO","msg":"HTTP 访问","method":"GET","path":"/api/video/info","status":200,"latency":"31.0619ms","ip":"::1","trace_id":"22a49ae50d884b07af7d8fbd"}
{"time":"2026-08-24T02:31:09.854028+08:00","level":"INFO","msg":"HTTP 访问","method":"GET","path":"/api/video/info","status":200,"latency":"35.2332ms","ip":"::1","trace_id":"d06805a70ef624332d18d70a"}
{"time":"2026-08-24T02:31:09.8545552+08:00","level":"INFO","msg":"HTTP 访问","method":"GET","path":"/api/video/info","status":200,"latency":"35.2321ms","ip":"::1","trace_id":"d4b8524bb2344564321e993d"}
{"time":"2026-08-24T02:31:09.869028+08:00","level":"INFO","msg":"创建播放凭证","file_id":2592,"user_id":0,"mode":"direct"}
{"time":"2026-08-24T02:31:09.869028+08:00","level":"INFO","msg":"HTTP 访问","method":"POST","path":"/api/play/ticket","status":200,"latency":"522.6µs","ip":"::1","trace_id":"2706936205d1167fd0b3a8e6"}
{"time":"2026-08-24T02:31:09.8846647+08:00","level":"INFO","msg":"HTTP 访问","method":"GET","path":"/api/video/info","status":200,"latency":"33.2255ms","ip":"::1","trace_id":"bd51324e9a06f0eac6e748ca"}
{"time":"2026-08-24T02:31:09.8951555+08:00","level":"INFO","msg":"HTTP 访问","method":"GET","path":"/api/video/info","status":200,"latency":"39.1895ms","ip":"::1","trace_id":"0e879eb73238e6c3e8877137"}
{"time":"2026-08-24T02:31:09.897778+08:00","level":"INFO","msg":"HTTP 访问","method":"GET","path":"/api/video/info","status":200,"latency":"41.2814ms","ip":"::1","trace_id":"3a53e9ecc2b52aa73f368c26"}
{"time":"2026-08-24T02:31:09.8983085+08:00","level":"INFO","msg":"HTTP 访问","method":"GET","path":"/api/video/info","status":200,"latency":"41.8119ms","ip":"::1","trace_id":"8d4d345f83b77ebdc71428cd"}
{"time":"2026-08-24T02:31:12.8083615+08:00","level":"INFO","msg":"HTTP 访问","method":"GET","path":"/api/system/status","status":200,"latency":"203.4595ms","ip":"::1","trace_id":"9dcb86aebe5300f78aa5c0d1"}
{"time":"2026-08-24T02:31:16.950662+08:00","level":"INFO","msg":"HTTP 访问","method":"DELETE","path":"/api/play/ticket/5f7cf3ff6928c90e47a867dbb8830a06fafe7429ecfc33f218767a99975ad799","status":200,"latency":"0s","ip":"::1","trace_id":"71d8c62915a27816aacdc06a"}
{"time":"2026-08-24T02:31:16.9546736+08:00","level":"INFO","msg":"HTTP 访问","method":"GET","path":"/api/video","status":206,"latency":"7.0579559s","ip":"::1","trace_id":"565d76ef2f474a85e0a57ed5"}
{"time":"2026-08-24T02:31:17.8120299+08:00","level":"INFO","msg":"HTTP 访问","method":"GET","path":"/api/system/status","status":200,"latency":"203.5068ms","ip":"::1","trace_id":"bd7e286165f40ac939425243"}
{"time":"2026-08-24T02:31:22.823355+08:00","level":"INFO","msg":"HTTP 访问","method":"GET","path":"/api/system/status","status":200,"latency":"203.5309ms","ip":"::1","trace_id":"c8455886927c6cf885cb2c06"}
{"time":"2026-08-24T02:31:24.8641573+08:00","level":"INFO","msg":"收到退出信号，开始优雅关闭"}
{"time":"2026-08-24T02:31:24.865156+08:00","level":"INFO","msg":"定时任务调度器已停止"}
{"time":"2026-08-24T02:31:24.865659+08:00","level":"INFO","msg":"定时任务调度器已停止"}
{"time":"2026-08-24T02:31:24.865659+08:00","level":"INFO","msg":"WebSocket Hub 已关闭"}
{"time":"2026-08-24T02:31:33.2590854+08:00","level":"WARN","msg":"默认主人账号已就绪","username":"admin","role":"master","id":0,"提示":"主人密码仅可通过 config.toml 的 [auth] 段修改"}
{"time":"2026-08-24T02:31:33.2610891+08:00","level":"INFO","msg":"定时任务调度器已启动","count":0}
{"time":"2026-08-24T02:31:33.2610891+08:00","level":"INFO","msg":"异步任务 Worker 已启动","size":4}
{"time":"2026-08-24T02:31:33.2679174+08:00","level":"WARN","msg":"MQTT 连接失败（降级运行，仅支持本地设备）","broker":"tcp://localhost:1883","error":"连接 MQTT broker 失败: dial tcp :1883: connectex: No connection could be made because the target machine actively refused it."}
{"time":"2026-08-24T02:31:33.2684852+08:00","level":"INFO","msg":"定时任务调度器已启动","count":0}
{"time":"2026-08-24T02:31:33.2684852+08:00","level":"INFO","msg":"IoT 服务已启动"}
{"time":"2026-08-24T02:31:33.2684852+08:00","level":"INFO","msg":"WebDAV 已挂载","prefix":"/dav"}
{"time":"2026-08-24T02:31:33.2684852+08:00","level":"INFO","msg":"HTTP 服务启动","addr":":8080"}
{"time":"2026-08-24T02:31:33.5832613+08:00","level":"INFO","msg":"HTTP 访问","method":"GET","path":"/api/system/status","status":200,"latency":"205.5671ms","ip":"::1","trace_id":"452fb26a5d4970da7da33ff2"}
{"time":"2026-08-24T02:31:37.8194349+08:00","level":"INFO","msg":"HTTP 访问","method":"GET","path":"/api/system/status","status":200,"latency":"203.9886ms","ip":"::1","trace_id":"43acae0f240e6ad4739d4556"}
{"time":"2026-08-24T02:31:40.0864505+08:00","level":"INFO","msg":"HTTP 访问","method":"GET","path":"/","status":304,"latency":"1ms","ip":"::1","trace_id":"0091e45e663cc51c411d0bbd"}
{"time":"2026-08-24T02:31:40.1281453+08:00","level":"INFO","msg":"HTTP 访问","method":"GET","path":"/api/auth/me","status":200,"latency":"0s","ip":"::1","trace_id":"b381564be4c14160f7c78284"}
{"time":"2026-08-24T02:31:40.1666466+08:00","level":"INFO","msg":"HTTP 访问","method":"GET","path":"/api/admin/settings","status":200,"latency":"999.8µs","ip":"::1","trace_id":"6e24fabb1ea8421c35338634"}
{"time":"2026-08-24T02:31:40.428459+08:00","level":"INFO","msg":"HTTP 访问","method":"GET","path":"/api/system/status","status":200,"latency":"203.0404ms","ip":"::1","trace_id":"2006c7709bfe73632ec0c4dc"}
{"time":"2026-08-24T02:31:40.6338153+08:00","level":"INFO","msg":"HTTP 访问","method":"GET","path":"/api/system/status","status":200,"latency":"204.2962ms","ip":"127.0.0.1","trace_id":"5f46facf3c488ee5f154b61f"}
{"time":"2026-08-24T02:31:41.4070101+08:00","level":"INFO","msg":"HTTP 访问","method":"GET","path":"/api/files","status":200,"latency":"31.915ms","ip":"127.0.0.1","trace_id":"0c79cd064009ddbb1ad33a03"}
{"time":"2026-08-24T02:31:41.4343748+08:00","level":"INFO","msg":"HTTP 访问","method":"GET","path":"/api/storage/stats","status":200,"latency":"22.7683ms","ip":"127.0.0.1","trace_id":"7032a1d872e601a929681e3e"}
{"time":"2026-08-24T02:31:42.7500284+08:00","level":"INFO","msg":"HTTP 访问","method":"GET","path":"/api/files","status":200,"latency":"1.3125ms","ip":"127.0.0.1","trace_id":"c8976ced88ae932085133050"}
{"time":"2026-08-24T02:31:42.7774861+08:00","level":"INFO","msg":"HTTP 访问","method":"GET","path":"/api/storage/stats","status":200,"latency":"22.3143ms","ip":"127.0.0.1","trace_id":"536352525649a35b0f039c1b"}
{"time":"2026-08-24T02:31:44.7656806+08:00","level":"INFO","msg":"HTTP 访问","method":"GET","path":"/api/files","status":200,"latency":"0s","ip":"127.0.0.1","trace_id":"53a2c53b0dcc562a357d4637"}
{"time":"2026-08-24T02:31:44.7936746+08:00","level":"INFO","msg":"HTTP 访问","method":"GET","path":"/api/storage/stats","status":200,"latency":"23.6644ms","ip":"127.0.0.1","trace_id":"fb4df050f47e65dfdcb55998"}
{"time":"2026-08-24T02:31:45.4245669+08:00","level":"INFO","msg":"HTTP 访问","method":"GET","path":"/api/system/status","status":200,"latency":"203.4481ms","ip":"127.0.0.1","trace_id":"821dc75ad4ff48d6864c72b6"}
{"time":"2026-08-24T02:31:45.6615828+08:00","level":"INFO","msg":"HTTP 访问","method":"GET","path":"/api/files","status":200,"latency":"1.5029ms","ip":"127.0.0.1","trace_id":"a7465b6e9266d9ba52d45ad0"}
{"time":"2026-08-24T02:31:45.689397+08:00","level":"INFO","msg":"HTTP 访问","method":"GET","path":"/api/storage/stats","status":200,"latency":"23.3149ms","ip":"127.0.0.1","trace_id":"ee659f38a7e42a334e3405cd"}
{"time":"2026-08-24T02:31:46.6391507+08:00","level":"INFO","msg":"HTTP 访问","method":"GET","path":"/api/files","status":200,"latency":"1.5162ms","ip":"127.0.0.1","trace_id":"ac59ea688d47a9f36e6d8d85"}
{"time":"2026-08-24T02:31:46.6645864+08:00","level":"INFO","msg":"HTTP 访问","method":"GET","path":"/api/storage/stats","status":200,"latency":"22.1533ms","ip":"127.0.0.1","trace_id":"773a83b201a007b881f777f6"}
{"time":"2026-08-24T02:31:49.7262373+08:00","level":"INFO","msg":"HTTP 访问","method":"GET","path":"/api/files/379","status":200,"latency":"0s","ip":"127.0.0.1","trace_id":"7a93041e9df99b4c05ade530"}
{"time":"2026-08-24T02:31:50.419838+08:00","level":"INFO","msg":"HTTP 访问","method":"GET","path":"/api/system/status","status":200,"latency":"203.2659ms","ip":"127.0.0.1","trace_id":"19bab5a17ce7338f93f7f9b0"}
{"time":"2026-08-24T02:31:55.4242525+08:00","level":"INFO","msg":"HTTP 访问","method":"GET","path":"/api/system/status","status":200,"latency":"203.6311ms","ip":"127.0.0.1","trace_id":"71d4d5aff6db096dd28119e8"}
{"time":"2026-08-24T02:31:57.1636887+08:00","level":"INFO","msg":"HTTP 访问","method":"GET","path":"/api/files","status":200,"latency":"355µs","ip":"127.0.0.1","trace_id":"3865c57a9436e043d1111358"}
{"time":"2026-08-24T02:31:57.1909464+08:00","level":"INFO","msg":"HTTP 访问","method":"GET","path":"/api/storage/stats","status":200,"latency":"23.1695ms","ip":"127.0.0.1","trace_id":"0abc839edd1a9775ca89b5c0"}
{"time":"2026-08-24T02:31:58.1893043+08:00","level":"INFO","msg":"HTTP 访问","method":"GET","path":"/api/files","status":200,"latency":"1.5951ms","ip":"127.0.0.1","trace_id":"e81e71283c6f4f3919ad874e"}
{"time":"2026-08-24T02:31:58.215043+08:00","level":"INFO","msg":"HTTP 访问","method":"GET","path":"/api/storage/stats","status":200,"latency":"22.6429ms","ip":"127.0.0.1","trace_id":"d0c8fe7cca588a5caa0c3ed2"}
{"time":"2026-08-24T02:32:00.4242617+08:00","level":"INFO","msg":"HTTP 访问","method":"GET","path":"/api/system/status","status":200,"latency":"204.4357ms","ip":"127.0.0.1","trace_id":"1522d7e865c6992365d75e45"}
{"time":"2026-08-24T02:32:01.1132217+08:00","level":"INFO","msg":"HTTP 访问","method":"GET","path":"/api/files/2575","status":200,"latency":"0s","ip":"127.0.0.1","trace_id":"6ed7988e9d3e2d1af9a9f783"}
{"time":"2026-08-24T02:32:04.5143495+08:00","level":"INFO","msg":"HTTP 访问","method":"GET","path":"/api/files","status":200,"latency":"2.3214ms","ip":"127.0.0.1","trace_id":"62290f3e010d6732c1e14ef7"}
{"time":"2026-08-24T02:32:04.5428214+08:00","level":"INFO","msg":"HTTP 访问","method":"GET","path":"/api/storage/stats","status":200,"latency":"25.3209ms","ip":"127.0.0.1","trace_id":"927c1a61e868fdab465a4ddf"}
{"time":"2026-08-24T02:32:05.4232871+08:00","level":"INFO","msg":"HTTP 访问","method":"GET","path":"/api/system/status","status":200,"latency":"203.7187ms","ip":"127.0.0.1","trace_id":"15dda3d281661bbd591cfb0f"}
{"time":"2026-08-24T02:32:05.5999648+08:00","level":"INFO","msg":"HTTP 访问","method":"GET","path":"/api/files","status":200,"latency":"2.6241ms","ip":"127.0.0.1","trace_id":"3838f8576debb03e169966ef"}
{"time":"2026-08-24T02:32:05.6475449+08:00","level":"INFO","msg":"HTTP 访问","method":"GET","path":"/api/storage/stats","status":200,"latency":"24.6127ms","ip":"::1","trace_id":"9409847d658d98d48088426a"}
{"time":"2026-08-24T02:32:05.6652598+08:00","level":"INFO","msg":"HTTP 访问","method":"GET","path":"/api/video/info","status":200,"latency":"61.7686ms","ip":"::1","trace_id":"1bad5d8955f3b6a8c59eab75"}
{"time":"2026-08-24T02:32:05.6683447+08:00","level":"INFO","msg":"HTTP 访问","method":"GET","path":"/api/video/info","status":200,"latency":"64.8535ms","ip":"127.0.0.1","trace_id":"cfbd16ccf2e9bd749e1367d6"}
{"time":"2026-08-24T02:32:05.6833136+08:00","level":"INFO","msg":"HTTP 访问","method":"GET","path":"/api/video/info","status":200,"latency":"60.3814ms","ip":"::1","trace_id":"a6c116f53280c17a1918644e"}
{"time":"2026-08-24T02:32:05.6865589+08:00","level":"INFO","msg":"HTTP 访问","method":"GET","path":"/api/video/info","status":200,"latency":"63.7421ms","ip":"::1","trace_id":"6cc102f52b5c3e691dbaeecd"}
{"time":"2026-08-24T02:32:05.7229024+08:00","level":"INFO","msg":"HTTP 访问","method":"GET","path":"/api/video/info","status":200,"latency":"55.0688ms","ip":"::1","trace_id":"d5b654e5d1b97b8462c1810d"}
{"time":"2026-08-24T02:32:05.725501+08:00","level":"INFO","msg":"HTTP 访问","method":"GET","path":"/api/video/info","status":200,"latency":"52.9701ms","ip":"127.0.0.1","trace_id":"b755e604109123cc52e76b2b"}
{"time":"2026-08-24T02:32:05.7400855+08:00","level":"INFO","msg":"HTTP 访问","method":"GET","path":"/api/video/info","status":200,"latency":"54.0355ms","ip":"::1","trace_id":"3a17921a6e8c9dd0a0573bad"}
{"time":"2026-08-24T02:32:05.7436966+08:00","level":"INFO","msg":"HTTP 访问","method":"GET","path":"/api/video/info","status":200,"latency":"55.5609ms","ip":"::1","trace_id":"2e3055d68397daa0aff9f412"}
{"time":"2026-08-24T02:32:05.7822787+08:00","level":"INFO","msg":"HTTP 访问","method":"GET","path":"/api/video/info","status":200,"latency":"56.7777ms","ip":"::1","trace_id":"b249bdf1c4b4aad797b29f72"}
{"time":"2026-08-24T02:32:05.785364+08:00","level":"INFO","msg":"HTTP 访问","method":"GET","path":"/api/video/info","status":200,"latency":"55.662ms","ip":"127.0.0.1","trace_id":"b8a359c1b52c9479f3cc793b"}
{"time":"2026-08-24T02:32:05.8060255+08:00","level":"INFO","msg":"HTTP 访问","method":"GET","path":"/api/video/info","status":200,"latency":"60.1971ms","ip":"::1","trace_id":"cc9df42262dde9ece154a837"}
{"time":"2026-08-24T02:32:05.8060255+08:00","level":"INFO","msg":"HTTP 访问","method":"GET","path":"/api/video/info","status":200,"latency":"63.3605ms","ip":"::1","trace_id":"f4ae3ddd3661ab450feb15f2"}
{"time":"2026-08-24T02:32:05.8412131+08:00","level":"INFO","msg":"HTTP 访问","method":"GET","path":"/api/video/info","status":200,"latency":"55.8491ms","ip":"::1","trace_id":"d0ef4c71e2e1017b67d1dc59"}
{"time":"2026-08-24T02:32:05.8463317+08:00","level":"INFO","msg":"HTTP 访问","method":"GET","path":"/api/video/info","status":200,"latency":"56.8671ms","ip":"127.0.0.1","trace_id":"f70e094c5733cdc53461af98"}
{"time":"2026-08-24T02:32:05.8622137+08:00","level":"INFO","msg":"HTTP 访问","method":"GET","path":"/api/video/info","status":200,"latency":"53.5399ms","ip":"::1","trace_id":"de320a1c22ef202a0a28df64"}
{"time":"2026-08-24T02:32:06.8489101+08:00","level":"INFO","msg":"创建播放凭证","file_id":2592,"user_id":0,"mode":"direct"}
{"time":"2026-08-24T02:32:06.8489101+08:00","level":"INFO","msg":"HTTP 访问","method":"POST","path":"/api/play/ticket","status":200,"latency":"11.2703ms","ip":"::1","trace_id":"84da5d9250f6cf1f11d5dbe6"}
{"time":"2026-08-24T02:32:09.7906337+08:00","level":"INFO","msg":"HTTP 访问","method":"GET","path":"/api/video","status":206,"latency":"2.936061s","ip":"::1","trace_id":"3d1a0f1ddf200ecc9d869bd8"}
{"time":"2026-08-24T02:32:09.794824+08:00","level":"INFO","msg":"HTTP 访问","method":"GET","path":"/api/video","status":401,"latency":"0s","ip":"127.0.0.1","trace_id":"b3d5bf443b289a60c3fc8cbd"}
{"time":"2026-08-24T02:32:10.1044828+08:00","level":"INFO","msg":"HTTP 访问","method":"GET","path":"/api/video","status":401,"latency":"0s","ip":"127.0.0.1","trace_id":"2d91d599b64c84e0a01eda61"}
{"time":"2026-08-24T02:32:10.4257901+08:00","level":"INFO","msg":"HTTP 访问","method":"GET","path":"/api/system/status","status":200,"latency":"202.9618ms","ip":"127.0.0.1","trace_id":"fcc730f3a3811de777a0fdae"}
{"time":"2026-08-24T02:32:12.7814044+08:00","level":"INFO","msg":"HTTP 访问","method":"DELETE","path":"/api/play/ticket/3baf16b76ad39215a7e4668b9257f99f1da97c68660e298cf191fbaa09879d79","status":200,"latency":"0s","ip":"127.0.0.1","trace_id":"8d5d61617f87ca2a025419f6"}
{"time":"2026-08-24T02:32:14.9840841+08:00","level":"INFO","msg":"创建播放凭证","file_id":2593,"user_id":0,"mode":"direct"}
{"time":"2026-08-24T02:32:14.9840841+08:00","level":"INFO","msg":"HTTP 访问","method":"POST","path":"/api/play/ticket","status":200,"latency":"12.3671ms","ip":"127.0.0.1","trace_id":"5f504737f177d8ef5f3f55e1"}
{"time":"2026-08-24T02:32:15.4234285+08:00","level":"INFO","msg":"HTTP 访问","method":"GET","path":"/api/system/status","status":200,"latency":"204.0127ms","ip":"::1","trace_id":"3d38deda9a7254ff5e2d645b"}
{"time":"2026-08-24T02:32:16.5410522+08:00","level":"INFO","msg":"HTTP 访问","method":"GET","path":"/api/video","status":401,"latency":"0s","ip":"::1","trace_id":"f35bb711c93b46de7699c791"}
{"time":"2026-08-24T02:32:19.5180259+08:00","level":"INFO","msg":"HTTP 访问","method":"GET","path":"/api/video","status":206,"latency":"4.5273315s","ip":"127.0.0.1","trace_id":"9ac27a37a4c82d7216110cc7"}
{"time":"2026-08-24T02:32:19.6977909+08:00","level":"INFO","msg":"HTTP 访问","method":"DELETE","path":"/api/play/ticket/16f59e2184e438dae46e3f671618cb4a469010ae49a566a3839b0dac002665aa","status":200,"latency":"0s","ip":"::1","trace_id":"348e5506795730107aaab55b"}
{"time":"2026-08-24T02:32:20.4229509+08:00","level":"INFO","msg":"HTTP 访问","method":"GET","path":"/api/system/status","status":200,"latency":"203.3676ms","ip":"::1","trace_id":"9274f4c95e950ecd3c0b4b98"}
{"time":"2026-08-24T02:32:21.0578663+08:00","level":"INFO","msg":"创建播放凭证","file_id":2594,"user_id":0,"mode":"direct"}
{"time":"2026-08-24T02:32:21.0578663+08:00","level":"INFO","msg":"HTTP 访问","method":"POST","path":"/api/play/ticket","status":200,"latency":"11.9757ms","ip":"::1","trace_id":"658e116b41af539f8de17f1f"}
{"time":"2026-08-24T02:32:25.4242389+08:00","level":"INFO","msg":"HTTP 访问","method":"GET","path":"/api/system/status","status":200,"latency":"206.3961ms","ip":"::1","trace_id":"f5653175450a5d2ff14c19d8"}
{"time":"2026-08-24T02:32:30.4210109+08:00","level":"INFO","msg":"HTTP 访问","method":"GET","path":"/api/system/status","status":200,"latency":"202.9845ms","ip":"::1","trace_id":"0eb492ce2df9c3bb07c41564"}
{"time":"2026-08-24T02:32:35.4388902+08:00","level":"INFO","msg":"HTTP 访问","method":"GET","path":"/api/system/status","status":200,"latency":"202.9395ms","ip":"::1","trace_id":"94dc48eb862cb57eaa5e767f"}
{"time":"2026-08-24T02:32:36.7048973+08:00","level":"INFO","msg":"HTTP 访问","method":"GET","path":"/api/video","status":206,"latency":"15.6431282s","ip":"::1","trace_id":"320e3db59e6fe4ea1732fa99"}
{"time":"2026-08-24T02:32:36.8973128+08:00","level":"INFO","msg":"HTTP 访问","method":"GET","path":"/api/video","status":206,"latency":"192.4155ms","ip":"::1","trace_id":"aa45a703c1b19b0705fa44dd"}
{"time":"2026-08-24T02:32:40.4227028+08:00","level":"INFO","msg":"HTTP 访问","method":"GET","path":"/api/system/status","status":200,"latency":"202.6603ms","ip":"::1","trace_id":"3d291c818a709943f469a3d3"}
{"time":"2026-08-24T02:32:40.6327493+08:00","level":"INFO","msg":"HTTP 访问","method":"GET","path":"/api/system/status","status":200,"latency":"203.0587ms","ip":"::1","trace_id":"1aa25e9a814ba1daf80811dd"}
{"time":"2026-08-24T02:32:43.5919273+08:00","level":"INFO","msg":"HTTP 访问","method":"DELETE","path":"/api/play/ticket/d105461f7edd4d44cf88a09e3a378093109194cb897924eea6c33f6825fd5dd8","status":200,"latency":"0s","ip":"::1","trace_id":"8a2bed4dcb25120ccf79a5ef"}
{"time":"2026-08-24T02:32:45.4247097+08:00","level":"INFO","msg":"HTTP 访问","method":"GET","path":"/api/system/status","status":200,"latency":"202.9655ms","ip":"::1","trace_id":"5aa57a84155a0a951bf3bbb0"}
{"time":"2026-08-24T02:32:50.4320729+08:00","level":"INFO","msg":"HTTP 访问","method":"GET","path":"/api/system/status","status":200,"latency":"202.7578ms","ip":"::1","trace_id":"b845bc67ab0fee949113a313"}
{"time":"2026-08-24T02:32:55.4349511+08:00","level":"INFO","msg":"HTTP 访问","method":"GET","path":"/api/system/status","status":200,"latency":"203.3988ms","ip":"::1","trace_id":"529c30a6ce7dcf4f24b2fde1"}
{"time":"2026-08-24T02:33:00.4290036+08:00","level":"INFO","msg":"HTTP 访问","method":"GET","path":"/api/system/status","status":200,"latency":"203.8693ms","ip":"::1","trace_id":"49026ceb5a9f9b34905a57eb"}
{"time":"2026-08-24T02:33:03.0193854+08:00","level":"INFO","msg":"创建播放凭证","file_id":2595,"user_id":0,"mode":"direct"}
{"time":"2026-08-24T02:33:03.0193854+08:00","level":"INFO","msg":"HTTP 访问","method":"POST","path":"/api/play/ticket","status":200,"latency":"10.8106ms","ip":"::1","trace_id":"dadea1b74d8cc93db1fd8349"}
{"time":"2026-08-24T02:33:05.4208328+08:00","level":"INFO","msg":"HTTP 访问","method":"GET","path":"/api/system/status","status":200,"latency":"203.6156ms","ip":"::1","trace_id":"98ef1edc99c46df5e8842839"}
{"time":"2026-08-24T02:33:10.4585812+08:00","level":"INFO","msg":"HTTP 访问","method":"GET","path":"/api/system/status","status":200,"latency":"204.7221ms","ip":"::1","trace_id":"fd2df56250aaa454699076fd"}
{"time":"2026-08-24T02:33:15.4375166+08:00","level":"INFO","msg":"HTTP 访问","method":"GET","path":"/api/system/status","status":200,"latency":"203.0428ms","ip":"::1","trace_id":"9d333215cfb0a42a095d3761"}
{"time":"2026-08-24T02:33:20.4332516+08:00","level":"INFO","msg":"HTTP 访问","method":"GET","path":"/api/system/status","status":200,"latency":"203.7196ms","ip":"::1","trace_id":"46dcdcc39b8a1b9f586b71e3"}
{"time":"2026-08-24T02:33:25.4207776+08:00","level":"INFO","msg":"HTTP 访问","method":"GET","path":"/api/system/status","status":200,"latency":"203.2154ms","ip":"::1","trace_id":"dffa098f29d7632cbc658070"}
{"time":"2026-08-24T02:33:30.419615+08:00","level":"INFO","msg":"HTTP 访问","method":"GET","path":"/api/system/status","status":200,"latency":"203.7515ms","ip":"::1","trace_id":"7d86750d5fecaa2db206b304"}
{"time":"2026-08-24T02:33:35.4358131+08:00","level":"INFO","msg":"HTTP 访问","method":"GET","path":"/api/system/status","status":200,"latency":"203.5278ms","ip":"::1","trace_id":"3a0e5ff3b0fdef6d0e0fc4a8"}
{"time":"2026-08-24T02:33:40.4369543+08:00","level":"INFO","msg":"HTTP 访问","method":"GET","path":"/api/system/status","status":200,"latency":"205.5405ms","ip":"::1","trace_id":"5a9b54819be603e1410f4995"}
{"time":"2026-08-24T02:33:40.6414077+08:00","level":"INFO","msg":"HTTP 访问","method":"GET","path":"/api/system/status","status":200,"latency":"203.9117ms","ip":"::1","trace_id":"b6ee42af334e8f74eda06c97"}
{"time":"2026-08-24T02:33:45.4203023+08:00","level":"INFO","msg":"HTTP 访问","method":"GET","path":"/api/system/status","status":200,"latency":"202.8697ms","ip":"::1","trace_id":"ceebc723c917cd0fce7fb66f"}
{"time":"2026-08-24T02:33:50.4502372+08:00","level":"INFO","msg":"HTTP 访问","method":"GET","path":"/api/system/status","status":200,"latency":"203.3533ms","ip":"::1","trace_id":"6cf9dd2d53391f55213c0541"}
{"time":"2026-08-24T02:33:54.8934955+08:00","level":"INFO","msg":"HTTP 访问","method":"GET","path":"/api/video","status":206,"latency":"51.8692314s","ip":"::1","trace_id":"bd6aab3b2fa1b3e679d88efd"}
{"time":"2026-08-24T02:33:55.4405144+08:00","level":"INFO","msg":"HTTP 访问","method":"GET","path":"/api/system/status","status":200,"latency":"202.8245ms","ip":"::1","trace_id":"97bb0fd7308658fed11dc7d1"}
{"time":"2026-08-24T02:34:00.4395927+08:00","level":"INFO","msg":"HTTP 访问","method":"GET","path":"/api/system/status","status":200,"latency":"203.3268ms","ip":"::1","trace_id":"f3b86f55dc9367f94a1dd985"}
{"time":"2026-08-24T02:34:05.4208438+08:00","level":"INFO","msg":"HTTP 访问","method":"GET","path":"/api/system/status","status":200,"latency":"203.1979ms","ip":"::1","trace_id":"a7899c88ae0021ffcf07d9f4"}
{"time":"2026-08-24T02:34:10.5035517+08:00","level":"INFO","msg":"HTTP 访问","method":"GET","path":"/api/system/status","status":200,"latency":"203.5914ms","ip":"::1","trace_id":"d8a8afa36a35d33a1d41ad5b"}
{"time":"2026-08-24T02:34:15.5037869+08:00","level":"INFO","msg":"HTTP 访问","method":"GET","path":"/api/system/status","status":200,"latency":"203.2976ms","ip":"::1","trace_id":"c6942f94b43f8c6eed3e638f"}
{"time":"2026-08-24T02:34:20.5265348+08:00","level":"INFO","msg":"HTTP 访问","method":"GET","path":"/api/system/status","status":200,"latency":"203.9701ms","ip":"::1","trace_id":"f9928d3667ee43db8bd20580"}
{"time":"2026-08-24T02:34:25.5006974+08:00","level":"INFO","msg":"HTTP 访问","method":"GET","path":"/api/system/status","status":200,"latency":"204.0567ms","ip":"::1","trace_id":"dfd9a0a6c0bded81763c585e"}
{"time":"2026-08-24T02:34:30.5065385+08:00","level":"INFO","msg":"HTTP 访问","method":"GET","path":"/api/system/status","status":200,"latency":"206.3463ms","ip":"::1","trace_id":"af1999321cc59b3e9acfcf04"}
{"time":"2026-08-24T02:34:35.5080038+08:00","level":"INFO","msg":"HTTP 访问","method":"GET","path":"/api/system/status","status":200,"latency":"203.1442ms","ip":"::1","trace_id":"5523745c4aca28c8929dbe14"}
{"time":"2026-08-24T02:34:40.4983936+08:00","level":"INFO","msg":"HTTP 访问","method":"GET","path":"/api/system/status","status":200,"latency":"203.0418ms","ip":"::1","trace_id":"e06fc1bda10819f0a881224f"}
{"time":"2026-08-24T02:35:09.9954962+08:00","level":"INFO","msg":"HTTP 访问","method":"GET","path":"/api/system/status","status":200,"latency":"203.1824ms","ip":"::1","trace_id":"adde6e0cb5ae4136adc03abd"}
{"time":"2026-08-24T02:35:10.4448505+08:00","level":"INFO","msg":"HTTP 访问","method":"GET","path":"/api/system/status","status":200,"latency":"203.0485ms","ip":"::1","trace_id":"127f37b20e600771126c7594"}
{"time":"2026-08-24T02:35:15.4474233+08:00","level":"INFO","msg":"HTTP 访问","method":"GET","path":"/api/system/status","status":200,"latency":"203.5002ms","ip":"::1","trace_id":"e8e818e8c4b5221fcc3412ec"}
{"time":"2026-08-24T02:35:20.4349957+08:00","level":"INFO","msg":"HTTP 访问","method":"GET","path":"/api/system/status","status":200,"latency":"203.1577ms","ip":"::1","trace_id":"30313899e555cd7fb43d8818"}
{"time":"2026-08-24T02:35:22.0554616+08:00","level":"INFO","msg":"HTTP 访问","method":"GET","path":"/js/app.js","status":200,"latency":"40.1623ms","ip":"172.31.200.30","trace_id":"fddbba4f0f167b24b15d5ec9"}
{"time":"2026-08-24T02:35:22.2736503+08:00","level":"INFO","msg":"HTTP 访问","method":"GET","path":"/api/auth/me","status":200,"latency":"0s","ip":"172.31.200.30","trace_id":"9854e717a124821819964c0f"}
{"time":"2026-08-24T02:35:22.5333581+08:00","level":"INFO","msg":"HTTP 访问","method":"GET","path":"/api/system/status","status":200,"latency":"203.6194ms","ip":"172.31.200.30","trace_id":"d63f1c476a908e7dbbd50c04"}
{"time":"2026-08-24T02:35:22.7407108+08:00","level":"INFO","msg":"HTTP 访问","method":"GET","path":"/api/system/status","status":200,"latency":"203.8141ms","ip":"172.31.200.30","trace_id":"b4ab77ef37c906d65bc5ed2c"}
{"time":"2026-08-24T02:35:23.6799471+08:00","level":"INFO","msg":"HTTP 访问","method":"GET","path":"/api/files","status":200,"latency":"35.3976ms","ip":"172.31.200.30","trace_id":"f3aae17011e803a36974c10d"}
{"time":"2026-08-24T02:35:23.7348372+08:00","level":"INFO","msg":"HTTP 访问","method":"GET","path":"/api/storage/stats","status":200,"latency":"24.1094ms","ip":"172.31.200.30","trace_id":"e810886c075b200e839edff1"}
{"time":"2026-08-24T02:35:25.3779759+08:00","level":"INFO","msg":"HTTP 访问","method":"GET","path":"/api/files","status":200,"latency":"797.8µs","ip":"172.31.200.30","trace_id":"459b8596ae57a88f210eee8e"}
{"time":"2026-08-24T02:35:25.4157534+08:00","level":"INFO","msg":"HTTP 访问","method":"GET","path":"/api/storage/stats","status":200,"latency":"21.5474ms","ip":"172.31.200.30","trace_id":"3befada90178c82063be62ba"}
{"time":"2026-08-24T02:35:25.4330309+08:00","level":"INFO","msg":"HTTP 访问","method":"GET","path":"/api/system/status","status":200,"latency":"202.7814ms","ip":"::1","trace_id":"03c22d56ca23d76b8b04d45a"}
{"time":"2026-08-24T02:35:27.5120433+08:00","level":"INFO","msg":"HTTP 访问","method":"GET","path":"/api/system/status","status":200,"latency":"203.4922ms","ip":"172.31.200.30","trace_id":"fa1fc64120db9e8214ee0c8c"}
{"time":"2026-08-24T02:35:29.1226488+08:00","level":"INFO","msg":"HTTP 访问","method":"GET","path":"/api/files","status":200,"latency":"638.5µs","ip":"172.31.200.30","trace_id":"af3389434de38168d73f74dc"}
{"time":"2026-08-24T02:35:29.1597511+08:00","level":"INFO","msg":"HTTP 访问","method":"GET","path":"/api/storage/stats","status":200,"latency":"23.6495ms","ip":"172.31.200.30","trace_id":"532a1968e14892a26075b6ff"}
{"time":"2026-08-24T02:35:30.0843381+08:00","level":"INFO","msg":"创建播放凭证","file_id":2631,"user_id":2,"mode":"direct"}
{"time":"2026-08-24T02:35:30.0843381+08:00","level":"INFO","msg":"HTTP 访问","method":"POST","path":"/api/play/ticket","status":200,"latency":"0s","ip":"172.31.200.30","trace_id":"e6c19de7f6a7c7063c41b09b"}
{"time":"2026-08-24T02:35:30.3182939+08:00","level":"INFO","msg":"HTTP 访问","method":"GET","path":"/api/video","status":200,"latency":"140.0381ms","ip":"172.31.200.30","trace_id":"4bfdf8a07239d815e911dc2d"}
{"time":"2026-08-24T02:35:30.3722512+08:00","level":"INFO","msg":"HTTP 访问","method":"GET","path":"/api/video","status":206,"latency":"48.1163ms","ip":"172.31.200.30","trace_id":"fea65f59c7bc55afb12b6e56"}
{"time":"2026-08-24T02:35:30.4238268+08:00","level":"INFO","msg":"HTTP 访问","method":"GET","path":"/api/video","status":206,"latency":"103.0162ms","ip":"172.31.200.30","trace_id":"a1d80bb715e1e159bca600ef"}
{"time":"2026-08-24T02:35:30.428306+08:00","level":"INFO","msg":"HTTP 访问","method":"GET","path":"/api/system/status","status":200,"latency":"202.8672ms","ip":"::1","trace_id":"2c23a7b6d902d0d7a5c635ef"}
{"time":"2026-08-24T02:35:30.6776335+08:00","level":"INFO","msg":"HTTP 访问","method":"GET","path":"/api/video","status":200,"latency":"156.7201ms","ip":"172.31.200.30","trace_id":"1aeefaa23a31a7e9e9543334"}
{"time":"2026-08-24T02:35:30.7381752+08:00","level":"INFO","msg":"HTTP 访问","method":"GET","path":"/api/video","status":206,"latency":"57.8378ms","ip":"172.31.200.30","trace_id":"9e576893e2fb6a7fd83d10ae"}
{"time":"2026-08-24T02:35:31.2835981+08:00","level":"INFO","msg":"HTTP 访问","method":"GET","path":"/api/video","status":200,"latency":"437.0834ms","ip":"172.31.200.30","trace_id":"9a399ba90c8d9bd5935ec0f3"}
{"time":"2026-08-24T02:35:32.5109746+08:00","level":"INFO","msg":"HTTP 访问","method":"GET","path":"/api/system/status","status":200,"latency":"203.0554ms","ip":"172.31.200.30","trace_id":"fcc9f99c3e2aadb91f937920"}
{"time":"2026-08-24T02:35:35.4467068+08:00","level":"INFO","msg":"HTTP 访问","method":"GET","path":"/api/system/status","status":200,"latency":"202.8055ms","ip":"::1","trace_id":"3e4a6f888f312f612d5dce57"}
{"time":"2026-08-24T02:35:37.5130167+08:00","level":"INFO","msg":"HTTP 访问","method":"GET","path":"/api/system/status","status":200,"latency":"203.273ms","ip":"172.31.200.30","trace_id":"ffea6375e4f7d4b90c835c6e"}
{"time":"2026-08-24T02:35:40.4296982+08:00","level":"INFO","msg":"HTTP 访问","method":"GET","path":"/api/system/status","status":200,"latency":"206.8726ms","ip":"::1","trace_id":"7e050e1bf8ddc9124f5c7b49"}
{"time":"2026-08-24T02:35:40.6407738+08:00","level":"INFO","msg":"HTTP 访问","method":"GET","path":"/api/system/status","status":200,"latency":"203.9525ms","ip":"::1","trace_id":"2e66e8d6ad4c5ae2931bd149"}
{"time":"2026-08-24T02:35:42.5163995+08:00","level":"INFO","msg":"HTTP 访问","method":"GET","path":"/api/system/status","status":200,"latency":"203.1761ms","ip":"172.31.200.30","trace_id":"6e1b175a7593dd7e397c236c"}
{"time":"2026-08-24T02:35:45.4314445+08:00","level":"INFO","msg":"HTTP 访问","method":"GET","path":"/api/system/status","status":200,"latency":"203.0972ms","ip":"::1","trace_id":"8877119286e374e8c6c62ce0"}
{"time":"2026-08-24T02:35:45.452057+08:00","level":"INFO","msg":"HTTP 访问","method":"DELETE","path":"/api/play/ticket/96bdc9fbced41be16e45fc70a45ba4d7142126a6fb79705718ecf9bde565cc95","status":200,"latency":"0s","ip":"172.31.200.30","trace_id":"13a8889a77324f9dc96254a5"}
{"time":"2026-08-24T02:35:47.5100002+08:00","level":"INFO","msg":"HTTP 访问","method":"GET","path":"/api/system/status","status":200,"latency":"203.1759ms","ip":"172.31.200.30","trace_id":"c32ef85a790bdfe66c7a1981"}
{"time":"2026-08-24T02:35:48.4635722+08:00","level":"INFO","msg":"HTTP 访问","method":"GET","path":"/api/files","status":200,"latency":"1.1557ms","ip":"172.31.200.30","trace_id":"6fe640f8bb2c1459a8b8b0e6"}
{"time":"2026-08-24T02:35:48.5001731+08:00","level":"INFO","msg":"HTTP 访问","method":"GET","path":"/api/storage/stats","status":200,"latency":"23.5145ms","ip":"172.31.200.30","trace_id":"b94c5242126be805a739cfc2"}
{"time":"2026-08-24T02:35:50.4215393+08:00","level":"INFO","msg":"HTTP 访问","method":"GET","path":"/api/system/status","status":200,"latency":"202.7668ms","ip":"::1","trace_id":"6b0dd3ca230ee83f1327c0fb"}
{"time":"2026-08-24T02:35:52.5208527+08:00","level":"INFO","msg":"HTTP 访问","method":"GET","path":"/api/system/status","status":200,"latency":"203.9969ms","ip":"172.31.200.30","trace_id":"5fade5ade88d65a896aee1c3"}
{"time":"2026-08-24T02:35:55.4395257+08:00","level":"INFO","msg":"HTTP 访问","method":"GET","path":"/api/system/status","status":200,"latency":"204.6315ms","ip":"::1","trace_id":"cf5bb4ab036e19fd6d091281"}
{"time":"2026-08-24T02:35:55.8361124+08:00","level":"INFO","msg":"HTTP 访问","method":"GET","path":"/api/files","status":200,"latency":"30.9069ms","ip":"172.31.200.30","trace_id":"4bf03f1a756dde04220f612a"}
{"time":"2026-08-24T02:35:55.8758115+08:00","level":"INFO","msg":"HTTP 访问","method":"GET","path":"/api/storage/stats","status":200,"latency":"22.9692ms","ip":"172.31.200.30","trace_id":"53aa4fe29dd2d9b3bbeb9b83"}
{"time":"2026-08-24T02:35:57.3894615+08:00","level":"INFO","msg":"HTTP 访问","method":"GET","path":"/api/files","status":200,"latency":"502.1µs","ip":"172.31.200.30","trace_id":"ce6c13158556ff69e005f9d3"}
{"time":"2026-08-24T02:35:57.4244703+08:00","level":"INFO","msg":"HTTP 访问","method":"GET","path":"/api/storage/stats","status":200,"latency":"23.9509ms","ip":"172.31.200.30","trace_id":"54852e3cd6bd4d75d1131bcc"}
{"time":"2026-08-24T02:35:57.5077312+08:00","level":"INFO","msg":"HTTP 访问","method":"GET","path":"/api/system/status","status":200,"latency":"203.1806ms","ip":"172.31.200.30","trace_id":"8f0dc6e6710dda900cfa9262"}
{"time":"2026-08-24T02:35:58.5408816+08:00","level":"INFO","msg":"HTTP 访问","method":"GET","path":"/api/files","status":200,"latency":"1.0173ms","ip":"172.31.200.30","trace_id":"8600daafaf5d5f40a6d47f30"}
{"time":"2026-08-24T02:35:58.5781741+08:00","level":"INFO","msg":"HTTP 访问","method":"GET","path":"/api/storage/stats","status":200,"latency":"23.1109ms","ip":"172.31.200.30","trace_id":"08fc9c30bc19abf9927ef159"}
{"time":"2026-08-24T02:36:00.4266513+08:00","level":"INFO","msg":"HTTP 访问","method":"GET","path":"/api/system/status","status":200,"latency":"203.5423ms","ip":"::1","trace_id":"9f35755ef2f69c18b32b06f7"}
{"time":"2026-08-24T02:36:02.5100032+08:00","level":"INFO","msg":"HTTP 访问","method":"GET","path":"/api/system/status","status":200,"latency":"203.8664ms","ip":"172.31.200.30","trace_id":"ea24e751da0e059577a18ec3"}
{"time":"2026-08-24T02:36:04.069773+08:00","level":"INFO","msg":"HTTP 访问","method":"GET","path":"/api/files","status":200,"latency":"504µs","ip":"172.31.200.30","trace_id":"76699f9b5a6bbcdd42f96e88"}
{"time":"2026-08-24T02:36:04.1065051+08:00","level":"INFO","msg":"HTTP 访问","method":"GET","path":"/api/storage/stats","status":200,"latency":"22.157ms","ip":"172.31.200.30","trace_id":"d9fb6685993b5aa25969c142"}
{"time":"2026-08-24T02:36:05.1958184+08:00","level":"INFO","msg":"HTTP 访问","method":"GET","path":"/api/files","status":200,"latency":"30.3429ms","ip":"172.31.200.30","trace_id":"facb50c90f074a21b3cd2dab"}
{"time":"2026-08-24T02:36:05.236871+08:00","level":"INFO","msg":"HTTP 访问","method":"GET","path":"/api/storage/stats","status":200,"latency":"26.9301ms","ip":"172.31.200.30","trace_id":"a53ac86a43fe46c000b71f4d"}
{"time":"2026-08-24T02:36:05.4207657+08:00","level":"INFO","msg":"HTTP 访问","method":"GET","path":"/api/system/status","status":200,"latency":"203.4512ms","ip":"::1","trace_id":"3af8f5a1871eef18085e2924"}
{"time":"2026-08-24T02:36:07.1673172+08:00","level":"INFO","msg":"HTTP 访问","method":"GET","path":"/api/files","status":200,"latency":"1.5059ms","ip":"172.31.200.30","trace_id":"5d3f9dade86c7632b52bddd0"}
{"time":"2026-08-24T02:36:07.2049014+08:00","level":"INFO","msg":"HTTP 访问","method":"GET","path":"/api/storage/stats","status":200,"latency":"22.6125ms","ip":"172.31.200.30","trace_id":"0dbf3e7709736393fac88a55"}
{"time":"2026-08-24T02:36:07.5163595+08:00","level":"INFO","msg":"HTTP 访问","method":"GET","path":"/api/system/status","status":200,"latency":"203.2143ms","ip":"172.31.200.30","trace_id":"708e5d7273392f735a716b7f"}
{"time":"2026-08-24T02:36:09.3063248+08:00","level":"INFO","msg":"HTTP 访问","method":"GET","path":"/api/files","status":200,"latency":"3.1223ms","ip":"172.31.200.30","trace_id":"d69b9dabedf85314790fe6e3"}
{"time":"2026-08-24T02:36:09.4523649+08:00","level":"INFO","msg":"HTTP 访问","method":"GET","path":"/api/storage/stats","status":200,"latency":"22.2145ms","ip":"172.31.200.30","trace_id":"f4ee2d59f6caccedb224e797"}
{"time":"2026-08-24T02:36:10.4481402+08:00","level":"INFO","msg":"HTTP 访问","method":"GET","path":"/api/system/status","status":200,"latency":"203.2178ms","ip":"::1","trace_id":"4785b44e3e557f1984c977da"}
{"time":"2026-08-24T02:36:11.3977759+08:00","level":"INFO","msg":"HTTP 访问","method":"GET","path":"/api/files","status":200,"latency":"1.0155ms","ip":"172.31.200.30","trace_id":"3d489c44e112c4c7415f0b77"}
{"time":"2026-08-24T02:36:11.434388+08:00","level":"INFO","msg":"HTTP 访问","method":"GET","path":"/api/storage/stats","status":200,"latency":"23.1617ms","ip":"172.31.200.30","trace_id":"4757ac0b945cbf34c482a19c"}
{"time":"2026-08-24T02:36:12.5132677+08:00","level":"INFO","msg":"HTTP 访问","method":"GET","path":"/api/system/status","status":200,"latency":"203.4177ms","ip":"172.31.200.30","trace_id":"fe062fa86ddbe0febb24b152"}
{"time":"2026-08-24T02:36:14.6133174+08:00","level":"INFO","msg":"HTTP 访问","method":"GET","path":"/api/files","status":200,"latency":"16.0113ms","ip":"172.31.200.30","trace_id":"f93a0358c1e9333c08e1b8b0"}
{"time":"2026-08-24T02:36:14.658228+08:00","level":"INFO","msg":"HTTP 访问","method":"GET","path":"/api/storage/stats","status":200,"latency":"23.821ms","ip":"172.31.200.30","trace_id":"5e4ff63a4c0bc7beeec0a3ad"}
{"time":"2026-08-24T02:36:15.4366883+08:00","level":"INFO","msg":"HTTP 访问","method":"GET","path":"/api/system/status","status":200,"latency":"203.2976ms","ip":"::1","trace_id":"deeaeb7ff575717d9f604b22"}
{"time":"2026-08-24T02:36:16.1334047+08:00","level":"INFO","msg":"HTTP 访问","method":"GET","path":"/api/files","status":200,"latency":"502.5µs","ip":"172.31.200.30","trace_id":"547aaee2f7a5afeb1288e66f"}
{"time":"2026-08-24T02:36:16.1752012+08:00","level":"INFO","msg":"HTTP 访问","method":"GET","path":"/api/storage/stats","status":200,"latency":"24.5072ms","ip":"172.31.200.30","trace_id":"4cc2e3be60aad0751e572f78"}
{"time":"2026-08-24T02:36:16.9614669+08:00","level":"INFO","msg":"HTTP 访问","method":"GET","path":"/api/files","status":200,"latency":"502.7µs","ip":"172.31.200.30","trace_id":"86e107b2f757fbfc780e8df5"}
{"time":"2026-08-24T02:36:17.0033626+08:00","level":"INFO","msg":"HTTP 访问","method":"GET","path":"/api/storage/stats","status":200,"latency":"22.7837ms","ip":"172.31.200.30","trace_id":"8ac6622e97e258de3cad6304"}
{"time":"2026-08-24T02:36:17.510801+08:00","level":"INFO","msg":"HTTP 访问","method":"GET","path":"/api/system/status","status":200,"latency":"203.6379ms","ip":"172.31.200.30","trace_id":"661ee2b2a7701ff8ced901ee"}
{"time":"2026-08-24T02:36:19.114134+08:00","level":"INFO","msg":"HTTP 访问","method":"GET","path":"/api/files","status":200,"latency":"652.4µs","ip":"172.31.200.30","trace_id":"bf5677bfab99166091561aa9"}
{"time":"2026-08-24T02:36:19.1567335+08:00","level":"INFO","msg":"HTTP 访问","method":"GET","path":"/api/storage/stats","status":200,"latency":"22.5028ms","ip":"172.31.200.30","trace_id":"539cba6f81a22f919bf3f008"}
{"time":"2026-08-24T02:36:20.4269165+08:00","level":"INFO","msg":"HTTP 访问","method":"GET","path":"/api/system/status","status":200,"latency":"202.6985ms","ip":"::1","trace_id":"951971ec07e3bff5660d7be6"}
{"time":"2026-08-24T02:36:21.4252965+08:00","level":"INFO","msg":"HTTP 访问","method":"GET","path":"/api/files","status":200,"latency":"1.0782ms","ip":"172.31.200.30","trace_id":"568fa77b42a202be47b7209e"}
{"time":"2026-08-24T02:36:21.4642224+08:00","level":"INFO","msg":"HTTP 访问","method":"GET","path":"/api/storage/stats","status":200,"latency":"23.785ms","ip":"172.31.200.30","trace_id":"e3e241c4c2b83de519ef9eae"}
{"time":"2026-08-24T02:36:22.5210167+08:00","level":"INFO","msg":"HTTP 访问","method":"GET","path":"/api/system/status","status":200,"latency":"204.4102ms","ip":"172.31.200.30","trace_id":"be9ee08d6136e10002ba8966"}
{"time":"2026-08-24T02:36:22.8001478+08:00","level":"INFO","msg":"HTTP 访问","method":"GET","path":"/api/system/status","status":200,"latency":"202.9826ms","ip":"172.31.200.30","trace_id":"2fc525d01f152195a0ad7877"}
{"time":"2026-08-24T02:36:25.4262706+08:00","level":"INFO","msg":"HTTP 访问","method":"GET","path":"/api/system/status","status":200,"latency":"203.9281ms","ip":"::1","trace_id":"cc084314959d53388f45f30b"}
{"time":"2026-08-24T02:36:25.5946364+08:00","level":"INFO","msg":"HTTP 访问","method":"GET","path":"/api/files","status":200,"latency":"504.6µs","ip":"172.31.200.30","trace_id":"e8d9725cf5e506d72172dc19"}
{"time":"2026-08-24T02:36:25.6348968+08:00","level":"INFO","msg":"HTTP 访问","method":"GET","path":"/api/storage/stats","status":200,"latency":"22.0277ms","ip":"172.31.200.30","trace_id":"94a707b9bf8db7d32dd266df"}
{"time":"2026-08-24T02:36:27.5834237+08:00","level":"INFO","msg":"HTTP 访问","method":"GET","path":"/api/system/status","status":200,"latency":"203.8674ms","ip":"172.31.200.30","trace_id":"f6416b5af9b95fc3aaf8fe89"}
{"time":"2026-08-24T02:36:29.9611674+08:00","level":"INFO","msg":"HTTP 访问","method":"GET","path":"/api/files","status":200,"latency":"1.5043ms","ip":"172.31.200.30","trace_id":"a077cafc42f93bfef5d53bb6"}
{"time":"2026-08-24T02:36:29.9987108+08:00","level":"INFO","msg":"HTTP 访问","method":"GET","path":"/api/storage/stats","status":200,"latency":"23.3182ms","ip":"172.31.200.30","trace_id":"ee32f005880a5cf86a6bc7ae"}
{"time":"2026-08-24T02:36:30.4192546+08:00","level":"INFO","msg":"HTTP 访问","method":"GET","path":"/api/system/status","status":200,"latency":"203.9633ms","ip":"::1","trace_id":"07e5a9f822a2e5513edada9b"}
{"time":"2026-08-24T02:36:31.578566+08:00","level":"INFO","msg":"HTTP 访问","method":"GET","path":"/api/files","status":200,"latency":"1.1427ms","ip":"172.31.200.30","trace_id":"041822d3f366775de019ebea"}
{"time":"2026-08-24T02:36:31.6149335+08:00","level":"INFO","msg":"HTTP 访问","method":"GET","path":"/api/storage/stats","status":200,"latency":"23.6349ms","ip":"172.31.200.30","trace_id":"665b9495b51a687b452c3274"}
{"time":"2026-08-24T02:36:32.5064037+08:00","level":"INFO","msg":"HTTP 访问","method":"GET","path":"/api/system/status","status":200,"latency":"203.1846ms","ip":"172.31.200.30","trace_id":"69094cf0483551d6a82d3af1"}
{"time":"2026-08-24T02:36:35.4319339+08:00","level":"INFO","msg":"HTTP 访问","method":"GET","path":"/api/files","status":200,"latency":"926.1µs","ip":"172.31.200.30","trace_id":"c54be2630a3ccc41ca9cc4ea"}
{"time":"2026-08-24T02:36:35.4413089+08:00","level":"INFO","msg":"HTTP 访问","method":"GET","path":"/api/system/status","status":200,"latency":"203.1136ms","ip":"::1","trace_id":"61d6737601228c16c32093ed"}
{"time":"2026-08-24T02:36:35.4683826+08:00","level":"INFO","msg":"HTTP 访问","method":"GET","path":"/api/storage/stats","status":200,"latency":"23.9993ms","ip":"172.31.200.30","trace_id":"dba7f4134b2b3e3a903caa48"}
{"time":"2026-08-24T02:36:37.5187961+08:00","level":"INFO","msg":"HTTP 访问","method":"GET","path":"/api/system/status","status":200,"latency":"203.267ms","ip":"172.31.200.30","trace_id":"f5f290e052d7c80e00e10120"}
{"time":"2026-08-24T02:36:40.4301852+08:00","level":"INFO","msg":"HTTP 访问","method":"GET","path":"/api/system/status","status":200,"latency":"202.9708ms","ip":"::1","trace_id":"5feacb8022b04079558d146e"}
{"time":"2026-08-24T02:36:40.6347547+08:00","level":"INFO","msg":"HTTP 访问","method":"GET","path":"/api/system/status","status":200,"latency":"204.0596ms","ip":"::1","trace_id":"db66e5109ca027063b1a06b9"}
{"time":"2026-08-24T02:36:42.5051984+08:00","level":"INFO","msg":"HTTP 访问","method":"GET","path":"/api/system/status","status":200,"latency":"203.2736ms","ip":"172.31.200.30","trace_id":"a495d6f3f3d79e206d9bb068"}
{"time":"2026-08-24T02:36:45.420213+08:00","level":"INFO","msg":"HTTP 访问","method":"GET","path":"/api/system/status","status":200,"latency":"203.4192ms","ip":"::1","trace_id":"1399f360d2664899b293b614"}
{"time":"2026-08-24T02:36:47.5135612+08:00","level":"INFO","msg":"HTTP 访问","method":"GET","path":"/api/system/status","status":200,"latency":"203.2481ms","ip":"172.31.200.30","trace_id":"a529736af0de23ec0c2c41b5"}
{"time":"2026-08-24T02:36:49.7495397+08:00","level":"INFO","msg":"HTTP 访问","method":"DELETE","path":"/api/play/ticket/cef288b45344f1e3515c5cef81c3544d679b5da4c2db01831e28a06bf1a22fe5","status":200,"latency":"0s","ip":"::1","trace_id":"ace062873cf74dad8f3e2d48"}
{"time":"2026-08-24T02:36:49.7548453+08:00","level":"INFO","msg":"HTTP 访问","method":"GET","path":"/api/video","status":206,"latency":"1m23.1564368s","ip":"::1","trace_id":"9909486594839763abc7bdf4"}
{"time":"2026-08-24T02:36:50.4255284+08:00","level":"INFO","msg":"HTTP 访问","method":"GET","path":"/api/system/status","status":200,"latency":"202.8842ms","ip":"::1","trace_id":"73998f2490ded758780574c3"}
{"time":"2026-08-24T02:36:52.518398+08:00","level":"INFO","msg":"HTTP 访问","method":"GET","path":"/api/system/status","status":200,"latency":"204.005ms","ip":"172.31.200.30","trace_id":"29018256448f3b14013e54a7"}
{"time":"2026-08-24T02:36:52.7203324+08:00","level":"INFO","msg":"HTTP 访问","method":"GET","path":"/api/files/2593/download","status":200,"latency":"449.2152ms","ip":"::1","trace_id":"7e39a6c768507407be5fa7b6"}
{"time":"2026-08-24T02:36:55.429778+08:00","level":"INFO","msg":"HTTP 访问","method":"GET","path":"/api/system/status","status":200,"latency":"203.2106ms","ip":"::1","trace_id":"83c747837c85d3395092c94a"}
{"time":"2026-08-24T02:36:57.1006048+08:00","level":"INFO","msg":"HTTP 访问","method":"GET","path":"/api/files","status":200,"latency":"502.6µs","ip":"172.31.200.30","trace_id":"b337b6c6e2295ce30a959d6d"}
{"time":"2026-08-24T02:36:57.1353287+08:00","level":"INFO","msg":"HTTP 访问","method":"GET","path":"/api/storage/stats","status":200,"latency":"22.8783ms","ip":"172.31.200.30","trace_id":"905cb706388fd5cb2e4cfded"}
{"time":"2026-08-24T02:36:57.5741481+08:00","level":"INFO","msg":"HTTP 访问","method":"GET","path":"/api/system/status","status":200,"latency":"203.0779ms","ip":"172.31.200.30","trace_id":"92bda57435a113fbaabd5f38"}
{"time":"2026-08-24T02:36:58.124421+08:00","level":"INFO","msg":"HTTP 访问","method":"GET","path":"/api/files","status":200,"latency":"0s","ip":"172.31.200.30","trace_id":"50f3178fcf25dbc025cc20b7"}
{"time":"2026-08-24T02:36:58.1638062+08:00","level":"INFO","msg":"HTTP 访问","method":"GET","path":"/api/storage/stats","status":200,"latency":"25.0767ms","ip":"172.31.200.30","trace_id":"6fbdb8343ea5cd0336110b8a"}
{"time":"2026-08-24T02:37:00.4239195+08:00","level":"INFO","msg":"HTTP 访问","method":"GET","path":"/api/system/status","status":200,"latency":"202.7118ms","ip":"::1","trace_id":"ce15e07e789f7018f06bf321"}
{"time":"2026-08-24T02:37:02.5122002+08:00","level":"INFO","msg":"HTTP 访问","method":"GET","path":"/api/system/status","status":200,"latency":"204.8135ms","ip":"172.31.200.30","trace_id":"845f941d744bcf5ba043199d"}
{"time":"2026-08-24T02:37:05.0639564+08:00","level":"INFO","msg":"HTTP 访问","method":"GET","path":"/api/files","status":200,"latency":"31.0308ms","ip":"172.31.200.30","trace_id":"2c0c151fe0f727cf245f3b3c"}
{"time":"2026-08-24T02:37:05.1071774+08:00","level":"INFO","msg":"HTTP 访问","method":"GET","path":"/api/storage/stats","status":200,"latency":"24.8965ms","ip":"172.31.200.30","trace_id":"df8ca3332301f9c20920d3a7"}
{"time":"2026-08-24T02:37:05.4261211+08:00","level":"INFO","msg":"HTTP 访问","method":"GET","path":"/api/system/status","status":200,"latency":"203.9954ms","ip":"::1","trace_id":"7d442c3cab0d6d9c2191e820"}
{"time":"2026-08-24T02:37:06.8426063+08:00","level":"INFO","msg":"HTTP 访问","method":"GET","path":"/api/files","status":200,"latency":"501.9µs","ip":"172.31.200.30","trace_id":"c2b6e98dd3671effc9a9e414"}
{"time":"2026-08-24T02:37:06.880749+08:00","level":"INFO","msg":"HTTP 访问","method":"GET","path":"/api/storage/stats","status":200,"latency":"22.3825ms","ip":"172.31.200.30","trace_id":"329ecaaf7ccae634e2c73d84"}
{"time":"2026-08-24T02:37:07.5122461+08:00","level":"INFO","msg":"HTTP 访问","method":"GET","path":"/api/system/status","status":200,"latency":"203.6118ms","ip":"172.31.200.30","trace_id":"3b6be40c43f0a2c44a8a75ec"}
{"time":"2026-08-24T02:37:10.0421663+08:00","level":"INFO","msg":"HTTP 访问","method":"GET","path":"/api/files","status":200,"latency":"502.8µs","ip":"172.31.200.30","trace_id":"e217b21adbc40fa9ea1bc8d1"}
{"time":"2026-08-24T02:37:10.0804472+08:00","level":"INFO","msg":"HTTP 访问","method":"GET","path":"/api/storage/stats","status":200,"latency":"24.1461ms","ip":"172.31.200.30","trace_id":"c60230ba08cadbfceb05a8fa"}
{"time":"2026-08-24T02:37:10.4204782+08:00","level":"INFO","msg":"HTTP 访问","method":"GET","path":"/api/system/status","status":200,"latency":"203.75ms","ip":"::1","trace_id":"5da59705320f0d87211cd230"}
{"time":"2026-08-24T02:37:12.5010278+08:00","level":"INFO","msg":"HTTP 访问","method":"GET","path":"/api/system/status","status":200,"latency":"202.9033ms","ip":"172.31.200.30","trace_id":"c4f9417dfb9eff8b60155690"}
{"time":"2026-08-24T02:37:13.5373041+08:00","level":"INFO","msg":"HTTP 访问","method":"GET","path":"/api/files","status":200,"latency":"2.2235206s","ip":"172.31.200.30","trace_id":"598744c9ad287d1665bb765c"}
{"time":"2026-08-24T02:37:13.5852957+08:00","level":"INFO","msg":"HTTP 访问","method":"GET","path":"/api/files","status":200,"latency":"41.1741ms","ip":"172.31.200.30","trace_id":"3a25968739eca17729c0628a"}
{"time":"2026-08-24T02:37:13.6522087+08:00","level":"INFO","msg":"HTTP 访问","method":"GET","path":"/api/storage/stats","status":200,"latency":"33.7789ms","ip":"172.31.200.30","trace_id":"1fbb3d5f970034ac6a5ad21b"}
{"time":"2026-08-24T02:37:13.6537618+08:00","level":"INFO","msg":"HTTP 访问","method":"GET","path":"/api/files","status":200,"latency":"55.6207ms","ip":"172.31.200.30","trace_id":"4a4457a0f8ede2afa337485c"}
{"time":"2026-08-24T02:37:13.6754511+08:00","level":"INFO","msg":"HTTP 访问","method":"GET","path":"/api/video/info","status":200,"latency":"63.9555ms","ip":"172.31.200.30","trace_id":"517758249641bc9653502452"}
{"time":"2026-08-24T02:37:13.7898067+08:00","level":"INFO","msg":"HTTP 访问","method":"GET","path":"/api/storage/stats","status":200,"latency":"30.2075ms","ip":"172.31.200.30","trace_id":"22b5cbf99cc34f5dd0632e12"}
{"time":"2026-08-24T02:37:13.8181319+08:00","level":"INFO","msg":"HTTP 访问","method":"GET","path":"/api/video/info","status":200,"latency":"198.6992ms","ip":"172.31.200.30","trace_id":"98c8e6a8c119d9e352cf8bca"}
{"time":"2026-08-24T02:37:13.8207825+08:00","level":"INFO","msg":"HTTP 访问","method":"GET","path":"/api/video/info","status":200,"latency":"202.3527ms","ip":"172.31.200.30","trace_id":"19607d64c3de859b29ae59fd"}
{"time":"2026-08-24T02:37:13.823891+08:00","level":"INFO","msg":"HTTP 访问","method":"GET","path":"/api/storage/stats","status":200,"latency":"29.4824ms","ip":"172.31.200.30","trace_id":"9211c901d504dece11a24e3a"}
{"time":"2026-08-24T02:37:14.0508117+08:00","level":"INFO","msg":"HTTP 访问","method":"GET","path":"/api/video/info","status":200,"latency":"268.6268ms","ip":"172.31.200.30","trace_id":"2e84e847bcadc9f9229c9d40"}
{"time":"2026-08-24T02:37:14.0807995+08:00","level":"INFO","msg":"HTTP 访问","method":"GET","path":"/api/video/info","status":200,"latency":"207.6593ms","ip":"172.31.200.30","trace_id":"3804d07452771fc909a9dbe1"}
{"time":"2026-08-24T02:37:14.089845+08:00","level":"INFO","msg":"HTTP 访问","method":"GET","path":"/api/video/info","status":200,"latency":"477.4103ms","ip":"172.31.200.30","trace_id":"3357dc938cc2f08941be5563"}
{"time":"2026-08-24T02:37:14.1075986+08:00","level":"INFO","msg":"HTTP 访问","method":"GET","path":"/api/video/info","status":200,"latency":"234.4584ms","ip":"172.31.200.30","trace_id":"96474e4a6653b4d11a28ef09"}
{"time":"2026-08-24T02:37:14.1486487+08:00","level":"INFO","msg":"HTTP 访问","method":"GET","path":"/api/video/info","status":200,"latency":"84.6099ms","ip":"172.31.200.30","trace_id":"542ad4fb086b288439479783"}
{"time":"2026-08-24T02:37:14.265372+08:00","level":"INFO","msg":"HTTP 访问","method":"GET","path":"/api/video/info","status":200,"latency":"77.0222ms","ip":"172.31.200.30","trace_id":"baa0b7df4ee36e08313d60ef"}
{"time":"2026-08-24T02:37:14.3233699+08:00","level":"INFO","msg":"HTTP 访问","method":"GET","path":"/api/video/info","status":200,"latency":"110.5406ms","ip":"172.31.200.30","trace_id":"5b0f21f2da0945cdb2cbd810"}
{"time":"2026-08-24T02:37:14.3618872+08:00","level":"INFO","msg":"HTTP 访问","method":"GET","path":"/api/video/info","status":200,"latency":"148.5548ms","ip":"172.31.200.30","trace_id":"4ca17d1c5e77ebe1f5fcd102"}
{"time":"2026-08-24T02:37:14.3992686+08:00","level":"INFO","msg":"HTTP 访问","method":"GET","path":"/api/video/info","status":200,"latency":"21.0315ms","ip":"172.31.200.30","trace_id":"3d326bb982ce08b7c17a5de0"}
{"time":"2026-08-24T02:37:14.4044856+08:00","level":"INFO","msg":"HTTP 访问","method":"GET","path":"/api/video/info","status":200,"latency":"191.1532ms","ip":"172.31.200.30","trace_id":"b5f18fe2c1b8277b14294802"}
{"time":"2026-08-24T02:37:14.4244292+08:00","level":"INFO","msg":"HTTP 访问","method":"GET","path":"/api/video/info","status":200,"latency":"15.0046ms","ip":"172.31.200.30","trace_id":"222b60b6e21c491a4f7f54e5"}
{"time":"2026-08-24T02:37:14.4291035+08:00","level":"INFO","msg":"HTTP 访问","method":"GET","path":"/api/video/info","status":200,"latency":"13.113ms","ip":"172.31.200.30","trace_id":"b6f711286bd69de4f002296b"}
{"time":"2026-08-24T02:37:14.4466711+08:00","level":"INFO","msg":"HTTP 访问","method":"GET","path":"/api/video/info","status":200,"latency":"13.5326ms","ip":"172.31.200.30","trace_id":"04e0ac5aa239a763b1e6b611"}
{"time":"2026-08-24T02:37:14.4580944+08:00","level":"INFO","msg":"HTTP 访问","method":"GET","path":"/api/video/info","status":200,"latency":"15.0142ms","ip":"172.31.200.30","trace_id":"e5cb923244ca0af96ef1f858"}
{"time":"2026-08-24T02:37:14.47218+08:00","level":"INFO","msg":"HTTP 访问","method":"GET","path":"/api/video/info","status":200,"latency":"11.8544ms","ip":"172.31.200.30","trace_id":"74b4f36d3e66b8a4f7af1b7f"}
{"time":"2026-08-24T02:37:14.4855682+08:00","level":"INFO","msg":"HTTP 访问","method":"GET","path":"/api/video/info","status":200,"latency":"11.916ms","ip":"172.31.200.30","trace_id":"b5ca19db1b27bdcf4bbe2430"}
{"time":"2026-08-24T02:37:14.5023545+08:00","level":"INFO","msg":"HTTP 访问","method":"GET","path":"/api/video/info","status":200,"latency":"14.2217ms","ip":"172.31.200.30","trace_id":"85bee948767e7958313c02c0"}
{"time":"2026-08-24T02:37:14.5069817+08:00","level":"INFO","msg":"HTTP 访问","method":"GET","path":"/api/video/info","status":200,"latency":"216.2757ms","ip":"172.31.200.30","trace_id":"fef42036bd01dfaf4d579972"}
{"time":"2026-08-24T02:37:14.5105829+08:00","level":"INFO","msg":"HTTP 访问","method":"GET","path":"/api/video/info","status":200,"latency":"13.4798ms","ip":"172.31.200.30","trace_id":"6ca17b7c1f1ecad053e3d802"}
{"time":"2026-08-24T02:37:14.5207524+08:00","level":"INFO","msg":"HTTP 访问","method":"GET","path":"/api/video/info","status":200,"latency":"175.2069ms","ip":"172.31.200.30","trace_id":"6befa1077b931fe819d59e27"}
{"time":"2026-08-24T02:37:14.5337187+08:00","level":"INFO","msg":"HTTP 访问","method":"GET","path":"/api/video/info","status":200,"latency":"15.3093ms","ip":"172.31.200.30","trace_id":"aaf7b74c104720ea5520e5ff"}
{"time":"2026-08-24T02:37:14.5424635+08:00","level":"INFO","msg":"HTTP 访问","method":"GET","path":"/api/video/info","status":200,"latency":"19.6571ms","ip":"172.31.200.30","trace_id":"77dfcfa76ffb00ca8e8116ef"}
{"time":"2026-08-24T02:37:14.5424635+08:00","level":"INFO","msg":"HTTP 访问","method":"GET","path":"/api/video/info","status":200,"latency":"19.0752ms","ip":"172.31.200.30","trace_id":"508db3d88e907eb8a15a39eb"}
{"time":"2026-08-24T02:37:14.5434888+08:00","level":"INFO","msg":"HTTP 访问","method":"GET","path":"/api/video/info","status":200,"latency":"13.8821ms","ip":"172.31.200.30","trace_id":"1526a544bbe00a15cbd1c84c"}
{"time":"2026-08-24T02:37:14.5579428+08:00","level":"INFO","msg":"HTTP 访问","method":"GET","path":"/api/video/info","status":200,"latency":"12.379ms","ip":"172.31.200.30","trace_id":"ad1dbf3628e9c89e62e49422"}
{"time":"2026-08-24T02:37:14.5703162+08:00","level":"INFO","msg":"HTTP 访问","method":"GET","path":"/api/video/info","status":200,"latency":"14.4352ms","ip":"172.31.200.30","trace_id":"91e6f7bf40f136873faf6069"}
{"time":"2026-08-24T02:37:14.5734215+08:00","level":"INFO","msg":"HTTP 访问","method":"GET","path":"/api/video/info","status":200,"latency":"17.5405ms","ip":"172.31.200.30","trace_id":"5164c60b8a41e94dbe7d49ad"}
{"time":"2026-08-24T02:37:14.5734215+08:00","level":"INFO","msg":"HTTP 访问","method":"GET","path":"/api/video/info","status":200,"latency":"17.5405ms","ip":"172.31.200.30","trace_id":"921a8bae0d3252e6a68f71d1"}
{"time":"2026-08-24T02:37:14.5804184+08:00","level":"INFO","msg":"HTTP 访问","method":"GET","path":"/api/video/info","status":200,"latency":"13.1772ms","ip":"172.31.200.30","trace_id":"e0d510685ae8ab5850f75305"}
{"time":"2026-08-24T02:37:14.6018492+08:00","level":"INFO","msg":"HTTP 访问","method":"GET","path":"/api/video/info","status":200,"latency":"15.9668ms","ip":"172.31.200.30","trace_id":"41248454c22dac8693f9f0f4"}
{"time":"2026-08-24T02:37:14.6055+08:00","level":"INFO","msg":"HTTP 访问","method":"GET","path":"/api/video/info","status":200,"latency":"19.6176ms","ip":"172.31.200.30","trace_id":"a88c0144fcb5fbeee6a02d6e"}
{"time":"2026-08-24T02:37:14.6065585+08:00","level":"INFO","msg":"HTTP 访问","method":"GET","path":"/api/video/info","status":200,"latency":"20.6761ms","ip":"172.31.200.30","trace_id":"1be2049435d963ba8cf45045"}
{"time":"2026-08-24T02:37:14.6065585+08:00","level":"INFO","msg":"HTTP 访问","method":"GET","path":"/api/video/info","status":200,"latency":"16.0195ms","ip":"172.31.200.30","trace_id":"5916afa307888b9de5bd4c4f"}
{"time":"2026-08-24T02:37:14.6249176+08:00","level":"INFO","msg":"HTTP 访问","method":"GET","path":"/api/video/info","status":200,"latency":"11.2148ms","ip":"172.31.200.30","trace_id":"f4b558c5667f029b3dab41c5"}
{"time":"2026-08-24T02:37:14.636994+08:00","level":"INFO","msg":"HTTP 访问","method":"GET","path":"/api/video/info","status":200,"latency":"14.5642ms","ip":"172.31.200.30","trace_id":"c3fcdf6d4d7ad0fad62a76e7"}
{"time":"2026-08-24T02:37:14.6416259+08:00","level":"INFO","msg":"HTTP 访问","method":"GET","path":"/api/video/info","status":200,"latency":"17.4022ms","ip":"172.31.200.30","trace_id":"10c1c552fafd24d45fcfae64"}
{"time":"2026-08-24T02:37:14.6421411+08:00","level":"INFO","msg":"HTTP 访问","method":"GET","path":"/api/video/info","status":200,"latency":"17.9174ms","ip":"172.31.200.30","trace_id":"240304e434646d953b2468b7"}
{"time":"2026-08-24T02:37:14.6487081+08:00","level":"INFO","msg":"HTTP 访问","method":"GET","path":"/api/video/info","status":200,"latency":"13.9541ms","ip":"172.31.200.30","trace_id":"a6a8162bea8f88cc0e542678"}
{"time":"2026-08-24T02:37:14.6572682+08:00","level":"INFO","msg":"HTTP 访问","method":"GET","path":"/api/video/info","status":200,"latency":"11.0656ms","ip":"172.31.200.30","trace_id":"561c46baf9d3e069278f2d21"}
{"time":"2026-08-24T02:37:15.4279497+08:00","level":"INFO","msg":"HTTP 访问","method":"GET","path":"/api/system/status","status":200,"latency":"202.9579ms","ip":"::1","trace_id":"002ee5c17783d07cbc7f9b10"}
{"time":"2026-08-24T02:37:17.5078151+08:00","level":"INFO","msg":"HTTP 访问","method":"GET","path":"/api/system/status","status":200,"latency":"203.827ms","ip":"172.31.200.30","trace_id":"4c505e2bc0757ea99475bc82"}
{"time":"2026-08-24T02:37:20.4258116+08:00","level":"INFO","msg":"HTTP 访问","method":"GET","path":"/api/system/status","status":200,"latency":"202.4594ms","ip":"::1","trace_id":"6ed90d7be758159b8cf53fe8"}
{"time":"2026-08-24T02:37:22.5157074+08:00","level":"INFO","msg":"HTTP 访问","method":"GET","path":"/api/system/status","status":200,"latency":"203.2188ms","ip":"172.31.200.30","trace_id":"d70f2013408ec1ca3ec6a751"}
{"time":"2026-08-24T02:37:22.7365574+08:00","level":"INFO","msg":"HTTP 访问","method":"GET","path":"/api/system/status","status":200,"latency":"203.9149ms","ip":"172.31.200.30","trace_id":"02b627dcd86e5b6112c00777"}
{"time":"2026-08-24T02:37:25.431034+08:00","level":"INFO","msg":"HTTP 访问","method":"GET","path":"/api/system/status","status":200,"latency":"203.0015ms","ip":"::1","trace_id":"fa3b1ec6c22941a6ce6d8739"}
{"time":"2026-08-24T02:37:27.5040916+08:00","level":"INFO","msg":"HTTP 访问","method":"GET","path":"/api/system/status","status":200,"latency":"203.1799ms","ip":"172.31.200.30","trace_id":"2b6d2de082a4d953fdec4bd2"}
{"time":"2026-08-24T02:37:30.4212104+08:00","level":"INFO","msg":"HTTP 访问","method":"GET","path":"/api/system/status","status":200,"latency":"203.9766ms","ip":"::1","trace_id":"ab52936d2e23ad9fedb8e394"}
{"time":"2026-08-24T02:37:32.5061352+08:00","level":"INFO","msg":"HTTP 访问","method":"GET","path":"/api/system/status","status":200,"latency":"203.0923ms","ip":"172.31.200.30","trace_id":"5aef9ddb3aa37cf800a99976"}
{"time":"2026-08-24T02:37:35.4254803+08:00","level":"INFO","msg":"HTTP 访问","method":"GET","path":"/api/system/status","status":200,"latency":"202.7345ms","ip":"::1","trace_id":"c15643bb68c70fbe762b4116"}
{"time":"2026-08-24T02:37:37.5111716+08:00","level":"INFO","msg":"HTTP 访问","method":"GET","path":"/api/system/status","status":200,"latency":"203.2751ms","ip":"172.31.200.30","trace_id":"349b512f39243d394a1b9abf"}
{"time":"2026-08-24T02:37:40.4203358+08:00","level":"INFO","msg":"HTTP 访问","method":"GET","path":"/api/system/status","status":200,"latency":"203.692ms","ip":"::1","trace_id":"7b0b9a782f00ba8a6f888385"}
{"time":"2026-08-24T02:37:40.6268686+08:00","level":"INFO","msg":"HTTP 访问","method":"GET","path":"/api/system/status","status":200,"latency":"204.0883ms","ip":"::1","trace_id":"39d526031f51fb95c40b35c9"}
{"time":"2026-08-24T02:37:42.5053552+08:00","level":"INFO","msg":"HTTP 访问","method":"GET","path":"/api/system/status","status":200,"latency":"203.3323ms","ip":"172.31.200.30","trace_id":"69f53eb950b8a2e2318c431e"}
{"time":"2026-08-24T02:37:45.4185481+08:00","level":"INFO","msg":"HTTP 访问","method":"GET","path":"/api/system/status","status":200,"latency":"202.8955ms","ip":"::1","trace_id":"c9309cee83b5aa9746050e9e"}
{"time":"2026-08-24T02:37:47.5044916+08:00","level":"INFO","msg":"HTTP 访问","method":"GET","path":"/api/system/status","status":200,"latency":"204.1725ms","ip":"172.31.200.30","trace_id":"c8a688b30c8719f7800238f2"}
{"time":"2026-08-24T02:37:50.4265172+08:00","level":"INFO","msg":"HTTP 访问","method":"GET","path":"/api/system/status","status":200,"latency":"203.4079ms","ip":"::1","trace_id":"f10ec9f441fc9b021acecd8a"}
{"time":"2026-08-24T02:37:52.5162713+08:00","level":"INFO","msg":"HTTP 访问","method":"GET","path":"/api/system/status","status":200,"latency":"208.7993ms","ip":"172.31.200.30","trace_id":"9216d9fd03eb8c6155203151"}
{"time":"2026-08-24T02:37:55.4296605+08:00","level":"INFO","msg":"HTTP 访问","method":"GET","path":"/api/system/status","status":200,"latency":"203.2706ms","ip":"::1","trace_id":"e070160ede9eb6b10c56b867"}
{"time":"2026-08-24T02:37:57.583623+08:00","level":"INFO","msg":"HTTP 访问","method":"GET","path":"/api/system/status","status":200,"latency":"202.722ms","ip":"172.31.200.30","trace_id":"5d5b2558527af57c434f984e"}
{"time":"2026-08-24T02:38:00.4301829+08:00","level":"INFO","msg":"HTTP 访问","method":"GET","path":"/api/system/status","status":200,"latency":"203.0592ms","ip":"::1","trace_id":"4f4f28f14e6e284a59d192b4"}
{"time":"2026-08-24T02:38:03.4518345+08:00","level":"INFO","msg":"HTTP 访问","method":"GET","path":"/api/system/status","status":200,"latency":"202.9358ms","ip":"172.31.200.30","trace_id":"940bf56b51ee7f029cac6a96"}
{"time":"2026-08-24T02:38:05.4259038+08:00","level":"INFO","msg":"HTTP 访问","method":"GET","path":"/api/system/status","status":200,"latency":"202.7647ms","ip":"::1","trace_id":"82258422d6a82eafbf1859b0"}
{"time":"2026-08-24T02:38:08.3765388+08:00","level":"INFO","msg":"HTTP 访问","method":"GET","path":"/api/system/status","status":200,"latency":"203.0415ms","ip":"172.31.200.30","trace_id":"0ed0ff6847ebc8682ecedf6e"}
{"time":"2026-08-24T02:38:10.419943+08:00","level":"INFO","msg":"HTTP 访问","method":"GET","path":"/api/system/status","status":200,"latency":"204.0067ms","ip":"::1","trace_id":"4c7442ddb98e46cca446d8b5"}
{"time":"2026-08-24T02:38:11.4892676+08:00","level":"INFO","msg":"HTTP 访问","method":"GET","path":"/api/auth/me","status":200,"latency":"0s","ip":"172.31.200.30","trace_id":"2a6a021b45c61bf47fe57b03"}
{"time":"2026-08-24T02:38:11.4909452+08:00","level":"INFO","msg":"HTTP 访问","method":"GET","path":"/ws","status":200,"latency":"2m49.1612065s","ip":"172.31.200.30","trace_id":"395b7876c3b84c7bf48f3f4f"}
{"time":"2026-08-24T02:38:11.762229+08:00","level":"INFO","msg":"HTTP 访问","method":"GET","path":"/api/system/status","status":200,"latency":"203.5702ms","ip":"172.31.200.30","trace_id":"4bfe3b3bb1da1a63ece766af"}
{"time":"2026-08-24T02:38:11.9766828+08:00","level":"INFO","msg":"HTTP 访问","method":"GET","path":"/api/system/status","status":200,"latency":"207.6418ms","ip":"172.31.200.30","trace_id":"49bacc84c15e4f955f6fc9b9"}
{"time":"2026-08-24T02:38:12.56213+08:00","level":"INFO","msg":"HTTP 访问","method":"GET","path":"/api/files","status":200,"latency":"39.134ms","ip":"172.31.200.30","trace_id":"cbfd26152481a63277b41d02"}
{"time":"2026-08-24T02:38:12.6043999+08:00","level":"INFO","msg":"HTTP 访问","method":"GET","path":"/api/storage/stats","status":200,"latency":"28.1238ms","ip":"172.31.200.30","trace_id":"3c69d80273a88370c6d7ea6e"}
{"time":"2026-08-24T02:38:13.5636623+08:00","level":"INFO","msg":"HTTP 访问","method":"GET","path":"/api/files","status":200,"latency":"736.4µs","ip":"172.31.200.30","trace_id":"50c7eb4c25755d742c4741fe"}
{"time":"2026-08-24T02:38:13.6133805+08:00","level":"INFO","msg":"HTTP 访问","method":"GET","path":"/api/storage/stats","status":200,"latency":"30.4724ms","ip":"172.31.200.30","trace_id":"f69c81e4ca11dff08da2b735"}
{"time":"2026-08-24T02:38:15.4324442+08:00","level":"INFO","msg":"HTTP 访问","method":"GET","path":"/api/system/status","status":200,"latency":"202.3785ms","ip":"::1","trace_id":"051ef834254d42a4f5142489"}
{"time":"2026-08-24T02:38:15.5136968+08:00","level":"INFO","msg":"HTTP 访问","method":"GET","path":"/api/files","status":200,"latency":"1.0239ms","ip":"172.31.200.30","trace_id":"9c100acae37bf67a097be2ea"}
{"time":"2026-08-24T02:38:15.5531141+08:00","level":"INFO","msg":"HTTP 访问","method":"GET","path":"/api/storage/stats","status":200,"latency":"28.1472ms","ip":"172.31.200.30","trace_id":"059b789e3bbc4de4d0d82bed"}
{"time":"2026-08-24T02:38:15.5901483+08:00","level":"INFO","msg":"HTTP 访问","method":"GET","path":"/api/video/info","status":200,"latency":"65.1814ms","ip":"172.31.200.30","trace_id":"aff571c3da30b3ad552272da"}
{"time":"2026-08-24T02:38:16.8040301+08:00","level":"INFO","msg":"HTTP 访问","method":"GET","path":"/api/system/status","status":200,"latency":"203.7355ms","ip":"172.31.200.30","trace_id":"dbe9083e72fff42cc92d2076"}
{"time":"2026-08-24T02:38:17.0711453+08:00","level":"INFO","msg":"创建播放凭证","file_id":3163,"user_id":2,"mode":"direct"}
{"time":"2026-08-24T02:38:17.0711453+08:00","level":"INFO","msg":"HTTP 访问","method":"POST","path":"/api/play/ticket","status":200,"latency":"12.5482ms","ip":"172.31.200.30","trace_id":"60bfc5307fa3d14923202c45"}
{"time":"2026-08-24T02:38:17.1719095+08:00","level":"INFO","msg":"HTTP 访问","method":"GET","path":"/api/video","status":206,"latency":"69.86ms","ip":"172.31.200.30","trace_id":"98560336f2184a259baf1bef"}
{"time":"2026-08-24T02:38:17.3240383+08:00","level":"INFO","msg":"HTTP 访问","method":"GET","path":"/api/video","status":206,"latency":"36.7174ms","ip":"172.31.200.30","trace_id":"ee92cf814bc27e486730bf8e"}
{"time":"2026-08-24T02:38:20.4283509+08:00","level":"INFO","msg":"HTTP 访问","method":"GET","path":"/api/system/status","status":200,"latency":"204.5023ms","ip":"::1","trace_id":"2fdc001aa3acc78ee632482b"}
{"time":"2026-08-24T02:38:21.7551902+08:00","level":"INFO","msg":"HTTP 访问","method":"GET","path":"/api/system/status","status":200,"latency":"203.8579ms","ip":"172.31.200.30","trace_id":"a71da8943b6bebe7d5004440"}
{"time":"2026-08-24T02:38:25.4204379+08:00","level":"INFO","msg":"HTTP 访问","method":"GET","path":"/api/system/status","status":200,"latency":"205.0851ms","ip":"::1","trace_id":"9d9a08511a621dae330ee771"}
{"time":"2026-08-24T02:38:26.2228951+08:00","level":"INFO","msg":"HTTP 访问","method":"GET","path":"/api/video","status":206,"latency":"8.930214s","ip":"172.31.200.30","trace_id":"1a2a3d8226cfc2caafe8ab10"}
{"time":"2026-08-24T02:38:26.7535504+08:00","level":"INFO","msg":"HTTP 访问","method":"GET","path":"/api/system/status","status":200,"latency":"203.215ms","ip":"172.31.200.30","trace_id":"11167a30d2413d1128ce23bf"}
{"time":"2026-08-24T02:38:29.6045276+08:00","level":"INFO","msg":"HTTP 访问","method":"GET","path":"/api/auth/me","status":200,"latency":"0s","ip":"172.31.200.30","trace_id":"f57094d44309e541cbf82540"}
{"time":"2026-08-24T02:38:29.6086946+08:00","level":"INFO","msg":"HTTP 访问","method":"GET","path":"/ws","status":200,"latency":"18.0500358s","ip":"172.31.200.30","trace_id":"91cf2510ba607bc686149025"}
{"time":"2026-08-24T02:38:29.9462958+08:00","level":"INFO","msg":"HTTP 访问","method":"GET","path":"/api/system/status","status":200,"latency":"203.4944ms","ip":"172.31.200.30","trace_id":"ba2d60ce073afc98f97d0145"}
{"time":"2026-08-24T02:38:30.154117+08:00","level":"INFO","msg":"HTTP 访问","method":"GET","path":"/api/system/status","status":200,"latency":"204.2853ms","ip":"172.31.200.30","trace_id":"e40590e44ca0e3257622f0d8"}
{"time":"2026-08-24T02:38:30.4218647+08:00","level":"INFO","msg":"HTTP 访问","method":"GET","path":"/api/system/status","status":200,"latency":"203.0192ms","ip":"::1","trace_id":"df347e29ad67446b10d70d9d"}
{"time":"2026-08-24T02:38:31.1146903+08:00","level":"INFO","msg":"HTTP 访问","method":"GET","path":"/api/files","status":200,"latency":"38.1017ms","ip":"172.31.200.30","trace_id":"61361aa35541a4714f765214"}
{"time":"2026-08-24T02:38:31.1584505+08:00","level":"INFO","msg":"HTTP 访问","method":"GET","path":"/api/storage/stats","status":200,"latency":"27.2743ms","ip":"172.31.200.30","trace_id":"79f6ef3ec58a4a12d4d62010"}
{"time":"2026-08-24T02:38:33.2506769+08:00","level":"INFO","msg":"HTTP 访问","method":"GET","path":"/api/files","status":200,"latency":"809.4µs","ip":"172.31.200.30","trace_id":"4e49fc0c924fd6fa53269a84"}
{"time":"2026-08-24T02:38:33.326744+08:00","level":"INFO","msg":"HTTP 访问","method":"GET","path":"/api/storage/stats","status":200,"latency":"27.1095ms","ip":"172.31.200.30","trace_id":"d156eeaba4243ce8465983c6"}
{"time":"2026-08-24T02:38:34.9107278+08:00","level":"INFO","msg":"HTTP 访问","method":"GET","path":"/api/system/status","status":200,"latency":"203.6374ms","ip":"172.31.200.30","trace_id":"018bd615acc89f6ea06614f1"}
{"time":"2026-08-24T02:38:35.4266849+08:00","level":"INFO","msg":"HTTP 访问","method":"GET","path":"/api/system/status","status":200,"latency":"202.7988ms","ip":"::1","trace_id":"2e9d18625389c8840a8d0b42"}
{"time":"2026-08-24T02:38:36.1410351+08:00","level":"INFO","msg":"HTTP 访问","method":"GET","path":"/api/files","status":200,"latency":"623.9µs","ip":"172.31.200.30","trace_id":"19dc6abb342acd2088cfbea8"}
{"time":"2026-08-24T02:38:36.1676533+08:00","level":"INFO","msg":"HTTP 访问","method":"GET","path":"/api/video/info","status":200,"latency":"13.7404ms","ip":"172.31.200.30","trace_id":"d7841b9462d9bd70aa483f9f"}
{"time":"2026-08-24T02:38:36.1824952+08:00","level":"INFO","msg":"HTTP 访问","method":"GET","path":"/api/storage/stats","status":200,"latency":"28.207ms","ip":"172.31.200.30","trace_id":"d070f6a98bc7f9932d8d266e"}
{"time":"2026-08-24T02:38:37.3078033+08:00","level":"INFO","msg":"创建播放凭证","file_id":3163,"user_id":2,"mode":"direct"}
{"time":"2026-08-24T02:38:37.3078033+08:00","level":"INFO","msg":"HTTP 访问","method":"POST","path":"/api/play/ticket","status":200,"latency":"12.4313ms","ip":"172.31.200.30","trace_id":"f289c9b7536d7459391a58ab"}
{"time":"2026-08-24T02:38:37.4401666+08:00","level":"INFO","msg":"HTTP 访问","method":"GET","path":"/api/video","status":206,"latency":"112.1018ms","ip":"172.31.200.30","trace_id":"a567ed17acabe4fbc0d8c9a8"}
{"time":"2026-08-24T02:38:37.4795895+08:00","level":"INFO","msg":"HTTP 访问","method":"GET","path":"/api/video","status":206,"latency":"63.7599ms","ip":"172.31.200.30","trace_id":"54a4237d038790e49289865d"}
{"time":"2026-08-24T02:38:39.9148077+08:00","level":"INFO","msg":"HTTP 访问","method":"GET","path":"/api/system/status","status":200,"latency":"204.4419ms","ip":"172.31.200.30","trace_id":"25dfef286e585f18598985fb"}
{"time":"2026-08-24T02:38:40.4301531+08:00","level":"INFO","msg":"HTTP 访问","method":"GET","path":"/api/system/status","status":200,"latency":"203.7651ms","ip":"::1","trace_id":"64958c84415fedaa9a8036f7"}
{"time":"2026-08-24T02:38:40.6354646+08:00","level":"INFO","msg":"HTTP 访问","method":"GET","path":"/api/system/status","status":200,"latency":"203.4277ms","ip":"::1","trace_id":"523550abf0bd5907c361afc1"}
{"time":"2026-08-24T02:38:44.9160946+08:00","level":"INFO","msg":"HTTP 访问","method":"GET","path":"/api/system/status","status":200,"latency":"204.2867ms","ip":"172.31.200.30","trace_id":"9127f83536e21d1ca59051ea"}
{"time":"2026-08-24T02:38:45.4246576+08:00","level":"INFO","msg":"HTTP 访问","method":"GET","path":"/api/system/status","status":200,"latency":"203.2563ms","ip":"::1","trace_id":"30ed61cfc95a9afecc381d27"}
{"time":"2026-08-24T02:38:49.913965+08:00","level":"INFO","msg":"HTTP 访问","method":"GET","path":"/api/system/status","status":200,"latency":"203.654ms","ip":"172.31.200.30","trace_id":"a66e7dc321630fdf9f8f8cc4"}
{"time":"2026-08-24T02:38:50.4256807+08:00","level":"INFO","msg":"HTTP 访问","method":"GET","path":"/api/system/status","status":200,"latency":"203.4426ms","ip":"::1","trace_id":"3a4f223b6fb5ee60445d3adf"}
{"time":"2026-08-24T02:38:54.9093479+08:00","level":"INFO","msg":"HTTP 访问","method":"GET","path":"/api/system/status","status":200,"latency":"203.2136ms","ip":"172.31.200.30","trace_id":"0d33d8d4f39c90930106d81a"}
{"time":"2026-08-24T02:38:55.4179984+08:00","level":"INFO","msg":"HTTP 访问","method":"GET","path":"/api/system/status","status":200,"latency":"203.5914ms","ip":"::1","trace_id":"5541ad716e5342f22e0fdd4b"}
{"time":"2026-08-24T02:39:00.4218451+08:00","level":"INFO","msg":"HTTP 访问","method":"GET","path":"/api/system/status","status":200,"latency":"203.6729ms","ip":"::1","trace_id":"7dc65ce011f1d36ef295d82f"}
{"time":"2026-08-24T02:39:00.4544013+08:00","level":"INFO","msg":"HTTP 访问","method":"GET","path":"/api/system/status","status":200,"latency":"202.7235ms","ip":"172.31.200.30","trace_id":"4504113aa835aaee6ce6372c"}
{"time":"2026-08-24T02:39:00.5142867+08:00","level":"INFO","msg":"HTTP 访问","method":"GET","path":"/api/auth/me","status":200,"latency":"0s","ip":"172.31.200.30","trace_id":"118b290f63806ce2f995f1d4"}
{"time":"2026-08-24T02:39:00.5180839+08:00","level":"INFO","msg":"HTTP 访问","method":"GET","path":"/ws","status":200,"latency":"30.7677871s","ip":"172.31.200.30","trace_id":"805e120976d0657f5d8962b5"}
{"time":"2026-08-24T02:39:00.5770339+08:00","level":"INFO","msg":"HTTP 访问","method":"GET","path":"/api/video","status":206,"latency":"23.100495s","ip":"172.31.200.30","trace_id":"9f136cb7294c63179f02d6e4"}
{"time":"2026-08-24T02:39:00.7430185+08:00","level":"INFO","msg":"HTTP 访问","method":"GET","path":"/api/system/status","status":200,"latency":"204.0319ms","ip":"172.31.200.30","trace_id":"105bd70e8e0047d7f1227d73"}
{"time":"2026-08-24T02:39:00.9537141+08:00","level":"INFO","msg":"HTTP 访问","method":"GET","path":"/api/system/status","status":200,"latency":"203.9914ms","ip":"172.31.200.30","trace_id":"ed3fc500ae8e3c7767482173"}
{"time":"2026-08-24T02:39:05.4369327+08:00","level":"INFO","msg":"HTTP 访问","method":"GET","path":"/api/system/status","status":200,"latency":"204.4873ms","ip":"::1","trace_id":"fafbdddaedea29505db28027"}
{"time":"2026-08-24T02:39:06.3640445+08:00","level":"INFO","msg":"HTTP 访问","method":"GET","path":"/api/system/status","status":200,"latency":"203.2745ms","ip":"172.31.200.30","trace_id":"e529ced97083daf50f4d3a2e"}
{"time":"2026-08-24T02:39:08.5208459+08:00","level":"INFO","msg":"HTTP 访问","method":"GET","path":"/","status":200,"latency":"1.5026ms","ip":"172.31.200.30","trace_id":"d14cafedf46b883737f937bb"}
{"time":"2026-08-24T02:39:08.5663328+08:00","level":"INFO","msg":"HTTP 访问","method":"GET","path":"/js/video-js-8.24.0/video-js.min.css","status":200,"latency":"0s","ip":"172.31.200.30","trace_id":"bd84dfd71810796e93f88dca"}
{"time":"2026-08-24T02:39:08.5663328+08:00","level":"INFO","msg":"HTTP 访问","method":"GET","path":"/css/style.css","status":200,"latency":"0s","ip":"172.31.200.30","trace_id":"0ca527c9266dc69461e01fb2"}
{"time":"2026-08-24T02:39:08.6009615+08:00","level":"INFO","msg":"HTTP 访问","method":"GET","path":"/js/app.js","status":200,"latency":"0s","ip":"172.31.200.30","trace_id":"f983c1137886544b2f4a629e"}
{"time":"2026-08-24T02:39:08.8737693+08:00","level":"INFO","msg":"HTTP 访问","method":"GET","path":"/js/video-js-8.24.0/video.min.js","status":200,"latency":"303.471ms","ip":"172.31.200.30","trace_id":"95ee6c8abfbba4b7190b6a62"}
{"time":"2026-08-24T02:39:09.0085303+08:00","level":"INFO","msg":"HTTP 访问","method":"GET","path":"/favicon.ico","status":200,"latency":"0s","ip":"172.31.200.30","trace_id":"1551db0cc1d3ea8cf7dfbb6f"}
{"time":"2026-08-24T02:39:10.430184+08:00","level":"INFO","msg":"HTTP 访问","method":"GET","path":"/api/system/status","status":200,"latency":"204.5219ms","ip":"::1","trace_id":"dbc4b4433fc6d6be1c819341"}
{"time":"2026-08-24T02:39:12.5600934+08:00","level":"INFO","msg":"HTTP 访问","method":"GET","path":"/ws","status":200,"latency":"12.0116771s","ip":"172.31.200.30","trace_id":"20bdf9237285213db21f90ea"}
{"time":"2026-08-24T02:39:15.4316605+08:00","level":"INFO","msg":"HTTP 访问","method":"GET","path":"/api/system/status","status":200,"latency":"202.8687ms","ip":"::1","trace_id":"de093ef4d52e2291aebcac8e"}
{"time":"2026-08-24T02:39:20.4281696+08:00","level":"INFO","msg":"HTTP 访问","method":"GET","path":"/api/system/status","status":200,"latency":"204.4228ms","ip":"::1","trace_id":"bab752b41ecab8bbee11e0a3"}
{"time":"2026-08-24T02:39:23.1410414+08:00","level":"INFO","msg":"HTTP 访问","method":"POST","path":"/api/auth/login","status":200,"latency":"28.331ms","ip":"172.31.200.30","trace_id":"b443dbc040519cb5918579f9"}
{"time":"2026-08-24T02:39:23.152832+08:00","level":"INFO","msg":"HTTP 访问","method":"GET","path":"/api/auth/me","status":200,"latency":"0s","ip":"172.31.200.30","trace_id":"77fe23a24920b4e5adba64f8"}
{"time":"2026-08-24T02:39:23.3722176+08:00","level":"INFO","msg":"HTTP 访问","method":"GET","path":"/api/system/status","status":200,"latency":"202.8719ms","ip":"172.31.200.30","trace_id":"4f5e38f1c4d0c23834a6bd16"}
{"time":"2026-08-24T02:39:23.5810026+08:00","level":"INFO","msg":"HTTP 访问","method":"GET","path":"/api/system/status","status":200,"latency":"202.7633ms","ip":"172.31.200.30","trace_id":"e0115cf58b80094a1014b986"}
{"time":"2026-08-24T02:39:25.4213812+08:00","level":"INFO","msg":"HTTP 访问","method":"GET","path":"/api/system/status","status":200,"latency":"203.2999ms","ip":"::1","trace_id":"96d7a80ce46be3e0cd927852"}
{"time":"2026-08-24T02:39:25.7559318+08:00","level":"INFO","msg":"HTTP 访问","method":"GET","path":"/api/files","status":200,"latency":"38.5777ms","ip":"172.31.200.30","trace_id":"802d0aae98fdab2c702edf7d"}
{"time":"2026-08-24T02:39:25.8217484+08:00","level":"INFO","msg":"HTTP 访问","method":"GET","path":"/api/storage/stats","status":200,"latency":"26.3179ms","ip":"172.31.200.30","trace_id":"e4db8340945c9e9e3e52d01f"}
{"time":"2026-08-24T02:39:27.3386603+08:00","level":"INFO","msg":"HTTP 访问","method":"GET","path":"/api/files","status":200,"latency":"504µs","ip":"172.31.200.30","trace_id":"6c6849a1514769da42df51d8"}
{"time":"2026-08-24T02:39:27.3858048+08:00","level":"INFO","msg":"HTTP 访问","method":"GET","path":"/api/storage/stats","status":200,"latency":"28.5619ms","ip":"172.31.200.30","trace_id":"8dbc9efc793e1c492784a2a7"}
{"time":"2026-08-24T02:39:28.3742556+08:00","level":"INFO","msg":"HTTP 访问","method":"GET","path":"/api/system/status","status":200,"latency":"203.9324ms","ip":"172.31.200.30","trace_id":"91f25cae708d8acd7c42382f"}
{"time":"2026-08-24T02:39:29.6363498+08:00","level":"INFO","msg":"HTTP 访问","method":"GET","path":"/api/files","status":200,"latency":"677.5µs","ip":"172.31.200.30","trace_id":"bba97f027da45a6746348a8d"}
{"time":"2026-08-24T02:39:29.6718664+08:00","level":"INFO","msg":"HTTP 访问","method":"GET","path":"/api/video/info","status":200,"latency":"11.9086ms","ip":"172.31.200.30","trace_id":"16f2daffec27a7edf866bda4"}
{"time":"2026-08-24T02:39:29.6924703+08:00","level":"INFO","msg":"HTTP 访问","method":"GET","path":"/api/storage/stats","status":200,"latency":"27.3936ms","ip":"172.31.200.30","trace_id":"78ac3fc2d726974fc610f01c"}
{"time":"2026-08-24T02:39:30.4196822+08:00","level":"INFO","msg":"HTTP 访问","method":"GET","path":"/api/system/status","status":200,"latency":"203.2694ms","ip":"::1","trace_id":"55761c521981618c1a77deae"}
{"time":"2026-08-24T02:39:30.7547057+08:00","level":"INFO","msg":"创建播放凭证","file_id":3163,"user_id":2,"mode":"direct"}
{"time":"2026-08-24T02:39:30.7547057+08:00","level":"INFO","msg":"HTTP 访问","method":"POST","path":"/api/play/ticket","status":200,"latency":"11.7422ms","ip":"172.31.200.30","trace_id":"8369f577a5cf9d08dd56c739"}
{"time":"2026-08-24T02:39:31.2284035+08:00","level":"INFO","msg":"HTTP 访问","method":"GET","path":"/api/video","status":206,"latency":"190.1131ms","ip":"172.31.200.30","trace_id":"430b314e4b35720c41ba2eb6"}
{"time":"2026-08-24T02:39:31.4631645+08:00","level":"INFO","msg":"HTTP 访问","method":"GET","path":"/api/video","status":206,"latency":"221.0997ms","ip":"172.31.200.30","trace_id":"5710e50eb9e4f5e3e3d5473a"}
{"time":"2026-08-24T02:39:33.3789587+08:00","level":"INFO","msg":"HTTP 访问","method":"GET","path":"/api/system/status","status":200,"latency":"204.5281ms","ip":"172.31.200.30","trace_id":"3b15969c94613f1d2cd8055d"}
{"time":"2026-08-24T02:39:35.4268645+08:00","level":"INFO","msg":"HTTP 访问","method":"GET","path":"/api/system/status","status":200,"latency":"203.2639ms","ip":"::1","trace_id":"57bc3f361ea6cac29428f69b"}
{"time":"2026-08-24T02:39:38.3775924+08:00","level":"INFO","msg":"HTTP 访问","method":"GET","path":"/api/system/status","status":200,"latency":"203.1792ms","ip":"172.31.200.30","trace_id":"ecee2c5ac99b6f986eda7509"}
{"time":"2026-08-24T02:39:40.4288457+08:00","level":"INFO","msg":"HTTP 访问","method":"GET","path":"/api/system/status","status":200,"latency":"204.872ms","ip":"::1","trace_id":"6fbd62ce4d3948e058aa720f"}
{"time":"2026-08-24T02:39:40.6738971+08:00","level":"INFO","msg":"HTTP 访问","method":"GET","path":"/api/system/status","status":200,"latency":"244.4954ms","ip":"::1","trace_id":"847a2cb6304006681bf6d25f"}
{"time":"2026-08-24T02:39:43.3736033+08:00","level":"INFO","msg":"HTTP 访问","method":"GET","path":"/api/system/status","status":200,"latency":"202.7424ms","ip":"172.31.200.30","trace_id":"3dd60842117ea9201b6dabbd"}
{"time":"2026-08-24T02:39:45.4227084+08:00","level":"INFO","msg":"HTTP 访问","method":"GET","path":"/api/system/status","status":200,"latency":"202.3895ms","ip":"::1","trace_id":"91bb4e034ae310640550b678"}
{"time":"2026-08-24T02:39:48.398474+08:00","level":"INFO","msg":"HTTP 访问","method":"GET","path":"/api/system/status","status":200,"latency":"203.0634ms","ip":"172.31.200.30","trace_id":"ac0e3ba9454c22454c36f9b7"}
{"time":"2026-08-24T02:39:50.4271418+08:00","level":"INFO","msg":"HTTP 访问","method":"GET","path":"/api/system/status","status":200,"latency":"204.5241ms","ip":"::1","trace_id":"b1a3732d3367c5ebf1032a2f"}
{"time":"2026-08-24T02:39:53.0851847+08:00","level":"INFO","msg":"HTTP 访问","method":"GET","path":"/ws","status":200,"latency":"29.9093846s","ip":"172.31.200.30","trace_id":"b9f00f9443d8176b4b4e424d"}
{"time":"2026-08-24T02:39:53.2144068+08:00","level":"INFO","msg":"HTTP 访问","method":"GET","path":"/api/video","status":206,"latency":"22.3106981s","ip":"172.31.200.30","trace_id":"c992cfd43016b1f1060a50a5"}
{"time":"2026-08-24T02:39:55.4268368+08:00","level":"INFO","msg":"HTTP 访问","method":"GET","path":"/api/system/status","status":200,"latency":"203.0471ms","ip":"::1","trace_id":"f08785167f10646c57c39602"}
{"time":"2026-08-24T02:40:00.4220875+08:00","level":"INFO","msg":"HTTP 访问","method":"GET","path":"/api/system/status","status":200,"latency":"202.9497ms","ip":"::1","trace_id":"e4aeeebd32762fc07aacc224"}
{"time":"2026-08-24T02:40:05.4269562+08:00","level":"INFO","msg":"HTTP 访问","method":"GET","path":"/api/system/status","status":200,"latency":"203.2721ms","ip":"::1","trace_id":"be26c3dde0c12d0bcedc9bb9"}
{"time":"2026-08-24T02:40:10.4231771+08:00","level":"INFO","msg":"HTTP 访问","method":"GET","path":"/api/system/status","status":200,"latency":"203.5078ms","ip":"::1","trace_id":"ff0df20c74f079ce328565b4"}
{"time":"2026-08-24T02:40:12.6797757+08:00","level":"INFO","msg":"创建播放凭证","file_id":2593,"user_id":0,"mode":"direct"}
{"time":"2026-08-24T02:40:12.6802935+08:00","level":"INFO","msg":"HTTP 访问","method":"POST","path":"/api/play/ticket","status":200,"latency":"15.4107ms","ip":"::1","trace_id":"2d596e0dbc61ea3e2439afff"}
{"time":"2026-08-24T02:40:15.4503036+08:00","level":"INFO","msg":"HTTP 访问","method":"GET","path":"/api/system/status","status":200,"latency":"208.2416ms","ip":"::1","trace_id":"9da24ddb120edfe41728ca15"}
{"time":"2026-08-24T02:40:20.0473362+08:00","level":"INFO","msg":"HTTP 访问","method":"DELETE","path":"/api/play/ticket/27d6cb75eedc2d151ae9f217a4db6cc65b070dd787655c702c747ef310aafd84","status":200,"latency":"502.5µs","ip":"::1","trace_id":"9206435279a1ec6f0f8f29de"}
{"time":"2026-08-24T02:40:20.0473362+08:00","level":"INFO","msg":"HTTP 访问","method":"GET","path":"/api/video","status":206,"latency":"7.3578212s","ip":"::1","trace_id":"d761197722595a1224080895"}
{"time":"2026-08-24T02:40:20.4268582+08:00","level":"INFO","msg":"HTTP 访问","method":"GET","path":"/api/system/status","status":200,"latency":"203.5608ms","ip":"::1","trace_id":"a5891f900c7f3e8563a140c3"}
{"time":"2026-08-24T02:40:25.4243022+08:00","level":"INFO","msg":"HTTP 访问","method":"GET","path":"/api/system/status","status":200,"latency":"203.347ms","ip":"::1","trace_id":"2876fca92be921579d5cb906"}
{"time":"2026-08-24T02:40:30.4313014+08:00","level":"INFO","msg":"HTTP 访问","method":"GET","path":"/api/system/status","status":200,"latency":"204.2042ms","ip":"::1","trace_id":"ce5ce4f21ab5357c5196dd14"}
{"time":"2026-08-24T02:40:35.4239825+08:00","level":"INFO","msg":"HTTP 访问","method":"GET","path":"/api/system/status","status":200,"latency":"203.6321ms","ip":"::1","trace_id":"be231e147b37f9cf871382c8"}
{"time":"2026-08-24T02:40:40.4318298+08:00","level":"INFO","msg":"HTTP 访问","method":"GET","path":"/api/system/status","status":200,"latency":"203.1868ms","ip":"::1","trace_id":"8eaea330d8aece94e44de1d8"}
{"time":"2026-08-24T02:40:40.6573823+08:00","level":"INFO","msg":"HTTP 访问","method":"GET","path":"/api/system/status","status":200,"latency":"203.3196ms","ip":"::1","trace_id":"b22c0acf976da1709802ef75"}
{"time":"2026-08-24T02:40:45.4329882+08:00","level":"INFO","msg":"HTTP 访问","method":"GET","path":"/api/system/status","status":200,"latency":"203.1832ms","ip":"::1","trace_id":"dc5c111e6c951c9e5207962e"}
{"time":"2026-08-24T02:40:50.4997486+08:00","level":"INFO","msg":"HTTP 访问","method":"GET","path":"/api/system/status","status":200,"latency":"203.8156ms","ip":"::1","trace_id":"40f26b249f3789c0d6496384"}
{"time":"2026-08-24T02:40:55.4926274+08:00","level":"INFO","msg":"HTTP 访问","method":"GET","path":"/api/system/status","status":200,"latency":"203.5059ms","ip":"::1","trace_id":"9828ab663c94c8f96bf5ed9b"}
{"time":"2026-08-24T02:41:00.5026276+08:00","level":"INFO","msg":"HTTP 访问","method":"GET","path":"/api/system/status","status":200,"latency":"203.8831ms","ip":"::1","trace_id":"bc06b17ea9830c8afbb472ad"}
{"time":"2026-08-24T02:41:05.5060017+08:00","level":"INFO","msg":"HTTP 访问","method":"GET","path":"/api/system/status","status":200,"latency":"203.0788ms","ip":"::1","trace_id":"e837eb5c314d54a60795a028"}
{"time":"2026-08-24T02:41:10.5066604+08:00","level":"INFO","msg":"HTTP 访问","method":"GET","path":"/api/system/status","status":200,"latency":"203.4731ms","ip":"::1","trace_id":"c77129aaa65e12ed85622aa7"}
{"time":"2026-08-24T02:41:15.56393+08:00","level":"INFO","msg":"HTTP 访问","method":"GET","path":"/api/system/status","status":200,"latency":"204.14ms","ip":"::1","trace_id":"6a811e19a84adc60cbce20da"}
{"time":"2026-08-24T02:41:20.5081953+08:00","level":"INFO","msg":"HTTP 访问","method":"GET","path":"/api/system/status","status":200,"latency":"203.3341ms","ip":"::1","trace_id":"336f05f8f33eb3a9d16c8de3"}
{"time":"2026-08-24T02:41:26.5217119+08:00","level":"INFO","msg":"收到退出信号，开始优雅关闭"}
{"time":"2026-08-24T02:41:26.5275841+08:00","level":"INFO","msg":"定时任务调度器已停止"}
{"time":"2026-08-24T02:41:26.528087+08:00","level":"INFO","msg":"定时任务调度器已停止"}
{"time":"2026-08-24T02:41:26.528648+08:00","level":"INFO","msg":"WebSocket Hub 已关闭"}
{"time":"2026-09-02T00:43:29.9861275+08:00","level":"WARN","msg":"默认主人账号已就绪","username":"admin","role":"master","id":0,"提示":"主人密码仅可通过 config.toml 的 [auth] 段修改"}
{"time":"2026-09-02T00:43:29.9916595+08:00","level":"INFO","msg":"备份还原服务已启动","db":"./data/backup/backup.db","log":"./data/logs/backup.log"}
{"time":"2026-09-02T00:43:29.9926598+08:00","level":"INFO","msg":"定时任务调度器已启动","count":0}
{"time":"2026-09-02T00:43:29.9926598+08:00","level":"INFO","msg":"异步任务 Worker 已启动","size":4}
{"time":"2026-09-02T00:43:29.9941634+08:00","level":"WARN","msg":"MQTT 连接失败（降级运行，仅支持本地设备）","broker":"tcp://localhost:1883","error":"连接 MQTT broker 失败: dial tcp :1883: connectex: No connection could be made because the target machine actively refused it."}
{"time":"2026-09-02T00:43:29.9941634+08:00","level":"INFO","msg":"定时任务调度器已启动","count":0}
{"time":"2026-09-02T00:43:29.9941634+08:00","level":"INFO","msg":"IoT 服务已启动"}
{"time":"2026-09-02T00:43:29.9941634+08:00","level":"INFO","msg":"WebDAV 已挂载","prefix":"/dav"}
{"time":"2026-09-02T00:43:29.9941634+08:00","level":"INFO","msg":"HTTP 服务启动","addr":":8080"}
{"time":"2026-09-02T00:43:46.6759263+08:00","level":"INFO","msg":"HTTP 访问","method":"GET","path":"/","status":200,"latency":"40.3773ms","ip":"::1","trace_id":"cbec80bb07bdb54542989cd3"}
{"time":"2026-09-02T00:43:46.6984913+08:00","level":"INFO","msg":"HTTP 访问","method":"GET","path":"/css/style.css","status":304,"latency":"0s","ip":"::1","trace_id":"3ef7c2c5e93a51bd5551ae50"}
{"time":"2026-09-02T00:43:46.7003238+08:00","level":"INFO","msg":"HTTP 访问","method":"GET","path":"/js/video-js-8.24.0/video-js.min.css","status":304,"latency":"507.5µs","ip":"::1","trace_id":"85fbaeb197aa02812fc50dd0"}
{"time":"2026-09-02T00:43:46.7003238+08:00","level":"INFO","msg":"HTTP 访问","method":"GET","path":"/js/video-js-8.24.0/video.min.js","status":304,"latency":"0s","ip":"::1","trace_id":"4d444ab945891527055cb4a8"}
{"time":"2026-09-02T00:43:46.7008503+08:00","level":"INFO","msg":"HTTP 访问","method":"GET","path":"/js/app.js","status":200,"latency":"1.034ms","ip":"::1","trace_id":"a3682031ac74eb4f3ace91c3"}
{"time":"2026-09-02T00:43:46.728055+08:00","level":"INFO","msg":"HTTP 访问","method":"GET","path":"/api/auth/me","status":401,"latency":"0s","ip":"::1","trace_id":"6c63fc840301060a7145d071"}
{"time":"2026-09-02T00:43:46.85602+08:00","level":"INFO","msg":"HTTP 访问","method":"GET","path":"/favicon.ico","status":200,"latency":"0s","ip":"::1","trace_id":"a8cb1278bc3be71963a03edd"}
{"time":"2026-09-02T00:43:48.1517109+08:00","level":"INFO","msg":"HTTP 访问","method":"POST","path":"/api/auth/login","status":200,"latency":"24.462ms","ip":"::1","trace_id":"2e20fec77859fe60288578d2"}
{"time":"2026-09-02T00:43:48.1540359+08:00","level":"INFO","msg":"HTTP 访问","method":"GET","path":"/api/auth/me","status":200,"latency":"0s","ip":"::1","trace_id":"eef4344ce185e41e4cee31f6"}
{"time":"2026-09-02T00:43:48.1559864+08:00","level":"INFO","msg":"HTTP 访问","method":"GET","path":"/api/admin/settings","status":200,"latency":"0s","ip":"::1","trace_id":"4aeefed626702149a049a878"}
{"time":"2026-09-02T00:43:48.3740282+08:00","level":"INFO","msg":"HTTP 访问","method":"GET","path":"/api/system/status","status":200,"latency":"203.4604ms","ip":"::1","trace_id":"a7c470ead62bcf1bbaea6797"}
{"time":"2026-09-02T00:43:48.5780733+08:00","level":"INFO","msg":"HTTP 访问","method":"GET","path":"/api/system/status","status":200,"latency":"202.9397ms","ip":"::1","trace_id":"3c9332b1081e543277096038"}
{"time":"2026-09-02T00:43:50.189758+08:00","level":"INFO","msg":"HTTP 访问","method":"GET","path":"/api/backup/tasks","status":200,"latency":"0s","ip":"::1","trace_id":"5bccb0a851f2d5429509d776"}
{"time":"2026-09-02T00:43:51.7548106+08:00","level":"INFO","msg":"HTTP 访问","method":"GET","path":"/api/backup/tasks","status":200,"latency":"0s","ip":"::1","trace_id":"f7965bd3998d6a979617e4dd"}
{"time":"2026-09-02T00:43:53.3720272+08:00","level":"INFO","msg":"HTTP 访问","method":"GET","path":"/api/system/status","status":200,"latency":"203.0716ms","ip":"::1","trace_id":"e2bedac3f326b89afff95665"}
{"time":"2026-09-02T00:43:58.3862365+08:00","level":"INFO","msg":"HTTP 访问","method":"GET","path":"/api/system/status","status":200,"latency":"203.1857ms","ip":"::1","trace_id":"dedef46f719eaf87cc97ad85"}
{"time":"2026-09-02T00:44:03.3848994+08:00","level":"INFO","msg":"HTTP 访问","method":"GET","path":"/api/system/status","status":200,"latency":"203.3205ms","ip":"::1","trace_id":"d011f921c716314f462d0785"}
{"time":"2026-09-02T00:44:08.3821335+08:00","level":"INFO","msg":"HTTP 访问","method":"GET","path":"/api/system/status","status":200,"latency":"203.185ms","ip":"::1","trace_id":"b6e710afe9192c158c9ced0b"}
{"time":"2026-09-02T00:44:13.3849703+08:00","level":"INFO","msg":"HTTP 访问","method":"GET","path":"/api/system/status","status":200,"latency":"203.1996ms","ip":"::1","trace_id":"7cca1aa46cd449d2efeb62b6"}
{"time":"2026-09-02T00:44:17.9077077+08:00","level":"INFO","msg":"HTTP 访问","method":"GET","path":"/api/backup/tasks","status":200,"latency":"0s","ip":"::1","trace_id":"a196f9ef57d0e06b496a1037"}
{"time":"2026-09-02T00:44:18.374336+08:00","level":"INFO","msg":"HTTP 访问","method":"GET","path":"/api/system/status","status":200,"latency":"203.3237ms","ip":"::1","trace_id":"7f0f28a6a0a3d067667cb4f4"}
{"time":"2026-09-02T00:44:23.3857201+08:00","level":"INFO","msg":"HTTP 访问","method":"GET","path":"/api/system/status","status":200,"latency":"203.7299ms","ip":"::1","trace_id":"b3dc0cd887b0d19a7b5bd38d"}
{"time":"2026-09-02T00:44:28.3947199+08:00","level":"INFO","msg":"HTTP 访问","method":"GET","path":"/api/system/status","status":200,"latency":"202.9987ms","ip":"::1","trace_id":"0663e1ccb0636fa6177972cc"}
{"time":"2026-09-02T00:44:33.411147+08:00","level":"INFO","msg":"HTTP 访问","method":"GET","path":"/api/system/status","status":200,"latency":"203.4821ms","ip":"::1","trace_id":"0cd3f62f9da17cd18faf382a"}
{"time":"2026-09-02T00:44:33.6018123+08:00","level":"INFO","msg":"收到退出信号，开始优雅关闭"}
{"time":"2026-09-02T00:44:33.6050879+08:00","level":"INFO","msg":"定时任务调度器已停止"}
{"time":"2026-09-02T00:44:33.6050879+08:00","level":"INFO","msg":"定时任务调度器已停止"}
{"time":"2026-09-02T00:44:33.6055924+08:00","level":"INFO","msg":"WebSocket Hub 已关闭"}
{"time":"2026-09-02T09:34:49.690906+08:00","level":"WARN","msg":"默认主人账号已就绪","username":"admin","role":"master","id":0,"提示":"主人密码仅可通过 config.toml 的 [auth] 段修改"}
{"time":"2026-09-02T09:34:49.6934791+08:00","level":"INFO","msg":"备份还原服务已启动","db":"./data/backup/backup.db","log":"./data/logs/backup.log"}
{"time":"2026-09-02T09:34:49.6990239+08:00","level":"INFO","msg":"定时任务调度器已启动","count":0}
{"time":"2026-09-02T09:34:49.6990239+08:00","level":"INFO","msg":"异步任务 Worker 已启动","size":4}
{"time":"2026-09-02T09:34:49.700028+08:00","level":"WARN","msg":"MQTT 连接失败（降级运行，仅支持本地设备）","broker":"tcp://localhost:1883","error":"连接 MQTT broker 失败: dial tcp :1883: connectex: No connection could be made because the target machine actively refused it."}
{"time":"2026-09-02T09:34:49.700028+08:00","level":"INFO","msg":"定时任务调度器已启动","count":0}
{"time":"2026-09-02T09:34:49.700028+08:00","level":"INFO","msg":"IoT 服务已启动"}
{"time":"2026-09-02T09:34:49.7011345+08:00","level":"INFO","msg":"WebDAV 已挂载","prefix":"/dav"}
{"time":"2026-09-02T09:34:49.7011345+08:00","level":"INFO","msg":"HTTP 服务启动","addr":":8080"}
{"time":"2026-09-02T09:35:19.6289797+08:00","level":"INFO","msg":"HTTP 访问","method":"GET","path":"/","status":304,"latency":"10.0889ms","ip":"::1","trace_id":"8027b5e6579aa7c3666157dd"}
{"time":"2026-09-02T09:35:19.6857223+08:00","level":"INFO","msg":"HTTP 访问","method":"GET","path":"/js/app.js","status":304,"latency":"34.0642ms","ip":"::1","trace_id":"9e5ce6511f52067be3c65e0f"}
{"time":"2026-09-02T09:35:19.7218444+08:00","level":"INFO","msg":"HTTP 访问","method":"GET","path":"/api/auth/me","status":200,"latency":"0s","ip":"::1","trace_id":"e27a47420ce01f64b06f629b"}
{"time":"2026-09-02T09:35:19.8015465+08:00","level":"INFO","msg":"HTTP 访问","method":"GET","path":"/api/admin/settings","status":200,"latency":"0s","ip":"::1","trace_id":"e74b097ee6551e6d1029e392"}
{"time":"2026-09-02T09:35:19.8291049+08:00","level":"INFO","msg":"HTTP 访问","method":"GET","path":"/favicon.ico","status":304,"latency":"508.4µs","ip":"::1","trace_id":"57061356d35b8bf9c41551fa"}
{"time":"2026-09-02T09:35:20.0372123+08:00","level":"INFO","msg":"HTTP 访问","method":"GET","path":"/api/system/status","status":200,"latency":"209.2994ms","ip":"::1","trace_id":"8e5713e827d022325f5fcaab"}
{"time":"2026-09-02T09:35:20.2454756+08:00","level":"INFO","msg":"HTTP 访问","method":"GET","path":"/api/system/status","status":200,"latency":"206.9417ms","ip":"::1","trace_id":"ca6c4007635743de5df4280b"}
{"time":"2026-09-02T09:35:21.8269902+08:00","level":"INFO","msg":"HTTP 访问","method":"GET","path":"/api/admin/settings","status":200,"latency":"0s","ip":"::1","trace_id":"5caafd00f46794aea9d7ecf4"}
{"time":"2026-09-02T09:35:21.8269902+08:00","level":"INFO","msg":"HTTP 访问","method":"GET","path":"/api/plugins","status":200,"latency":"0s","ip":"::1","trace_id":"f87e6215ecac7cdc0cd7af4a"}
{"time":"2026-09-02T09:35:21.8275092+08:00","level":"INFO","msg":"HTTP 访问","method":"GET","path":"/api/admin/users","status":200,"latency":"0s","ip":"::1","trace_id":"9cfe521371a17d8c0806b916"}
{"time":"2026-09-02T09:35:25.0352615+08:00","level":"INFO","msg":"HTTP 访问","method":"GET","path":"/api/system/status","status":200,"latency":"209.5805ms","ip":"::1","trace_id":"4aa4fc9a4c1260acd3568b6f"}
{"time":"2026-09-02T09:35:30.0324209+08:00","level":"INFO","msg":"HTTP 访问","method":"GET","path":"/api/system/status","status":200,"latency":"206.3876ms","ip":"::1","trace_id":"47033fccafef5fd3b170f7d0"}
{"time":"2026-09-02T09:35:35.0426202+08:00","level":"INFO","msg":"HTTP 访问","method":"GET","path":"/api/system/status","status":200,"latency":"208.8326ms","ip":"::1","trace_id":"c099f1a5a4d28c570ba779b9"}
{"time":"2026-09-02T09:35:39.0779038+08:00","level":"INFO","msg":"HTTP 访问","method":"GET","path":"/api/files","status":200,"latency":"63.7982ms","ip":"::1","trace_id":"4aa86508df2ef4e418672f48"}
{"time":"2026-09-02T09:35:40.0381304+08:00","level":"INFO","msg":"HTTP 访问","method":"GET","path":"/api/system/status","status":200,"latency":"210.6747ms","ip":"::1","trace_id":"7570878555b164854f3d3fe7"}
{"time":"2026-09-02T09:35:40.4382777+08:00","level":"INFO","msg":"HTTP 访问","method":"GET","path":"/api/backup/tasks","status":200,"latency":"0s","ip":"::1","trace_id":"8b548c482d8b95b0fcbdacd2"}
{"time":"2026-09-02T09:35:45.0461918+08:00","level":"INFO","msg":"HTTP 访问","method":"GET","path":"/api/system/status","status":200,"latency":"208.9617ms","ip":"::1","trace_id":"7dc046b3fc31d644911198db"}
{"time":"2026-09-02T09:35:46.136561+08:00","level":"INFO","msg":"HTTP 访问","method":"GET","path":"/api/storage/stats","status":200,"latency":"7.0530064s","ip":"::1","trace_id":"20757bdab6266c8c65f947b9"}
{"time":"2026-09-02T09:35:50.0366183+08:00","level":"INFO","msg":"HTTP 访问","method":"GET","path":"/api/system/status","status":200,"latency":"206.6084ms","ip":"::1","trace_id":"a2d7cf41eff9d9190299f872"}
{"time":"2026-09-02T09:35:55.4330241+08:00","level":"INFO","msg":"HTTP 访问","method":"GET","path":"/api/system/status","status":200,"latency":"209.3492ms","ip":"::1","trace_id":"934ce97f1abe6ce30b71db2b"}
{"time":"2026-09-02T09:35:58.2929972+08:00","level":"INFO","msg":"HTTP 访问","method":"GET","path":"/api/admin/settings","status":200,"latency":"0s","ip":"::1","trace_id":"302c1929cb40b76b4ad10da1"}
{"time":"2026-09-02T09:35:58.2929972+08:00","level":"INFO","msg":"HTTP 访问","method":"GET","path":"/api/admin/users","status":200,"latency":"0s","ip":"::1","trace_id":"dc3f1c588708925f2a910a56"}
{"time":"2026-09-02T09:35:58.2933817+08:00","level":"INFO","msg":"HTTP 访问","method":"GET","path":"/api/plugins","status":200,"latency":"0s","ip":"::1","trace_id":"ad801fce361463a3859c10f3"}
{"time":"2026-09-02T09:36:00.0405524+08:00","level":"INFO","msg":"HTTP 访问","method":"GET","path":"/api/system/status","status":200,"latency":"206.9495ms","ip":"::1","trace_id":"4f1ed271f2e0259b0f5b3c81"}
{"time":"2026-09-02T09:36:05.0442292+08:00","level":"INFO","msg":"HTTP 访问","method":"GET","path":"/api/system/status","status":200,"latency":"209.7985ms","ip":"::1","trace_id":"6a4a535476d93845ef62f46f"}
{"time":"2026-09-02T09:36:10.4290545+08:00","level":"INFO","msg":"HTTP 访问","method":"GET","path":"/api/system/status","status":200,"latency":"210.2598ms","ip":"::1","trace_id":"02be3eb4ae77357ef4d343ca"}
{"time":"2026-09-02T09:36:15.4313758+08:00","level":"INFO","msg":"HTTP 访问","method":"GET","path":"/api/system/status","status":200,"latency":"202.956ms","ip":"::1","trace_id":"1dc22148868704ab52710ad7"}
{"time":"2026-09-02T09:36:20.4330922+08:00","level":"INFO","msg":"HTTP 访问","method":"GET","path":"/api/system/status","status":200,"latency":"202.6664ms","ip":"::1","trace_id":"2572c334b0f0a053012f7c68"}
{"time":"2026-09-02T09:36:20.6369918+08:00","level":"INFO","msg":"HTTP 访问","method":"GET","path":"/api/system/status","status":200,"latency":"202.8831ms","ip":"::1","trace_id":"f792d1d764b8d952b78a6b1b"}
{"time":"2026-09-02T09:36:25.3673314+08:00","level":"INFO","msg":"收到退出信号，开始优雅关闭"}
{"time":"2026-09-02T09:36:25.3689787+08:00","level":"INFO","msg":"定时任务调度器已停止"}
{"time":"2026-09-02T09:36:25.3689787+08:00","level":"INFO","msg":"定时任务调度器已停止"}
{"time":"2026-09-02T09:36:25.3689787+08:00","level":"INFO","msg":"WebSocket Hub 已关闭"}
{"time":"2026-09-02T09:45:12.0010284+08:00","level":"WARN","msg":"默认主人账号已就绪","username":"admin","role":"master","id":0,"提示":"主人密码仅可通过 config.toml 的 [auth] 段修改"}
{"time":"2026-09-02T09:45:12.0020285+08:00","level":"INFO","msg":"备份还原服务已启动","db":"./data/backup/backup.db","log":"./data/logs/backup.log"}
{"time":"2026-09-02T09:45:12.0030285+08:00","level":"INFO","msg":"定时任务调度器已启动","count":0}
{"time":"2026-09-02T09:45:12.0030285+08:00","level":"INFO","msg":"异步任务 Worker 已启动","size":4}
{"time":"2026-09-02T09:45:12.0040286+08:00","level":"WARN","msg":"MQTT 连接失败（降级运行，仅支持本地设备）","broker":"tcp://localhost:1883","error":"连接 MQTT broker 失败: dial tcp :1883: connectex: No connection could be made because the target machine actively refused it."}
{"time":"2026-09-02T09:45:12.0040286+08:00","level":"INFO","msg":"定时任务调度器已启动","count":0}
{"time":"2026-09-02T09:45:12.0040286+08:00","level":"INFO","msg":"IoT 服务已启动"}
{"time":"2026-09-02T09:45:12.0050286+08:00","level":"INFO","msg":"WebDAV 已挂载","prefix":"/dav"}
{"time":"2026-09-02T09:45:12.0050286+08:00","level":"INFO","msg":"HTTP 服务启动","addr":":8080"}
{"time":"2026-09-02T09:45:29.7962802+08:00","level":"INFO","msg":"HTTP 访问","method":"GET","path":"/api/system/status","status":200,"latency":"204.0863ms","ip":"::1","trace_id":"cde84488b411c8ebe8889057"}
{"time":"2026-09-02T09:45:30.0012702+08:00","level":"INFO","msg":"HTTP 访问","method":"GET","path":"/api/system/status","status":200,"latency":"203.4899ms","ip":"::1","trace_id":"5e2666408347f997c11fa88b"}
{"time":"2026-09-02T09:45:30.7642398+08:00","level":"INFO","msg":"HTTP 访问","method":"GET","path":"/api/files","status":200,"latency":"37.8519ms","ip":"::1","trace_id":"274afe590493045d4f10f74a"}
{"time":"2026-09-02T09:45:30.805861+08:00","level":"INFO","msg":"HTTP 访问","method":"GET","path":"/api/storage/stats","status":200,"latency":"38.5877ms","ip":"::1","trace_id":"c678e75d7500321a7e7cb60a"}
{"time":"2026-09-02T09:45:31.0508467+08:00","level":"INFO","msg":"HTTP 访问","method":"GET","path":"/api/backup/tasks","status":200,"latency":"0s","ip":"::1","trace_id":"37210e1cdac49e13761fff95"}
{"time":"2026-09-02T09:45:32.325102+08:00","level":"INFO","msg":"HTTP 访问","method":"GET","path":"/","status":304,"latency":"503.4µs","ip":"::1","trace_id":"09164e8d85c0a29c223ed4b7"}
{"time":"2026-09-02T09:45:32.3651711+08:00","level":"INFO","msg":"HTTP 访问","method":"GET","path":"/api/auth/me","status":200,"latency":"0s","ip":"::1","trace_id":"892d159830aa44a700ddf25a"}
{"time":"2026-09-02T09:45:32.4400156+08:00","level":"INFO","msg":"HTTP 访问","method":"GET","path":"/api/admin/settings","status":200,"latency":"0s","ip":"::1","trace_id":"d4f3da7d9c85108f2201146c"}
{"time":"2026-09-02T09:45:32.663488+08:00","level":"INFO","msg":"HTTP 访问","method":"GET","path":"/api/system/status","status":200,"latency":"204.105ms","ip":"::1","trace_id":"0ef98ed63b6d5d86125947c8"}
{"time":"2026-09-02T09:45:32.8672398+08:00","level":"INFO","msg":"HTTP 访问","method":"GET","path":"/api/system/status","status":200,"latency":"203.2097ms","ip":"::1","trace_id":"ae820cafb1eddc058df960bd"}
{"time":"2026-09-02T09:45:33.9212066+08:00","level":"INFO","msg":"HTTP 访问","method":"GET","path":"/api/backup/tasks","status":200,"latency":"0s","ip":"::1","trace_id":"21b83e0db7e532d961fb8068"}
{"time":"2026-09-02T09:45:36.9058001+08:00","level":"INFO","msg":"HTTP 访问","method":"GET","path":"/api/backup/usb-devices","status":200,"latency":"0s","ip":"::1","trace_id":"9b4930fccd9e47ca16463514"}
{"time":"2026-09-02T09:45:37.6609377+08:00","level":"INFO","msg":"HTTP 访问","method":"GET","path":"/api/system/status","status":200,"latency":"203.3276ms","ip":"::1","trace_id":"9bf9a36c268429d769e22c6f"}
{"time":"2026-09-02T09:45:42.6665171+08:00","level":"INFO","msg":"HTTP 访问","method":"GET","path":"/api/system/status","status":200,"latency":"203.1003ms","ip":"::1","trace_id":"6cb61badda7fb81d5e8ecb66"}
{"time":"2026-09-02T09:45:47.6618776+08:00","level":"INFO","msg":"HTTP 访问","method":"GET","path":"/api/system/status","status":200,"latency":"203.0612ms","ip":"::1","trace_id":"51f7d7eb020d0873b8af9b9a"}
{"time":"2026-09-02T09:45:52.6611354+08:00","level":"INFO","msg":"HTTP 访问","method":"GET","path":"/api/system/status","status":200,"latency":"203.4373ms","ip":"::1","trace_id":"766230fc2c682daebda5c23b"}
{"time":"2026-09-02T09:45:57.6687167+08:00","level":"INFO","msg":"HTTP 访问","method":"GET","path":"/api/system/status","status":200,"latency":"205.2479ms","ip":"::1","trace_id":"9a27800bbccd67742bcf1994"}
{"time":"2026-09-02T09:46:02.6616677+08:00","level":"INFO","msg":"HTTP 访问","method":"GET","path":"/api/system/status","status":200,"latency":"204.3951ms","ip":"::1","trace_id":"59c3caeb5e543d6063bf6b3d"}
{"time":"2026-09-02T09:46:07.6684699+08:00","level":"INFO","msg":"HTTP 访问","method":"GET","path":"/api/system/status","status":200,"latency":"202.7815ms","ip":"::1","trace_id":"4ec2fe83f08c52c0a43a23e6"}
{"time":"2026-09-02T09:46:12.6610938+08:00","level":"INFO","msg":"HTTP 访问","method":"GET","path":"/api/system/status","status":200,"latency":"203.3463ms","ip":"::1","trace_id":"99783bdb0707c2a4bbefa2dd"}
{"time":"2026-09-02T09:46:17.6618156+08:00","level":"INFO","msg":"HTTP 访问","method":"GET","path":"/api/system/status","status":200,"latency":"204.4733ms","ip":"::1","trace_id":"42200980014d71834b509881"}
{"time":"2026-09-02T09:46:22.6652845+08:00","level":"INFO","msg":"HTTP 访问","method":"GET","path":"/api/system/status","status":200,"latency":"203.7754ms","ip":"::1","trace_id":"3a8dab482c2a0573479ffd4e"}
{"time":"2026-09-02T09:46:27.6692767+08:00","level":"INFO","msg":"HTTP 访问","method":"GET","path":"/api/system/status","status":200,"latency":"202.486ms","ip":"::1","trace_id":"3489c02685772f2d05c9f427"}
{"time":"2026-09-02T09:46:32.6630435+08:00","level":"INFO","msg":"HTTP 访问","method":"GET","path":"/api/system/status","status":200,"latency":"203.2682ms","ip":"::1","trace_id":"e114ef018bae2922f7e68bfa"}
{"time":"2026-09-02T09:46:32.867237+08:00","level":"INFO","msg":"HTTP 访问","method":"GET","path":"/api/system/status","status":200,"latency":"203.6419ms","ip":"::1","trace_id":"0edf55e69e86a02d022d7da9"}
{"time":"2026-09-02T09:46:37.6732213+08:00","level":"INFO","msg":"HTTP 访问","method":"GET","path":"/api/system/status","status":200,"latency":"203.139ms","ip":"::1","trace_id":"8c7bac877c83d4dbd501ba40"}
{"time":"2026-09-02T09:46:42.6655554+08:00","level":"INFO","msg":"HTTP 访问","method":"GET","path":"/api/system/status","status":200,"latency":"204.5895ms","ip":"::1","trace_id":"8fbb14904b6c2dda6c92d55f"}
{"time":"2026-09-02T09:46:47.671687+08:00","level":"INFO","msg":"HTTP 访问","method":"GET","path":"/api/system/status","status":200,"latency":"204.2928ms","ip":"::1","trace_id":"effaab50ab007a49485b6fa4"}
{"time":"2026-09-02T09:46:52.6607869+08:00","level":"INFO","msg":"HTTP 访问","method":"GET","path":"/api/system/status","status":200,"latency":"203.3842ms","ip":"::1","trace_id":"042b2b0619b09ae65d2b7caa"}
{"time":"2026-09-02T09:46:57.6733976+08:00","level":"INFO","msg":"HTTP 访问","method":"GET","path":"/api/system/status","status":200,"latency":"202.8875ms","ip":"::1","trace_id":"0a94dba2865d86aa8d9d2608"}
{"time":"2026-09-02T09:46:58.4037209+08:00","level":"INFO","msg":"HTTP 访问","method":"GET","path":"/api/admin/users","status":200,"latency":"0s","ip":"::1","trace_id":"5cb3118f79d2dc7d3f45c5c2"}
{"time":"2026-09-02T09:46:58.4037209+08:00","level":"INFO","msg":"HTTP 访问","method":"GET","path":"/api/admin/settings","status":200,"latency":"0s","ip":"::1","trace_id":"d83260523a9817d6fd6cc86e"}
{"time":"2026-09-02T09:46:58.4045104+08:00","level":"INFO","msg":"HTTP 访问","method":"GET","path":"/api/plugins","status":200,"latency":"0s","ip":"::1","trace_id":"da2978c115f07af02934d62d"}
{"time":"2026-09-02T09:47:02.659877+08:00","level":"INFO","msg":"HTTP 访问","method":"GET","path":"/api/system/status","status":200,"latency":"202.9303ms","ip":"::1","trace_id":"85b20ae126f76179b5370292"}
{"time":"2026-09-02T09:47:07.6691641+08:00","level":"INFO","msg":"HTTP 访问","method":"GET","path":"/api/system/status","status":200,"latency":"202.843ms","ip":"::1","trace_id":"65667dc42c3bfb1ed1d616f0"}
{"time":"2026-09-02T09:47:08.5787677+08:00","level":"INFO","msg":"收到退出信号，开始优雅关闭"}
{"time":"2026-09-02T09:47:08.5802753+08:00","level":"INFO","msg":"定时任务调度器已停止"}
{"time":"2026-09-02T09:47:08.5802753+08:00","level":"INFO","msg":"定时任务调度器已停止"}
{"time":"2026-09-02T09:47:08.5808062+08:00","level":"INFO","msg":"WebSocket Hub 已关闭"}
